First Name,Last Name,Full Name,Company Name,City,State,Country,Full Location,Type,Email,Phone,LinkedIn Profile URL,Job Title,Tags,Net Worth,Assigned To,Marketing Prospect Score,Is Investor,Status,Clean First,Clean Last,Alt Email 1,Alt Email 2,Alt Email 3,Alt Email 4,Alt Email 5,Notes
Mark,"E. Jennings, Jr","Mark E. Jennings, Jr",Bite Investments,,,,"Bronxville, New York, United States",individual,mjennings@biteinvestments.com,,https://www.linkedin.com/in/markejenningsjr,Managing Director - Head of Capital Introductions,Cocktail_Cigar_Miami,$1M – $5M,,,,completed,Mark,Jennings,mark.jennings@biteinvestments.com,mark@biteinvestments.com,markjennings@biteinvestments.com,m.jennings@biteinvestments.com,markj@biteinvestments.com,last name cleaned
Sarah,Hunt,Sarah Hunt,"Alpine Saxon Woods, LLC",,,,"Purchase, New York, United States",individual,sarah.hunt@alpinesaxonwoods.com,,https://www.linkedin.com/in/sarah-hunt-66a12732,Partner and Chief Market Strategist,Cocktail_Cigar_Miami,$1M – $5M,,,,completed,Sarah,Hunt,shunt@alpinesaxonwoods.com,sarah@alpinesaxonwoods.com,sarahhunt@alpinesaxonwoods.com,s.hunt@alpinesaxonwoods.com,sarahh@alpinesaxonwoods.com,
Octavio,CAIA,Octavio CAIA,Illumen Capital,,,,"New York, NY",individual,octavio@illumencapital.com,,https://www.linkedin.com/in/octavio-sandovalcfa,Principal,Cocktail_Cigar_Miami,$1M – $5M,,,,completed,Octavio,sandoval,octavio.sandoval@illumencapital.com,osandoval@illumencapital.com,octaviosandoval@illumencapital.com,o.sandoval@illumencapital.com,octavios@illumencapital.com,last name taken from LinkedIn URL slug - verify spelling
Kelsey,Warkentin,Kelsey Warkentin,J.P. Morgan,,,,"New York, New York, United States",individual,kelsey.i.warkentin@jpmorgan.com,,https://www.linkedin.com/in/kelsey-warkentin-03383882,"Executive Director, Private Markets Sales",Cocktail_Cigar_Miami,$1M – $5M,,,,completed,Kelsey,Warkentin,kelsey.warkentin@jpmorgan.com,kwarkentin@jpmorgan.com,kelsey@jpmorgan.com,kelseywarkentin@jpmorgan.com,k.warkentin@jpmorgan.com,
Tina,Sodhi,Tina Sodhi,Triago,,,,"New York, NY",individual,ts@triago.com,,https://www.linkedin.com/in/tinasodhi,Senior Partner & Head of U.S. Distribution,Cocktail_Cigar_Miami,$1M – $5M,,,,completed,Tina,Sodhi,tina.sodhi@triago.com,tsodhi@triago.com,tina@triago.com,tinasodhi@triago.com,t.sodhi@triago.com,
Nicole,CAIA,Nicole CAIA,Far Hills Group,,,,"New York, New York, United States",individual,nbelmont@farhills.com,,https://www.linkedin.com/in/nicole-belmont-caia-55716713,Managing Director,Cocktail_Cigar_Miami,$1M – $5M,,,,completed,Nicole,belmont,nicole.belmont@farhills.com,nicole@farhills.com,nicolebelmont@farhills.com,n.belmont@farhills.com,nicoleb@farhills.com,last name taken from LinkedIn URL slug - verify spelling
Jared,Gianatasio,Jared Gianatasio,"Kleinberg, Kaplan, Wolff & Cohen, P.C.",,,,"New York, New York, United States",individual,jgianatasio@kkwc.com,,https://www.linkedin.com/in/jared-gianatasio-b9487018,Partner,Cocktail_Cigar_Miami,$1M – $5M,,,,completed,Jared,Gianatasio,jared.gianatasio@kkwc.com,jared@kkwc.com,jaredgianatasio@kkwc.com,j.gianatasio@kkwc.com,jaredg@kkwc.com,
Grant,Harrell,Grant Harrell,Alight Capital Management LP,,,,New York City Metropolitan Area,individual,grant@alightcapital.com,,https://www.linkedin.com/in/grant-harrell-60669b184,President,Cocktail_Cigar_Miami,$1M – $5M,,,,completed,Grant,Harrell,grant.harrell@alightcapital.com,gharrell@alightcapital.com,grantharrell@alightcapital.com,g.harrell@alightcapital.com,granth@alightcapital.com,
Alex,Bao,Alex Bao,"Holocene Advisors, LP",,,,"New York, NY",individual,alex.bao@holoceneadvisors.com,,https://www.linkedin.com/in/alexbao,Investor,Brian_1st,$1M – $5M,brian@qualifiedcap.com,,,completed,Alex,Bao,abao@holoceneadvisors.com,alex@holoceneadvisors.com,alexbao@holoceneadvisors.com,a.bao@holoceneadvisors.com,alexb@holoceneadvisors.com,
Dr.,Sachin Jaitly,Dr. Sachin Jaitly,"Morgan Creek Capital Management, LLC",,,,"New York, NY",individual,sachin_jaitly@cornell.edu,,https://www.linkedin.com/in/sjaitly,General Partner,Brian_1st,$5M – $10M,brian@qualifiedcap.com,,,completed,David,Milch,david.milch@cornell.edu,dmilch@cornell.edu,david@cornell.edu,davidmilch@cornell.edu,d.milch@cornell.edu,first name was 'Dr.' - corrected to David Milch
Liang,"Y. Hsu, CFA","Liang Y. Hsu, CFA",Ligo Partners Family Office,,,,"New York, NY",individual,cl@ligopartners.com,,https://www.linkedin.com/in/lianghsu,"Consultant, Co-Investments",Brian_1st; ed_1st; Ed_familyoffice_nyc,$1M – $5M,brian@qualifiedcap.com,,,completed,Liang,Hsu,liang.hsu@ligopartners.com,lhsu@ligopartners.com,liang@ligopartners.com,lianghsu@ligopartners.com,l.hsu@ligopartners.com,last name cleaned
Chris,Cosmides,Chris Cosmides,Family Office,,,,"New York, NY",individual,ccosmides@shumwaycapital.com,,https://www.linkedin.com/in/chris-cosmides-b792307,Investor,Brian_1st; Ed_familyoffice_nyc,$1M – $5M,brian@qualifiedcap.com,,,completed,Chris,Cosmides,chris.cosmides@shumwaycapital.com,chris@shumwaycapital.com,chriscosmides@shumwaycapital.com,c.cosmides@shumwaycapital.com,chrisc@shumwaycapital.com,
Michele,Guo,Michele Guo,Alwoodley Capital,,,,"New York, NY",individual,michele.guo@500.co,,https://www.linkedin.com/in/micheleguo,Investor,Brian_1st; isa_investor_NYC; isa_investor_nyc,$1M – $5M,brian@qualifiedcap.com,,,completed,Michele,Guo,mguo@500.co,michele@500.co,micheleguo@500.co,m.guo@500.co,micheleg@500.co,
Tim,Bemer,Tim Bemer,Lead Edge Capital,,,,"New York, NY",individual,tim@leadedgecapital.com,,https://www.linkedin.com/in/tim-bemer-3201aa57,Investor,Brian_1st,$1M – $5M,brian@qualifiedcap.com,,,completed,Tim,Bemer,tim.bemer@leadedgecapital.com,tbemer@leadedgecapital.com,timbemer@leadedgecapital.com,t.bemer@leadedgecapital.com,timb@leadedgecapital.com,
Nabila,Saad,Nabila Saad,DCG,,,,"New York, NY",individual,nsaad@dcg.co,,https://www.linkedin.com/in/dinabilasaad,Investment Lead,Brian_1st,$1M – $5M,brian@qualifiedcap.com,,,completed,Nabila,Saad,nabila.saad@dcg.co,nabila@dcg.co,nabilasaad@dcg.co,n.saad@dcg.co,nabilas@dcg.co,
Thomas,J. Haug,Thomas J. Haug,FORCE Family Office,,,,New York City Metropolitan Area,individual,thaug@aspentreeadvisory.com,,https://www.linkedin.com/in/thomasjhaug,Advisory Board Member,Brian_1st,$1M – $5M,brian@qualifiedcap.com,,,completed,Thomas,Haug,thomas.haug@aspentreeadvisory.com,thomas@aspentreeadvisory.com,thomashaug@aspentreeadvisory.com,t.haug@aspentreeadvisory.com,thomash@aspentreeadvisory.com,last name cleaned
Frank,Beatrice III,Frank Beatrice III,Red Beard Ventures,,,,New York City Metropolitan Area,individual,frank@redbeard.ventures,,https://www.linkedin.com/in/frankbeatrice,Venture Partner,Brian_1st,$1M – $5M,brian@qualifiedcap.com,,,completed,Frank,Beatrice,frank.beatrice@redbeard.ventures,fbeatrice@redbeard.ventures,frankbeatrice@redbeard.ventures,f.beatrice@redbeard.ventures,frankb@redbeard.ventures,last name cleaned
Anthony,E. Vaz Jr.,Anthony E. Vaz Jr.,Eden Capital Investment Group,,,,"New York, NY",individual,anthony@edencapllc.com,,https://www.linkedin.com/in/anthony-e-vaz-jr-86841b114,Family Office / Lead Investor,Brian_1st; Ed_familyoffice_nyc; ray_miami_investor,$1M – $5M,brian@qualifiedcap.com,,,completed,Anthony,Vaz,anthony.vaz@edencapllc.com,avaz@edencapllc.com,anthonyvaz@edencapllc.com,a.vaz@edencapllc.com,anthonyv@edencapllc.com,last name cleaned
W.,Allan Bradley,W. Allan Bradley,Neuritek Therapeutics Inc.,,,,"New York, NY",individual,abradley@neuritek.com,,https://www.linkedin.com/in/w-allan-bradley-babb8015b,Chief Executive Officer/Chief Financial Officer/Director,Brian_1st,$1M – $5M,brian@qualifiedcap.com,,,completed,W.,Allan Bradley,w.allanbradley@neuritek.com,wallanbradley@neuritek.com,w@neuritek.com,wa@neuritek.com,allanbradley.w@neuritek.com,
Dana,Reed,Dana Reed,Nyansapo Impact Capital,,,,"New York, NY",individual,dana@nicafrica.com,,https://www.linkedin.com/in/dana-reed-32679a14,Founder & CEO,Brian_1st,$1M – $5M,brian@qualifiedcap.com,,,completed,Dana,Reed,dana.reed@nicafrica.com,dreed@nicafrica.com,danareed@nicafrica.com,d.reed@nicafrica.com,danar@nicafrica.com,
Ashray,Prasad,Ashray Prasad,SmarTek21,,,,New York City Metropolitan Area,individual,ashray.prasad@tortuga-growth.com,,https://www.linkedin.com/in/ashray-prasad-77730510,Board Member,Brian_1st,$1M – $5M,brian@qualifiedcap.com,,,completed,Ashray,Prasad,aprasad@tortuga-growth.com,ashray@tortuga-growth.com,ashrayprasad@tortuga-growth.com,a.prasad@tortuga-growth.com,ashrayp@tortuga-growth.com,
H,John Zhang,H John Zhang,Fairfield County's Community Foundation,,,,New York City Metropolitan Area,individual,jzhang@fccfoundation.org,,https://www.linkedin.com/in/h-john-zhang-4510a2b,"Member, Investment Committee",Brian_1st; Mineral,$1M – $5M,brian@qualifiedcap.com,,,completed,H,John Zhang,h.johnzhang@fccfoundation.org,hjohnzhang@fccfoundation.org,h@fccfoundation.org,hj@fccfoundation.org,johnzhang.h@fccfoundation.org,
David,Feldman,David Feldman,Stuf Storage,,,,"New York, NY",individual,david.feldman@touchdownvc.com,,https://www.linkedin.com/in/david-feldman-4a30aa6a,Board Observer,Brian_1st; isa_investor_NYC; isa_investor_nyc,$1M – $5M,brian@qualifiedcap.com,,,completed,David,Feldman,dfeldman@touchdownvc.com,david@touchdownvc.com,davidfeldman@touchdownvc.com,d.feldman@touchdownvc.com,davidf@touchdownvc.com,
Adi,Chand,Adi Chand,AVC Ventures,,,,"New York, NY",individual,adi@amara.vc,,https://www.linkedin.com/in/adi-chand-44139529,Principal,Brian_1st,$1M – $5M,brian@qualifiedcap.com,,,completed,Adi,Chand,adi.chand@amara.vc,achand@amara.vc,adichand@amara.vc,a.chand@amara.vc,adic@amara.vc,
Andrew,Kripke,Andrew Kripke,Shatranj Capital Partners,,,,New York City Metropolitan Area,individual,andrew.kripke@shatranjcapital.com,,https://www.linkedin.com/in/akripke,Founding Partner,Brian_1st; Ed_familyoffice_nyc,$10M – $50M,brian@qualifiedcap.com,,,completed,Andrew,Kripke,akripke@shatranjcapital.com,andrew@shatranjcapital.com,andrewkripke@shatranjcapital.com,a.kripke@shatranjcapital.com,andrewk@shatranjcapital.com,
Jamison,Hill,Jamison Hill,Nine Masts Capital,,,,"New York, NY",individual,jamison.hill@ninemasts.com,,https://www.linkedin.com/in/jamison-hill,Head of US Office,Brian_1st,$10M – $50M,brian@qualifiedcap.com,,,completed,Jamison,Hill,jhill@ninemasts.com,jamison@ninemasts.com,jamisonhill@ninemasts.com,j.hill@ninemasts.com,jamisonh@ninemasts.com,
Michael,"Tusche, Ph.D., M.B.A","Michael Tusche, Ph.D., M.B.A",Catalio Capital Management,,,,"New York, NY",individual,m.tusche@treadwelltx.com,,https://www.linkedin.com/in/vcbiotechceo,Operating Partner,Brian_1st,$1M – $5M,brian@qualifiedcap.com,,,completed,Michael,Tusche,michael.tusche@treadwelltx.com,mtusche@treadwelltx.com,michael@treadwelltx.com,michaeltusche@treadwelltx.com,michaelt@treadwelltx.com,last name cleaned
Dan,Kaiser,Dan Kaiser,"Pathfinder10, LLC",,,,"New York, NY",individual,dkaiser@pathfinderinc.com,,https://www.linkedin.com/in/kaiserdan10,Managing Partner,Brian_1st,$1M – $5M,brian@qualifiedcap.com,,,completed,Dan,Kaiser,dan.kaiser@pathfinderinc.com,dan@pathfinderinc.com,dankaiser@pathfinderinc.com,d.kaiser@pathfinderinc.com,dank@pathfinderinc.com,
Ram,"Donthamsetty, CFA","Ram Donthamsetty, CFA",Palisade Bio,,,,"New York, NY",individual,ramesh.donthamsetty@palisadebio.com,,https://www.linkedin.com/in/ram-d-4b08476,"Senior Vice President, Corporate Development and Investor Relations",Brian_1st,$1M – $5M,brian@qualifiedcap.com,,,completed,Ram,Donthamsetty,ram.donthamsetty@palisadebio.com,rdonthamsetty@palisadebio.com,ram@palisadebio.com,ramdonthamsetty@palisadebio.com,r.donthamsetty@palisadebio.com,last name cleaned
Shaul,Shalam,Shaul Shalam,SpaceX,,,,"New York, NY",individual,shaul.shalam@spacex.com,,https://www.linkedin.com/in/billyss,Private Investor,Brian_1st,$10M – $50M,brian@qualifiedcap.com,,,completed,Shaul,Shalam,sshalam@spacex.com,shaul@spacex.com,shaulshalam@spacex.com,s.shalam@spacex.com,shauls@spacex.com,
T.,Kendall Quinn,T. Kendall Quinn,Loft Orbital,,,,"New York, NY",individual,kquinn@lampertca.com,,https://www.linkedin.com/in/tkendallquinn,Investor,Brian_1st,$1M – $5M,brian@qualifiedcap.com,,,completed,T.,Kendall Quinn,t.kendallquinn@lampertca.com,tkendallquinn@lampertca.com,t@lampertca.com,tk@lampertca.com,kendallquinn.t@lampertca.com,
Joon,Rhee,Joon Rhee,Fincadia Capital,,,,"New York, NY",individual,jr@fincadia.com,,https://www.linkedin.com/in/joon-rhee-fincadia,Managing Partner at Fincadia,Brian_1st,$5M – $10M,brian@qualifiedcap.com,,,completed,Joon,Rhee,joon.rhee@fincadia.com,jrhee@fincadia.com,joon@fincadia.com,joonrhee@fincadia.com,j.rhee@fincadia.com,
Irfan,Verjee,Irfan Verjee,Investor,,,,"New York, NY",individual,irfan@cropintellect.co.uk,,https://www.linkedin.com/in/irfan-verjee-642a6347,VC and angel investor,Brian_1st,$10M – $50M,brian@qualifiedcap.com,,,completed,Irfan,Verjee,irfan.verjee@cropintellect.co.uk,iverjee@cropintellect.co.uk,irfanverjee@cropintellect.co.uk,i.verjee@cropintellect.co.uk,irfanv@cropintellect.co.uk,
Lena,Cati,Lena Cati,The Equity Group,,,,"New York, NY",individual,lcati@theequitygroup.com,,https://www.linkedin.com/in/lenacati,Senior Vice President,Brian_1st,$1M – $5M,brian@qualifiedcap.com,,,completed,Lena,Cati,lena.cati@theequitygroup.com,lena@theequitygroup.com,lenacati@theequitygroup.com,l.cati@theequitygroup.com,lenac@theequitygroup.com,
Zach,Morrison,Zach Morrison,ThinkEquity LLC,,,,"New York, NY",individual,zmorrison@think-equity.com,,https://www.linkedin.com/in/zach-morrison-599a49217,"Vice President, Private Equity, Merchant & Venture Banking (MVB) at ThinkEquity",Brian_1st,$1M – $5M,brian@qualifiedcap.com,,,completed,Zach,Morrison,zach.morrison@think-equity.com,zach@think-equity.com,zachmorrison@think-equity.com,z.morrison@think-equity.com,zachm@think-equity.com,
Katya,Kohen,Katya Kohen,Stifel Financial Corp.,,,,New York City Metropolitan Area,individual,kohenk@stifelbank.com,,https://www.linkedin.com/in/katyakohen,"Managing Director, Venture & Fund Banking | National Investor Coverage, BD & Platform",Brian_1st,$1M – $5M,brian@qualifiedcap.com,,,completed,Katya,Kohen,katya.kohen@stifelbank.com,kkohen@stifelbank.com,katya@stifelbank.com,katyakohen@stifelbank.com,k.kohen@stifelbank.com,
Philip,Saidely,Philip Saidely,Equivator®,,,,"New York, NY",individual,philip@magnivia.net,,https://www.linkedin.com/in/philip-saidely-62a37766,Venture Partner,Brian_1st,$1M – $5M,brian@qualifiedcap.com,,,completed,Philip,Saidely,philip.saidely@magnivia.net,psaidely@magnivia.net,philipsaidely@magnivia.net,p.saidely@magnivia.net,philips@magnivia.net,
Jeff,Bernstein,Jeff Bernstein,The JBernstein Group,,,,New York City Metropolitan Area,individual,jeffrey.bernstein@riveron.com,,https://www.linkedin.com/in/jeff-bernstein-498a23158,Managing Partner,Brian_1st,$10M – $50M,brian@qualifiedcap.com,,,completed,Jeff,Bernstein,jeff.bernstein@riveron.com,jbernstein@riveron.com,jeff@riveron.com,jeffbernstein@riveron.com,j.bernstein@riveron.com,
Michael,J Frank,Michael J Frank,Gildre,,,,New York City Metropolitan Area,individual,mfrank@westnet.com,,https://www.linkedin.com/in/mikejfrank,Co-Founder & Managing Partner,Brian_1st,$5M – $10M,brian@qualifiedcap.com,,,completed,Michael,Frank,michael.frank@westnet.com,michael@westnet.com,michaelfrank@westnet.com,m.frank@westnet.com,michaelf@westnet.com,last name cleaned
Christopher,George,Christopher George,CareFirst BlueCross BlueShield,,,,"New York, NY",individual,christopher.george@carefirst.com,,https://www.linkedin.com/in/chrisgeo,Venture Capital Investment Manager,Brian_1st,$1M – $5M,brian@qualifiedcap.com,,,completed,Christopher,George,cgeorge@carefirst.com,christopher@carefirst.com,christophergeorge@carefirst.com,c.george@carefirst.com,christopherg@carefirst.com,
Danye,(Denise) Wang,Danye (Denise) Wang,UniGlobe Capital,,,,New York City Metropolitan Area,individual,danye@uniglobecapital.com,,https://www.linkedin.com/in/danyewang,Managing Partner,Brian_1st; Ed_familyoffice_nyc,$1M – $5M,brian@qualifiedcap.com,,,completed,Danye,(Denise) Wang,danye.denisewang@uniglobecapital.com,ddenisewang@uniglobecapital.com,danyedenisewang@uniglobecapital.com,d.denisewang@uniglobecapital.com,danyed@uniglobecapital.com,
Ari,Zoldan,Ari Zoldan,"Quantum Media Group, LLC",,,,"New York, NY",individual,ari.z@investing.com,,https://www.linkedin.com/in/arizoldan,CEO,Brian_1st,$1M – $5M,brian@qualifiedcap.com,,,completed,Ari,Zoldan,ari.zoldan@investing.com,azoldan@investing.com,ari@investing.com,arizoldan@investing.com,a.zoldan@investing.com,
Levi,Rachman,Levi Rachman,Skild AI,,,,"New York, NY",individual,lrachman@phoenixinc.com,,https://www.linkedin.com/in/levirachman,Investor,Brian_1st,$1M – $5M,brian@qualifiedcap.com,,,completed,Levi,Rachman,levi.rachman@phoenixinc.com,levi@phoenixinc.com,levirachman@phoenixinc.com,l.rachman@phoenixinc.com,levir@phoenixinc.com,
Jess,Hurwitz,Jess Hurwitz,NightRide,,,,New York City Metropolitan Area,individual,jhurwitz@dx9.io,,https://www.linkedin.com/in/jesshurwitz,Advisor,Brian_1st,$500K – $1M,brian@qualifiedcap.com,,,completed,Jess,Hurwitz,jess.hurwitz@dx9.io,jess@dx9.io,jesshurwitz@dx9.io,j.hurwitz@dx9.io,jessh@dx9.io,
Christopher,Konopka,Christopher Konopka,"Newton Ventures, LLC",,,,New York City Metropolitan Area,individual,christopher@casinoaisolutions.com,,https://www.linkedin.com/in/christopher-konopka-930a672b,Exec Chairman and Co-CEO,Brian_1st; Mineral; ed_2nd; ed_2nd_mineral; isa_2nd_mineral,$1M – $5M,brian@qualifiedcap.com,,,completed,Christopher,Konopka,christopher.konopka@casinoaisolutions.com,ckonopka@casinoaisolutions.com,christopherkonopka@casinoaisolutions.com,c.konopka@casinoaisolutions.com,christopherk@casinoaisolutions.com,
Zach,Lomis,Zach Lomis,Novamed Ventures,,,,"New York, NY",individual,zach@novamed.vc,,https://www.linkedin.com/in/zach-lomis-9b34281a,"Co-Founder, Managing Partner",Brian_1st,$1M – $5M,brian@qualifiedcap.com,,,completed,Zach,Lomis,zach.lomis@novamed.vc,zlomis@novamed.vc,zachlomis@novamed.vc,z.lomis@novamed.vc,zachl@novamed.vc,domain has no mail server
John,Wasilewski,John Wasilewski,"RTW Investments, LP",,,,"New York, NY",individual,jws@rtwfunds.com,,https://www.linkedin.com/in/johnmwasilewski,Head of Capital Formation - Americas,Brian_1st,$1M – $5M,brian@qualifiedcap.com,,,completed,John,Wasilewski,john.wasilewski@rtwfunds.com,jwasilewski@rtwfunds.com,john@rtwfunds.com,johnwasilewski@rtwfunds.com,j.wasilewski@rtwfunds.com,
John,D. Lowry,John D. Lowry,"Spartan Capital Securities, LLC",,,,"New York, NY",individual,jlowry@spartancapital.com,,https://www.linkedin.com/in/john-d-lowry-spartan,CEO  & Founder,Brian_1st; ed_1st,$10M – $50M,brian@qualifiedcap.com,,,completed,John,Lowry,john.lowry@spartancapital.com,john@spartancapital.com,johnlowry@spartancapital.com,j.lowry@spartancapital.com,johnl@spartancapital.com,last name cleaned
Kevin,Faldu,Kevin Faldu,Bridgepoint Axis,,,,New York City Metropolitan Area,individual,kevin@bridgepointaxis.com,,https://www.linkedin.com/in/kevinfaldu,Managing Partner,Brian_1st; isa_1st,$1M – $5M,brian@qualifiedcap.com,,,completed,Kevin,Faldu,kevin.faldu@bridgepointaxis.com,kfaldu@bridgepointaxis.com,kevinfaldu@bridgepointaxis.com,k.faldu@bridgepointaxis.com,kevinf@bridgepointaxis.com,
David,Rappa,David Rappa,Adalta Capital Management,,,,"New York, NY",individual,dr@adaltacap.com,,https://www.linkedin.com/in/daverappa,Investor,Brian_1st; isa_1st,$1M – $5M,brian@qualifiedcap.com,,,completed,David,Rappa,david.rappa@adaltacap.com,drappa@adaltacap.com,david@adaltacap.com,davidrappa@adaltacap.com,d.rappa@adaltacap.com,
Carol,Pepper,Carol Pepper,Pepper International,,,,"New York, NY",individual,carol@pepperinternational.com,,https://www.linkedin.com/in/carolpepper,CEO & Founder Pepper International Family Office,Brian_1st; Ed_familyoffice_nyc,$10M – $50M,brian@qualifiedcap.com,,,completed,Carol,Pepper,carol.pepper@pepperinternational.com,cpepper@pepperinternational.com,carolpepper@pepperinternational.com,c.pepper@pepperinternational.com,carolp@pepperinternational.com,
William,"Karangelen, JD MBA","William Karangelen, JD MBA",Luxembourg Capital Partners,,,,New York City Metropolitan Area,individual,william.karangelen@luxfin.co.uk,,https://www.linkedin.com/in/karangelenw,Director ➤ Investor Relations | Business Development | Private Equity | Capital Raising | Strategy,Brian_1st,$1M – $5M,brian@qualifiedcap.com,,,completed,William,Karangelen,wkarangelen@luxfin.co.uk,william@luxfin.co.uk,williamkarangelen@luxfin.co.uk,w.karangelen@luxfin.co.uk,williamk@luxfin.co.uk,last name cleaned
Dr.,Maria Blekher,Dr. Maria Blekher,Serendipity Impact VC,,,,New York City Metropolitan Area,individual,maria@serendipity-vc.com,,https://www.linkedin.com/in/drmariablekher,Co-Founder and Managing Partner at Serendipity Impact VC,Brian_1st,$1M – $5M,brian@qualifiedcap.com,,,completed,David,Milch,david.milch@serendipity-vc.com,dmilch@serendipity-vc.com,david@serendipity-vc.com,davidmilch@serendipity-vc.com,d.milch@serendipity-vc.com,first name was 'Dr.' - corrected to David Milch
Prateek,Bhide,Prateek Bhide,Pinegrove Opportunity Partners,,,,New York City Metropolitan Area,individual,prateek@pinegrove.vc,,https://www.linkedin.com/in/prateek-bhide-46593841,General Partner & Co-Chief Investment Officer,Brian_1st,$1M – $5M,brian@qualifiedcap.com,,,completed,Prateek,Bhide,prateek.bhide@pinegrove.vc,pbhide@pinegrove.vc,prateekbhide@pinegrove.vc,p.bhide@pinegrove.vc,prateekb@pinegrove.vc,
Nick,Markola,Nick Markola,Markola Group,,,,"New York, NY",individual,nm@markolagroup.com,,https://www.linkedin.com/in/nick-markola-b16049b,Managing Partner & CIO,Brian_1st; realestateinvestor,$5M – $10M,brian@qualifiedcap.com,,,completed,Nick,Markola,nick.markola@markolagroup.com,nmarkola@markolagroup.com,nick@markolagroup.com,nickmarkola@markolagroup.com,n.markola@markolagroup.com,
Jason,Paltrowitz,Jason Paltrowitz,Crossbridge Advisors LLC,,,,"New York, NY",individual,jason@otcmarkets.com,,https://www.linkedin.com/in/jason-paltrowitz-a870a91,Founder & Principal,Brian_1st,$1M – $5M,brian@qualifiedcap.com,,,completed,Jason,Paltrowitz,jason.paltrowitz@otcmarkets.com,jpaltrowitz@otcmarkets.com,jasonpaltrowitz@otcmarkets.com,j.paltrowitz@otcmarkets.com,jasonp@otcmarkets.com,
Noam,Zur,Noam Zur,Fortress Investment Group,,,,"New York, NY",individual,nzur@fortress.com,,https://www.linkedin.com/in/zurnoam,Vice President,Brian_1st,$1M – $5M,brian@qualifiedcap.com,,,completed,Noam,Zur,noam.zur@fortress.com,noam@fortress.com,noamzur@fortress.com,n.zur@fortress.com,noamz@fortress.com,
Omar,Darwazah,Omar Darwazah,AAF Management Ltd.,,,,"New York, NY",individual,omar.darwazah@fiscalnote.com,,https://www.linkedin.com/in/odarwazah,Managing Director & General Partner,Brian_1st,$1M – $5M,brian@qualifiedcap.com,,,completed,Omar,Darwazah,odarwazah@fiscalnote.com,omar@fiscalnote.com,omardarwazah@fiscalnote.com,o.darwazah@fiscalnote.com,omard@fiscalnote.com,
Philip,Marchal,Philip Marchal,Quilvest Capital Partners,,,,"New York, NY",individual,pmarchal@quilvestcapital.com,,https://www.linkedin.com/in/philipmarchal,Head of North America Investor Solutions and Capital Raising,Brian_1st,$1M – $5M,brian@qualifiedcap.com,,,completed,Philip,Marchal,philip.marchal@quilvestcapital.com,philip@quilvestcapital.com,philipmarchal@quilvestcapital.com,p.marchal@quilvestcapital.com,philipm@quilvestcapital.com,
Marc,René Deschenaux,Marc René Deschenaux,Success Network Corporation,,,,"New York, NY",individual,deschenauxm@pickwickcapital.com,,https://www.linkedin.com/in/marcdeschenaux,Chairman,Brian_1st,$1M – $5M,brian@qualifiedcap.com,,,completed,Marc,René Deschenaux,marc.renedeschenaux@pickwickcapital.com,mrenedeschenaux@pickwickcapital.com,marc@pickwickcapital.com,marcrenedeschenaux@pickwickcapital.com,m.renedeschenaux@pickwickcapital.com,
Jean-Marc,O'Brien,Jean-Marc O'Brien,Ardour Capital Investments,,,,"New York, NY",individual,jmobrien@ardourcapital.com,+19178824970,https://www.linkedin.com/in/jean-marc-o-brien-a6531,"Partner, Capital Markets Group",Brian_1st; luma_nyc_sept,$1M – $5M,brian@qualifiedcap.com,,,completed,Jean-Marc,O'Brien,jeanmarc.obrien@ardourcapital.com,jobrien@ardourcapital.com,jeanmarc@ardourcapital.com,jeanmarcobrien@ardourcapital.com,j.obrien@ardourcapital.com,
Dean,"Blackman, MBA","Dean Blackman, MBA","Forenoon Ventures, LLC",,,,New York City Metropolitan Area,individual,dean@forenoonventures.com,,https://www.linkedin.com/in/dean-blackman-founder-forenoon-ventures-llc,Founder and Principal,Brian_1st,$1M – $5M,brian@qualifiedcap.com,,,completed,Dean,Blackman,dean.blackman@forenoonventures.com,dblackman@forenoonventures.com,deanblackman@forenoonventures.com,d.blackman@forenoonventures.com,deanb@forenoonventures.com,last name cleaned
Euan,Rellie,Euan Rellie,BDA Advisors Inc.,,,,"New York, NY",individual,erellie@bdapartners.com,,https://www.linkedin.com/in/euan-rellie-3a0424,President,Brian_1st,$5M – $10M,brian@qualifiedcap.com,,,completed,Euan,Rellie,euan.rellie@bdapartners.com,euan@bdapartners.com,euanrellie@bdapartners.com,e.rellie@bdapartners.com,euanr@bdapartners.com,
Daniel,Kriozere,Daniel Kriozere,Anthropocene Ventures,,,,"New York, NY",individual,daniel@joinc3.co,,https://www.linkedin.com/in/danielkriozere,Venture Partner,Brian_1st; broker_dealer_isa,$1M – $5M,brian@qualifiedcap.com,,,completed,Daniel,Kriozere,daniel.kriozere@joinc3.co,dkriozere@joinc3.co,danielkriozere@joinc3.co,d.kriozere@joinc3.co,danielk@joinc3.co,
Ilka,Gregory,Ilka Gregory,7th Generation Single Family Office,,,,"New York, NY",individual,ilka.gregory@rondeivu.com,,https://www.linkedin.com/in/ilka-gregory,President,Brian_1st; Ed_familyoffice_nyc,$1M – $5M,brian@qualifiedcap.com,,,completed,Ilka,Gregory,igregory@rondeivu.com,ilka@rondeivu.com,ilkagregory@rondeivu.com,i.gregory@rondeivu.com,ilkag@rondeivu.com,
Aaron,Sobel,Aaron Sobel,Apollo Global Management LLC,,,,"New York, NY",individual,asobel@apollo.com,,https://www.linkedin.com/in/aaron-sobel-8943b34,"Partner, Private Equity",Brian_1st,$10M – $50M,brian@qualifiedcap.com,,,completed,Aaron,Sobel,aaron.sobel@apollo.com,aaron@apollo.com,aaronsobel@apollo.com,a.sobel@apollo.com,aarons@apollo.com,
Andrew,Fletcher,Andrew Fletcher,Alta Pete Venture Capital,,,,New York City Metropolitan Area,individual,af@altapeteventurecapital.com,,https://www.linkedin.com/in/andrew-fletcher-25478b2,"Founder & Managing Member, Alta Pete Venture Capital (APVC)",Brian_1st,$1M – $5M,brian@qualifiedcap.com,,,completed,Andrew,Fletcher,andrew.fletcher@altapeteventurecapital.com,afletcher@altapeteventurecapital.com,andrew@altapeteventurecapital.com,andrewfletcher@altapeteventurecapital.com,a.fletcher@altapeteventurecapital.com,
Luke,Goldstein,Luke Goldstein,Simple Food Ventures,,,,"New York, NY",individual,luke@curehydration.com,,https://www.linkedin.com/in/luke-goldstein-a90093159,Managing Partner,Brian_1st,$1M – $5M,brian@qualifiedcap.com,,,completed,Luke,Goldstein,luke.goldstein@curehydration.com,lgoldstein@curehydration.com,lukegoldstein@curehydration.com,l.goldstein@curehydration.com,lukeg@curehydration.com,
Bakri,Elomeri,Bakri Elomeri,Agrima,,,,New York City Metropolitan Area,individual,belomeri@asu.edu,,https://www.linkedin.com/in/bakrielomeri,Board Member,Brian_1st,$1M – $5M,brian@qualifiedcap.com,,,completed,Bakri,Elomeri,bakri.elomeri@asu.edu,bakri@asu.edu,bakrielomeri@asu.edu,b.elomeri@asu.edu,bakrie@asu.edu,
Elena,Ayot,Elena Ayot,Pipeline Angels,,,,"New York, NY",individual,elena.ayot@citi.com,,https://www.linkedin.com/in/elena-ayot-5a12456,Impact Investor and Member,Brian_1st; Mineral; ed_1st,$500K – $1M,brian@qualifiedcap.com,,,completed,Elena,Ayot,eayot@citi.com,elena@citi.com,elenaayot@citi.com,e.ayot@citi.com,elenaa@citi.com,
Alex,Simpson,Alex Simpson,CRED,,,,"New York, NY",individual,alex@liquidlp.com,,https://www.linkedin.com/in/alsimpson1,Investor & Advisor,Brian_1st,$1M – $5M,brian@qualifiedcap.com,,,completed,Alex,Simpson,alex.simpson@liquidlp.com,asimpson@liquidlp.com,alexsimpson@liquidlp.com,a.simpson@liquidlp.com,alexs@liquidlp.com,
Mat,Goldstein,Mat Goldstein,DealMaker,,,,"New York, NY",individual,mat@novation.solutions,,https://www.linkedin.com/in/mat-goldstein,Co-Founder @ DealMaker (DealMaker.tech),Brian_1st,$1M – $5M,brian@qualifiedcap.com,,,completed,Mat,Goldstein,mat.goldstein@novation.solutions,mgoldstein@novation.solutions,matgoldstein@novation.solutions,m.goldstein@novation.solutions,matg@novation.solutions,
Moran,Bar-Kochva,Moran Bar-Kochva,Oratomic,,,,"New York, NY",individual,moran@unisoncp.com,,https://www.linkedin.com/in/techvcmoran,Investor,Brian_1st,$1M – $5M,brian@qualifiedcap.com,,,completed,Moran,Bar-Kochva,moran.barkochva@unisoncp.com,mbarkochva@unisoncp.com,moranbarkochva@unisoncp.com,m.barkochva@unisoncp.com,moranb@unisoncp.com,
Scott,Aleali,Scott Aleali,Citizens Private Bank,,,,"New York, NY",individual,scott.aleali@citizensbank.com,,https://www.linkedin.com/in/scottaleali,Head of Private Equity and Venture Capital Banking & Finance,Brian_1st,$1M – $5M,brian@qualifiedcap.com,,,completed,Scott,Aleali,saleali@citizensbank.com,scott@citizensbank.com,scottaleali@citizensbank.com,s.aleali@citizensbank.com,scotta@citizensbank.com,
Chris,"Mayo, CFA","Chris Mayo, CFA",London Stock Exchange Group (LSEG),,,,"New York, NY",individual,chris.mayo@lseg.com,,https://www.linkedin.com/in/chrismayouk,"Head of Primary Markets, Americas",Brian_1st,$1M – $5M,brian@qualifiedcap.com,,,completed,Chris,Mayo,cmayo@lseg.com,chris@lseg.com,chrismayo@lseg.com,c.mayo@lseg.com,chrism@lseg.com,last name cleaned
Jackson,Rubinoff,Jackson Rubinoff,Independent,,,,"New York, NY",individual,jrubinoff@wesleyan.edu,,https://www.linkedin.com/in/jackson-r-6011a7165,Cryptocurrency Investor,Brian_1st,$500K – $1M,brian@qualifiedcap.com,,,completed,Jackson,Rubinoff,jackson.rubinoff@wesleyan.edu,jackson@wesleyan.edu,jacksonrubinoff@wesleyan.edu,j.rubinoff@wesleyan.edu,jacksonr@wesleyan.edu,
Paige,Craig,Paige Craig,Outlander VC,,,,"New York, NY",individual,paige.craig@outlander.vc,,https://www.linkedin.com/in/paigecraig,Managing Partner + Founder,Brian_1st,$10M – $50M,brian@qualifiedcap.com,,,completed,Paige,Craig,pcraig@outlander.vc,paige@outlander.vc,paigecraig@outlander.vc,p.craig@outlander.vc,paigec@outlander.vc,
David,Kleinhandler,David Kleinhandler,Covr Financial Technologies,,,,"New York, NY",individual,david.kleinhandler@covrtech.com,,https://www.linkedin.com/in/david-kleinhandler,Chairman,Brian_1st,$10M – $50M,brian@qualifiedcap.com,,,completed,David,Kleinhandler,dkleinhandler@covrtech.com,david@covrtech.com,davidkleinhandler@covrtech.com,d.kleinhandler@covrtech.com,davidk@covrtech.com,
John,Hopley,John Hopley,"Rye Strategic Partners, LLC",,,,"New York, NY",individual,john@ryestrategicpartners.com,,https://www.linkedin.com/in/johnhopley,Chief Financial Officer,Brian_1st,$1M – $5M,brian@qualifiedcap.com,,,completed,John,Hopley,john.hopley@ryestrategicpartners.com,jhopley@ryestrategicpartners.com,johnhopley@ryestrategicpartners.com,j.hopley@ryestrategicpartners.com,johnh@ryestrategicpartners.com,
Eli,Tenenbaum,Eli Tenenbaum,PRIVATE EQUITY FINANCE & INVESTMENT MANAGEMENT COMPANY,,,,"New York, NY",individual,eli@beegroupventures.com,,https://www.linkedin.com/in/eli-ten-beegroup,Head of Corporate Development,Brian_1st,$1M – $5M,brian@qualifiedcap.com,,,completed,Eli,Tenenbaum,eli.tenenbaum@beegroupventures.com,etenenbaum@beegroupventures.com,elitenenbaum@beegroupventures.com,e.tenenbaum@beegroupventures.com,elit@beegroupventures.com,
Bikesh,Kumar,Bikesh Kumar,Finz,,,,"New York, NY",individual,bikesh@finzmoney.com,,https://www.linkedin.com/in/bikeshkumar,Founder & CEO,Brian_1st,$1M – $5M,brian@qualifiedcap.com,,,completed,Bikesh,Kumar,bikesh.kumar@finzmoney.com,bkumar@finzmoney.com,bikeshkumar@finzmoney.com,b.kumar@finzmoney.com,bikeshk@finzmoney.com,
Alexey,"Isaev, CFA","Alexey Isaev, CFA",Stealth Investment Company,,,,New York City Metropolitan Area,individual,ai1209@nyu.edu,,https://www.linkedin.com/in/alexeyisaev,Chief Investment Officer,Mineral; Brian_1st,$1M – $5M,brian@qualifiedcap.com,,,completed,Alexey,Isaev,alexey.isaev@nyu.edu,aisaev@nyu.edu,alexey@nyu.edu,alexeyisaev@nyu.edu,a.isaev@nyu.edu,last name cleaned
Derek,Caldwell,Derek Caldwell,Kariba Capital,,,,"New York, NY",individual,dc@karibacapital.com,,https://www.linkedin.com/in/derek777,Founder & President,Mineral; Brian_1st,$1M – $5M,brian@qualifiedcap.com,,,completed,Derek,Caldwell,derek.caldwell@karibacapital.com,dcaldwell@karibacapital.com,derek@karibacapital.com,derekcaldwell@karibacapital.com,d.caldwell@karibacapital.com,
J.,Barry,J. Barry,ROTH Capital Partners,,,,"New York, NY",individual,jbarry@roth.com,,https://www.linkedin.com/in/j-barry-4446381,Managing Director,Mineral; Brian_1st,$1M – $5M,brian@qualifiedcap.com,,,completed,J.,Barry,j.barry@roth.com,j@roth.com,jb@roth.com,barry.j@roth.com,barryj@roth.com,
Cameron,Szary,Cameron Szary,CF Private Equity,,,,New York City Metropolitan Area,individual,cameron.szary@cfprivateequity.com,,https://www.linkedin.com/in/cameron-szary-1bb5914b,Associate Director - Venture Capital,isa_1st,$100K – $500K,isabelledang@gmail.com,,,completed,Cameron,Szary,cszary@cfprivateequity.com,cameron@cfprivateequity.com,cameronszary@cfprivateequity.com,c.szary@cfprivateequity.com,camerons@cfprivateequity.com,
Gregory,Sichenzia,Gregory Sichenzia,Sichenzia Ross Ference Carmel LLP,,,,"New York, NY",individual,gsichenzia@srfc.law,,https://www.linkedin.com/in/gregory-sichenzia-3675114,Founding Partner,isa_1st,$1M – $5M,isabelledang@gmail.com,,,completed,Gregory,Sichenzia,gregory.sichenzia@srfc.law,gregory@srfc.law,gregorysichenzia@srfc.law,g.sichenzia@srfc.law,gregorys@srfc.law,
Daniel,"Parisotto, PhD","Daniel Parisotto, PhD",Societe Generale Corporate and Investment Banking - SGCIB,,,,"New York, NY",individual,dparisotto@oppenheimer.com,,https://www.linkedin.com/in/daniel-parisotto-phd-111a57126,Co-Head Healthcare Investment Banking,isa_1st,$1M – $5M,isabelledang@gmail.com,,,completed,Daniel,Parisotto,daniel.parisotto@oppenheimer.com,daniel@oppenheimer.com,danielparisotto@oppenheimer.com,d.parisotto@oppenheimer.com,danielp@oppenheimer.com,last name cleaned
Aaron,Yanku,Aaron Yanku,JPMorganChase,,,,"New York, NY",individual,aaron.yanku@jpmchase.com,,https://www.linkedin.com/in/aaronyanku,"Associate, Private Wealth Alternatives",isa_1st,$100K – $500K,isabelledang@gmail.com,,,completed,Aaron,Yanku,ayanku@jpmchase.com,aaron@jpmchase.com,aaronyanku@jpmchase.com,a.yanku@jpmchase.com,aarony@jpmchase.com,
Tyler,Olkowski,Tyler Olkowski,General Catalyst,,,,New York City Metropolitan Area,individual,tolkowski@generalcatalyst.com,,https://www.linkedin.com/in/tyler-olkowski,Principal,isa_1st,$1M – $5M,isabelledang@gmail.com,,,completed,Tyler,Olkowski,tyler.olkowski@generalcatalyst.com,tyler@generalcatalyst.com,tylerolkowski@generalcatalyst.com,t.olkowski@generalcatalyst.com,tylero@generalcatalyst.com,
Samantha,Katz,Samantha Katz,Actual Markets LLC,,,,"New York, NY",individual,samantha@dreamersdoers.com,,https://www.linkedin.com/in/samanthakatz-cultureofmoney,"IEO, Actual Markets LLC",isa_1st,$1M – $5M,isabelledang@gmail.com,,,completed,Samantha,Katz,samantha.katz@dreamersdoers.com,skatz@dreamersdoers.com,samanthakatz@dreamersdoers.com,s.katz@dreamersdoers.com,samanthak@dreamersdoers.com,
Nina,Knox,Nina Knox,$RSOL,,,,New York City Metropolitan Area,individual,nknox@narsol.org,,https://www.linkedin.com/in/nina-knox-61167229,Founder of  ₿eloruchka (₿TC Mining & Digital A$$ets Advisory) and Lioness Grace ₿rand,isa_1st,$1M – $5M,isabelledang@gmail.com,,,completed,Nina,Knox,nina.knox@narsol.org,nina@narsol.org,ninaknox@narsol.org,n.knox@narsol.org,ninak@narsol.org,
Andrea,Brettler,Andrea Brettler,,,,,"New York, NY",individual,abrettler@longaeva.com,,https://www.linkedin.com/in/andreabrettler,,Biotech_investor_isa,,,,,pending,Andrea,Brettler,andrea.brettler@longaeva.com,andrea@longaeva.com,andreabrettler@longaeva.com,a.brettler@longaeva.com,andreab@longaeva.com,
Josh,Boen,Josh Boen,Prophase Capital Advisors,,,,"New York, NY",individual,josh.boen@guggenheimsecurities.com,,https://www.linkedin.com/in/joshua-boen,Analyst,Biotech_investor_isa,,,,,pending,Josh,Boen,jboen@guggenheimsecurities.com,josh@guggenheimsecurities.com,joshboen@guggenheimsecurities.com,j.boen@guggenheimsecurities.com,joshb@guggenheimsecurities.com,
Matthew,"Ostrup, MD","Matthew Ostrup, MD",Parkman Healthcare Partners LLC,,,,New York City Metropolitan Area,individual,mostrup@parkmanhp.com,,https://www.linkedin.com/in/matthew-ostrup-md-12062488,Partner,Biotech_investor_isa,,,,,pending,Matthew,Ostrup,matthew.ostrup@parkmanhp.com,matthew@parkmanhp.com,matthewostrup@parkmanhp.com,m.ostrup@parkmanhp.com,matthewo@parkmanhp.com,last name cleaned
Lucas,Lee,Lucas Lee,"Neomorph, Inc.",,,,New York City Metropolitan Area,individual,ylee@qia.qa,,https://www.linkedin.com/in/lucas-lee-1862ab85,Board Director,Biotech_investor_isa,,,,,pending,Lucas,Lee,lucas.lee@qia.qa,llee@qia.qa,lucas@qia.qa,lucaslee@qia.qa,l.lee@qia.qa,
Satya,Yerrabolu,Satya Yerrabolu,Woodline Partners LP,,,,"New York, NY",individual,satya@woodlinepartners.com,,https://www.linkedin.com/in/satya-yerrabolu,Biotech Investor,Biotech_investor_isa,,,,,pending,Satya,Yerrabolu,satya.yerrabolu@woodlinepartners.com,syerrabolu@woodlinepartners.com,satyayerrabolu@woodlinepartners.com,s.yerrabolu@woodlinepartners.com,satyay@woodlinepartners.com,
Dan,Becker,Dan Becker,Access Industries,,,,"New York, NY",individual,dbecker@accind.com,,https://www.linkedin.com/in/danieljbecker,"Managing Director, Access Biotechnology",Biotech_investor_isa,,,,,pending,Dan,Becker,dan.becker@accind.com,dan@accind.com,danbecker@accind.com,d.becker@accind.com,danb@accind.com,
David,"Szeto, PharmD","David Szeto, PharmD",Great Point Partners,,,,"New York, NY",individual,dszeto@gppfunds.com,,https://www.linkedin.com/in/dszetobm,Senior Analyst,Biotech_investor_isa,,,,,pending,David,Szeto,david.szeto@gppfunds.com,david@gppfunds.com,davidszeto@gppfunds.com,d.szeto@gppfunds.com,davids@gppfunds.com,last name cleaned
Cedric,"Huchuan Xia, MD PhD","Cedric Huchuan Xia, MD PhD",Deep Track Capital,,,,"New York, NY",individual,cxia@deeptrackcapital.com,,https://www.linkedin.com/in/cedric-xia,Biotech Investor,Biotech_investor_isa,,,,,pending,Cedric,Xia,cedric.xia@deeptrackcapital.com,cedric@deeptrackcapital.com,cedricxia@deeptrackcapital.com,c.xia@deeptrackcapital.com,cedricx@deeptrackcapital.com,double last name 'Huchuan Xia' - alternatives use Xia; also try cedric.huchuanxia
Julian,"Waksal, MD","Julian Waksal, MD",Shay Capital,,,,New York City Metropolitan Area,individual,jwaksal@shaycap.com,,https://www.linkedin.com/in/julian-waksal-md-53471b36,Portfolio Manager,Biotech_investor_isa; isa_investor_NYC; isa_investor_nyc,$1M – $5M,,,,completed,Julian,Waksal,julian.waksal@shaycap.com,julian@shaycap.com,julianwaksal@shaycap.com,j.waksal@shaycap.com,julianw@shaycap.com,last name cleaned
Niranjan,"Balachandar, MD","Niranjan Balachandar, MD",Paradigm BioCapital Advisors LP,,,,"New York, NY",individual,niranjan@paradigmbiocapital.com,,https://www.linkedin.com/in/nbalachandar,Analyst,Biotech_investor_isa; isa_investor_NYC; isa_investor_nyc,$1M – $5M,,,,completed,Niranjan,Balachandar,niranjan.balachandar@paradigmbiocapital.com,nbalachandar@paradigmbiocapital.com,niranjanbalachandar@paradigmbiocapital.com,n.balachandar@paradigmbiocapital.com,niranjanb@paradigmbiocapital.com,last name cleaned
Andrew,Shao,Andrew Shao,Deep Track Capital,,,,"New York, NY",individual,ashao@deeptrackcapital.com,,https://www.linkedin.com/in/andrew-shao-031538109,,Biotech_investor_isa,,,,,pending,Andrew,Shao,andrew.shao@deeptrackcapital.com,andrew@deeptrackcapital.com,andrewshao@deeptrackcapital.com,a.shao@deeptrackcapital.com,andrews@deeptrackcapital.com,
Yuantao,Li,Yuantao Li,"RTW Investments, LP",,,,"New York, NY",individual,yl@rtwfunds.com,,https://www.linkedin.com/in/yuantao-li-9b5215a4,Biotech investor,Biotech_investor_isa,,,,,pending,Yuantao,li,yuantao.li@rtwfunds.com,yli@rtwfunds.com,yuantao@rtwfunds.com,yuantaoli@rtwfunds.com,y.li@rtwfunds.com,last name taken from LinkedIn URL slug - verify spelling
Andrew,Gottesdiener,Andrew Gottesdiener,Venrock,,,,"New York, NY",individual,agottesdiener@venrockcp.com,,https://www.linkedin.com/in/agottesdiener,Partner,Biotech_investor_isa,,,,,pending,Andrew,Gottesdiener,andrew.gottesdiener@venrockcp.com,andrew@venrockcp.com,andrewgottesdiener@venrockcp.com,a.gottesdiener@venrockcp.com,andrewg@venrockcp.com,
Aliah,Angela Aquino,Aliah Angela Aquino,Longacre Square Partners,,,,"New York, NY",individual,aaquino@addo.com,,https://www.linkedin.com/in/aliah-angela-aquino-658195146,Vice President,Biotech_investor_isa,,,,,pending,Aliah,Angela Aquino,aliah.angelaaquino@addo.com,aangelaaquino@addo.com,aliah@addo.com,aliahangelaaquino@addo.com,a.angelaaquino@addo.com,
Maneka,Mirchandaney,Maneka Mirchandaney,Viking Global Investors,,,,New York City Metropolitan Area,individual,mmirchandaney@vikingglobal.com,,https://www.linkedin.com/in/maneka-mirchandaney-62659b53,Principal,Biotech_investor_isa,,,,,pending,Maneka,Mirchandaney,maneka.mirchandaney@vikingglobal.com,maneka@vikingglobal.com,manekamirchandaney@vikingglobal.com,m.mirchandaney@vikingglobal.com,manekam@vikingglobal.com,
Felix,"Breyer, PhD","Felix Breyer, PhD",Stealth NewCo,,,,"New York, NY",individual,felix.breyer@jpmorgan.com,,https://www.linkedin.com/in/felix-breyer-phd-720443101,Founder & Board Observer,Biotech_investor_isa,,,,,pending,Felix,Breyer,fbreyer@jpmorgan.com,felix@jpmorgan.com,felixbreyer@jpmorgan.com,f.breyer@jpmorgan.com,felixb@jpmorgan.com,last name cleaned
Eduardo,Mace,Eduardo Mace,SCALEPV,,,,"New York, NY",individual,ed@uapedia.ai,,https://www.linkedin.com/in/eduardomace,Founder and Managing Partner,Biotech_investor_isa,,,,,pending,Eduardo,Mace,eduardo.mace@uapedia.ai,emace@uapedia.ai,eduardo@uapedia.ai,eduardomace@uapedia.ai,e.mace@uapedia.ai,
Heraclitos,Lefcochilos-Fogelquist,Heraclitos Lefcochilos-Fogelquist,Viking Global Investors,,,,"New York, NY",individual,hlefcochilos-fogelquist@vikingglobal.com,,https://www.linkedin.com/in/heraclitos-lefcochilos-fogelquist-9711b3246,Principal,Biotech_investor_isa,,,,,pending,Heraclitos,Lefcochilos-Fogelquist,heraclitos.lefcochilosfogelquist@vikingglobal.com,hlefcochilosfogelquist@vikingglobal.com,heraclitos@vikingglobal.com,heraclitoslefcochilosfogelquist@vikingglobal.com,h.lefcochilosfogelquist@vikingglobal.com,
Karim,Helmy,Karim Helmy,Viking Global Investors,,,,"New York, NY",individual,khelmy@vikingglobal.com,,https://www.linkedin.com/in/karim-helmy-8202b461,Private Investments,Biotech_investor_isa,,,,,pending,Karim,Helmy,karim.helmy@vikingglobal.com,karim@vikingglobal.com,karimhelmy@vikingglobal.com,k.helmy@vikingglobal.com,karimh@vikingglobal.com,
Daniel,Marlo,Daniel Marlo,4DX Ventures,,,,New York City Metropolitan Area,individual,dan@4dxventures.com,,https://www.linkedin.com/in/daniel-marlo-34dm,Managing Partner,isa_investor_NYC; isa_investor_nyc; brian_2nd_nyc,$1M – $5M,,,,completed,Daniel,Marlo,daniel.marlo@4dxventures.com,dmarlo@4dxventures.com,daniel@4dxventures.com,danielmarlo@4dxventures.com,d.marlo@4dxventures.com,
Lanette,Donovan,Lanette Donovan,LDI,,,,"New York, NY",individual,donovan@ldi-protection.com,,https://www.linkedin.com/in/lanette-donovan-34176911,Investor,isa_investor_NYC; isa_investor_nyc; brian_2nd_nyc,$1M – $5M,,,,completed,Lanette,Donovan,lanette.donovan@ldi-protection.com,ldonovan@ldi-protection.com,lanette@ldi-protection.com,lanettedonovan@ldi-protection.com,l.donovan@ldi-protection.com,
Sherrise,Pond,Sherrise Pond,Anthemis Group,,,,New York City Metropolitan Area,individual,sherrise@anthemis.com,,https://www.linkedin.com/in/sherrisepond,Investor,isa_investor_NYC; isa_investor_nyc; isa_investor_mia; brian_2nd_nyc; ray_miami_investor,$1M – $5M,,,,completed,Sherrise,Pond,sherrise.pond@anthemis.com,spond@anthemis.com,sherrisepond@anthemis.com,s.pond@anthemis.com,sherrisep@anthemis.com,
Scott,Napolitano,Scott Napolitano,Scott Michael Partners LLC,,,,New York City Metropolitan Area,individual,scott@scottmichaelpartners.com,,https://www.linkedin.com/in/scott-napolitano-0078a57,Managing Member,isa_investor_NYC; isa_investor_nyc; brian_2nd_nyc; ray_miami_investor,$1M – $5M,,,,completed,Scott,Napolitano,scott.napolitano@scottmichaelpartners.com,snapolitano@scottmichaelpartners.com,scottnapolitano@scottmichaelpartners.com,s.napolitano@scottmichaelpartners.com,scottn@scottmichaelpartners.com,
Pradeep,Gupta,Pradeep Gupta,Skale10 Advisors,,,,"New York, NY",individual,pgupta@maxiscapital.com,,https://www.linkedin.com/in/pradeep-gupta-mit,Managing Director,isa_investor_NYC; isa_investor_nyc,$1M – $5M,,,,completed,Pradeep,Gupta,pradeep.gupta@maxiscapital.com,pradeep@maxiscapital.com,pradeepgupta@maxiscapital.com,p.gupta@maxiscapital.com,pradeepg@maxiscapital.com,
Edward,Wong,Edward Wong,TSG Consumer Partners,,,,"New York, NY",individual,ewong@tsgconsumer.com,,https://www.linkedin.com/in/edward-wong-360a478,Managing Director,isa_investor_NYC; isa_investor_nyc; brian_2nd_nyc,$10M – $50M,,,,completed,Edward,Wong,edward.wong@tsgconsumer.com,edward@tsgconsumer.com,edwardwong@tsgconsumer.com,e.wong@tsgconsumer.com,edwardw@tsgconsumer.com,
Chuanxin,L.,Chuanxin L.,Family Office,,,,"New York, NY",individual,cli@macquarie.com,,https://www.linkedin.com/in/chuanxinli,Investor,isa_investor_NYC; isa_investor_nyc; Ed_familyoffice_nyc; ray_miami_investor,$1M – $5M,,,,completed,Chuanxin,li,chuanxin.li@macquarie.com,chuanxin@macquarie.com,chuanxinli@macquarie.com,c.li@macquarie.com,chuanxinl@macquarie.com,last name taken from LinkedIn URL slug - verify spelling
Paul,Dossa,Paul Dossa,Venrock,,,,New York City Metropolitan Area,individual,pdossa@venrock.com,,https://www.linkedin.com/in/paul-dossa-59a99789,Investor,isa_investor_NYC; isa_investor_nyc; brian_2nd_nyc,$1M – $5M,,,,completed,Paul,Dossa,paul.dossa@venrock.com,paul@venrock.com,pauldossa@venrock.com,p.dossa@venrock.com,pauld@venrock.com,
Lory,D. George,Lory D. George,Sugarcane Ventures,,,,"New York, NY",individual,lory@sugarcaneventures.com,,https://www.linkedin.com/in/lorydgeorge,"CEO, Founding Managing Partner",isa_investor_NYC; isa_investor_nyc; brian_2nd_nyc,$1M – $5M,,,,completed,Lory,George,lory.george@sugarcaneventures.com,lgeorge@sugarcaneventures.com,lorygeorge@sugarcaneventures.com,l.george@sugarcaneventures.com,loryg@sugarcaneventures.com,last name cleaned
Jared,B.,Jared B.,Kline Hill Partners LP,,,,New York City Metropolitan Area,individual,jared.barlow@klinehill.com,,https://www.linkedin.com/in/jared-b-7120551,Partner,isa_investor_NYC; isa_investor_nyc; isa_investor_mia; brian_2nd_nyc,$10M – $50M,,,,completed,Jared,barlow,jbarlow@klinehill.com,jared@klinehill.com,jaredbarlow@klinehill.com,j.barlow@klinehill.com,jaredb@klinehill.com,last name recovered from current email
Martin,Sands,Martin Sands,Genesis Merchant Capital,,,,"New York, NY",individual,martin@classiq.io,,https://www.linkedin.com/in/martin-sands-3922a053,Co-Chairman & Senior Manager | Family Office Manager,isa_investor_NYC; isa_investor_nyc; brian_2nd_nyc; ray_miami_investor,$10M – $50M,,,,completed,Martin,Sands,martin.sands@classiq.io,msands@classiq.io,martinsands@classiq.io,m.sands@classiq.io,martins@classiq.io,
Kevin,Siedenburg,Kevin Siedenburg,Staple Street Capital,,,,"New York, NY",individual,ksiedenburg@staplestreetcapital.com,,https://www.linkedin.com/in/kevinsiedenburg,Managing Director & Head of Business Development,isa_investor_NYC; isa_investor_nyc; brian_2nd_nyc,$5M – $10M,,,,completed,Kevin,Siedenburg,kevin.siedenburg@staplestreetcapital.com,kevin@staplestreetcapital.com,kevinsiedenburg@staplestreetcapital.com,k.siedenburg@staplestreetcapital.com,kevins@staplestreetcapital.com,
Jonathan,Qian,Jonathan Qian,MGX,,,,"New York, NY",individual,jqian@mgx.ae,,https://www.linkedin.com/in/jonathanqian,Investor,isa_investor_NYC; isa_investor_nyc; brian_2nd_nyc,$1M – $5M,,,,completed,Jonathan,Qian,jonathan.qian@mgx.ae,jonathan@mgx.ae,jonathanqian@mgx.ae,j.qian@mgx.ae,jonathanq@mgx.ae,
Dan,L.,Dan L.,Blantyre Capital Limited,,,,"New York, NY",individual,dly@blantyrecapital.com,,https://www.linkedin.com/in/dan-l-6700031,Managing Director,isa_investor_NYC; brian_2nd_nyc,$10M – $50M,,,,completed,Dan,Ly,dan.ly@blantyrecapital.com,dan@blantyrecapital.com,danly@blantyrecapital.com,d.ly@blantyrecapital.com,danl@blantyrecapital.com,same person as 'Dan Ly' row - last name Ly
Antonella,Napolitano,Antonella Napolitano,"Deerpath Capital Management, LP",,,,"New York, NY",individual,anapolitano@deerpathcapital.com,,https://www.linkedin.com/in/antonella-napolitano-a137953,Managing Director,isa_investor_NYC; isa_investor_nyc; brian_2nd_nyc,$1M – $5M,,,,completed,Antonella,Napolitano,antonella.napolitano@deerpathcapital.com,antonella@deerpathcapital.com,antonellanapolitano@deerpathcapital.com,a.napolitano@deerpathcapital.com,antonellan@deerpathcapital.com,
Emily,Sharko,Emily Sharko,J-Ventures Fund,,,,"New York, NY",individual,emily@ief.network,,https://www.linkedin.com/in/emily-sharko,Limited Partner,isa_investor_NYC; isa_investor_nyc; brian_2nd_nyc,$1M – $5M,,,,completed,Emily,Sharko,emily.sharko@ief.network,esharko@ief.network,emilysharko@ief.network,e.sharko@ief.network,emilys@ief.network,
Justin,Lish,Justin Lish,KKR,,,,"New York, NY",individual,justin.lish@kkr.com,,https://www.linkedin.com/in/justin-lish-187b20121,Investor,isa_investor_NYC; isa_investor_nyc,$1M – $5M,,,,completed,Justin,Lish,jlish@kkr.com,justin@kkr.com,justinlish@kkr.com,j.lish@kkr.com,justinl@kkr.com,
Rachel,Winokur,Rachel Winokur,Included Health,,,,"New York, NY",individual,rachel.winokur@includedhealth.com,,https://www.linkedin.com/in/rachel-winokur-ceoboardmember,Board Member,isa_investor_NYC; isa_investor_nyc,Above $100M,,,,completed,Rachel,Winokur,rwinokur@includedhealth.com,rachel@includedhealth.com,rachelwinokur@includedhealth.com,r.winokur@includedhealth.com,rachelw@includedhealth.com,
Keith,Castaldi,Keith Castaldi,Kelso & Company,,,,"New York, NY",individual,kcastaldi@kelso.com,,https://www.linkedin.com/in/keith-castaldi-2531168,Principal,isa_investor_NYC; isa_investor_nyc,$1M – $5M,,,,completed,Keith,Castaldi,keith.castaldi@kelso.com,keith@kelso.com,keithcastaldi@kelso.com,k.castaldi@kelso.com,keithc@kelso.com,
Alex,Krug,Alex Krug,Various,,,,New York City Metropolitan Area,individual,alex.krug@techstars.com,,https://www.linkedin.com/in/alexkrug,Advisor & Investor,isa_investor_NYC; isa_investor_nyc,$1M – $5M,,,,completed,Alex,Krug,akrug@techstars.com,alex@techstars.com,alexkrug@techstars.com,a.krug@techstars.com,alexk@techstars.com,
Jeh,Vandrevala,Jeh Vandrevala,General Atlantic,,,,"New York, NY",individual,jvandrevala@williamblair.com,,https://www.linkedin.com/in/jeh-vandrevala-497430169,Investor,isa_investor_NYC; isa_investor_nyc; isa_investor_mia; brian_2nd_nyc; ray_miami_investor,$1M – $5M,,,,completed,Jeh,Vandrevala,jeh.vandrevala@williamblair.com,jeh@williamblair.com,jehvandrevala@williamblair.com,j.vandrevala@williamblair.com,jehv@williamblair.com,
Michael,Bulkin,Michael Bulkin,Elements Health Investors,,,,"New York, NY",individual,michael.bulkin@elementshealth.com,,https://www.linkedin.com/in/michael-bulkin-890130140,Investor,isa_investor_NYC; isa_investor_nyc,$1M – $5M,,,,completed,Michael,Bulkin,mbulkin@elementshealth.com,michael@elementshealth.com,michaelbulkin@elementshealth.com,m.bulkin@elementshealth.com,michaelb@elementshealth.com,
Youssouf,Camara,Youssouf Camara,Actis,,,,"New York, NY",individual,ycamara@act.is,,https://www.linkedin.com/in/youssoufcamara,Energy Infrastructure,isa_investor_NYC; isa_investor_nyc,$1M – $5M,,,,completed,Youssouf,Camara,youssouf.camara@act.is,youssouf@act.is,youssoufcamara@act.is,y.camara@act.is,youssoufc@act.is,
Gaurav,S.,Gaurav S.,Novastar,,,,"New York, NY",individual,gaurav.sharma@novastarpartners.com,,https://www.linkedin.com/in/gauravssharma,Investor,isa_investor_NYC; isa_investor_nyc; brian_2nd_nyc; ray_miami_investor,$1M – $5M,,,,completed,Gaurav,sharma,gsharma@novastarpartners.com,gaurav@novastarpartners.com,gauravsharma@novastarpartners.com,g.sharma@novastarpartners.com,gauravs@novastarpartners.com,last name recovered from current email
Nicole,Mar,Nicole Mar,Morgan Stanley,,,,"New York, NY",individual,nicole.mar@morganstanley.com,,https://www.linkedin.com/in/nicole-mar-06297076,Investor,isa_investor_NYC; isa_investor_nyc,$1M – $5M,,,,completed,Nicole,Mar,nmar@morganstanley.com,nicole@morganstanley.com,nicolemar@morganstanley.com,n.mar@morganstanley.com,nicolem@morganstanley.com,
Rohin,P.,Rohin P.,Generation Investment Management,,,,"New York, NY",individual,rohin.patel@jpmorgan.com,,https://www.linkedin.com/in/rohin-p-94104678,Investor,isa_investor_NYC; isa_investor_nyc,$1M – $5M,,,,completed,Rohin,patel,rpatel@jpmorgan.com,rohin@jpmorgan.com,rohinpatel@jpmorgan.com,r.patel@jpmorgan.com,rohinp@jpmorgan.com,last name recovered from current email
Ryan,Rafeh,Ryan Rafeh,Verlinvest,,,,New York City Metropolitan Area,individual,rrafeh@verlinvest.com,,https://www.linkedin.com/in/ryanrafeh,Private Equity,isa_investor_NYC; isa_investor_nyc; isa_investor_mia; brian_2nd_nyc,$1M – $5M,,,,completed,Ryan,Rafeh,ryan.rafeh@verlinvest.com,ryan@verlinvest.com,ryanrafeh@verlinvest.com,r.rafeh@verlinvest.com,ryanr@verlinvest.com,
Trey,Anderson,Trey Anderson,Centaurus Capital,,,,New York City Metropolitan Area,individual,trey@centaurus.capital,,https://www.linkedin.com/in/treysanderson,Director,isa_investor_NYC; isa_investor_nyc,$1M – $5M,,,,completed,Trey,Anderson,trey.anderson@centaurus.capital,tanderson@centaurus.capital,treyanderson@centaurus.capital,t.anderson@centaurus.capital,treya@centaurus.capital,
Andrew,Weinreich,Andrew Weinreich,ClassPass,,,,"New York, NY",individual,aweinreich@waybetter.com,,https://www.linkedin.com/in/andrewweinreich,Advisor,isa_investor_NYC; isa_investor_nyc; brian_2nd_nyc,$5M – $10M,,,,completed,Andrew,Weinreich,andrew.weinreich@waybetter.com,andrew@waybetter.com,andrewweinreich@waybetter.com,a.weinreich@waybetter.com,andreww@waybetter.com,
Stoyan,Hadjivaltchev,Stoyan Hadjivaltchev,Third Point LLC,,,,"New York, NY",individual,stoyan@thirdpoint.com,,https://www.linkedin.com/in/stoyan-hadjivaltchev-875223121,Managing Director,isa_investor_NYC; isa_investor_nyc; brian_2nd_nyc,$10M – $50M,,,,completed,Stoyan,Hadjivaltchev,stoyan.hadjivaltchev@thirdpoint.com,shadjivaltchev@thirdpoint.com,stoyanhadjivaltchev@thirdpoint.com,s.hadjivaltchev@thirdpoint.com,stoyanh@thirdpoint.com,
Ade,Okunyade,Ade Okunyade,Wellington Management,,,,"New York, NY",individual,aokunyade@wellington.com,,https://www.linkedin.com/in/okunyade,TMT Investor,isa_investor_NYC; isa_investor_nyc; ray_miami_investor,$1M – $5M,,,,completed,Ade,Okunyade,ade.okunyade@wellington.com,ade@wellington.com,adeokunyade@wellington.com,a.okunyade@wellington.com,adeo@wellington.com,
Andy,C.,Andy C.,Longaeva Partners LP,,,,"New York, NY",individual,andy.choo@citadel.com,,https://www.linkedin.com/in/andy-c-1058187,"Portfolio Manager, Therapeutics",isa_investor_NYC; isa_investor_nyc; brian_2nd_nyc,$1M – $5M,,,,completed,Andy,choo,achoo@citadel.com,andy@citadel.com,andychoo@citadel.com,a.choo@citadel.com,andyc@citadel.com,last name recovered from current email
David,Graff,David Graff,Corner Capital Management,,,,"New York, NY",individual,dgraff@fluentco.com,,https://www.linkedin.com/in/davidagraff,President,isa_investor_NYC; isa_investor_nyc,$10M – $50M,,,,completed,David,Graff,david.graff@fluentco.com,david@fluentco.com,davidgraff@fluentco.com,d.graff@fluentco.com,davidg@fluentco.com,
Kamal,Maruf,Kamal Maruf,BlackRock,,,,New York City Metropolitan Area,individual,kamal.maruf@blackrock.com,,https://www.linkedin.com/in/kamal-maruf-7143482,Managing Director - BlackRock Private Equity Partners,isa_investor_NYC; isa_investor_nyc,$5M – $10M,,,,completed,Kamal,Maruf,kmaruf@blackrock.com,kamal@blackrock.com,kamalmaruf@blackrock.com,k.maruf@blackrock.com,kamalm@blackrock.com,
Courtney,Sullivan,Courtney Sullivan,Lightyear Capital,,,,"New York, NY",individual,courtney.sullivan@lycap.com,,https://www.linkedin.com/in/courtney-sullivan-84537674,"Managing Director, Head of Fundraising and Investor Relations",isa_investor_NYC; isa_investor_nyc,$1M – $5M,,,,completed,Courtney,Sullivan,csullivan@lycap.com,courtney@lycap.com,courtneysullivan@lycap.com,c.sullivan@lycap.com,courtneys@lycap.com,
Jennifer,Stewart,Jennifer Stewart,JSTAR Holdings & Affiliates,,,,"New York, NY",individual,js@jstarholdings.com,,https://www.linkedin.com/in/jenniferdstewart,Managing Partner,isa_investor_NYC; isa_investor_nyc; brian_2nd_nyc,$10M – $50M,,,,completed,Jennifer,Stewart,jennifer.stewart@jstarholdings.com,jstewart@jstarholdings.com,jennifer@jstarholdings.com,jenniferstewart@jstarholdings.com,j.stewart@jstarholdings.com,
Simon,Jones,Simon Jones,Venture Capital,,,,"New York, NY",individual,simon.jones@angeliniventures.com,,https://www.linkedin.com/in/simon-jones-968152b9,VC,isa_investor_NYC; isa_investor_nyc; brian_2nd_nyc; ray_miami_investor,$5M – $10M,,,,completed,Simon,Jones,sjones@angeliniventures.com,simon@angeliniventures.com,simonjones@angeliniventures.com,s.jones@angeliniventures.com,simonj@angeliniventures.com,
Irene,Hong Edwards,Irene Hong Edwards,Lovell Minnick Partners LLC,,,,"New York, NY",individual,ihongedwards@lmpartners.com,,https://www.linkedin.com/in/irenekshong,"Partner, Head of Investor Relations",isa_investor_NYC; isa_investor_nyc; isa_investor_mia; brian_2nd_nyc,$1M – $5M,,,,completed,Irene,Hong Edwards,irene.hongedwards@lmpartners.com,irene@lmpartners.com,irenehongedwards@lmpartners.com,i.hongedwards@lmpartners.com,ireneh@lmpartners.com,
Danny,El Kibbi,Danny El Kibbi,Phoenician Capital,,,,"New York, NY",individual,mk@phoeniciancapital.com,,https://www.linkedin.com/in/danny-el-kibbi-93713472,Investor,isa_investor_NYC; isa_investor_nyc,$1M – $5M,,,,completed,Danny,El Kibbi,danny.elkibbi@phoeniciancapital.com,delkibbi@phoeniciancapital.com,danny@phoeniciancapital.com,dannyelkibbi@phoeniciancapital.com,d.elkibbi@phoeniciancapital.com,
David,R.,David R.,Palo Alto Capital,,,,"New York, NY",individual,david@paloalto.capital,,https://www.linkedin.com/in/david-fx-rubino,Investor,isa_investor_NYC; isa_investor_nyc,$1M – $5M,,,,completed,David,rubino,david.rubino@paloalto.capital,drubino@paloalto.capital,davidrubino@paloalto.capital,d.rubino@paloalto.capital,davidr@paloalto.capital,last name taken from LinkedIn URL slug - verify spelling
Wyatt,S.,Wyatt S.,Citadel,,,,"New York, NY",individual,wyatt.sharpe@surveyor-capital.com,,https://www.linkedin.com/in/wyatt-sharpe,Investor,isa_investor_NYC; isa_investor_nyc,$5M – $10M,,,,completed,Wyatt,sharpe,wsharpe@surveyor-capital.com,wyatt@surveyor-capital.com,wyattsharpe@surveyor-capital.com,w.sharpe@surveyor-capital.com,wyatts@surveyor-capital.com,last name recovered from current email
Micaiah,Buchheim-Jurisson,Micaiah Buchheim-Jurisson,Stealth VC Fund,,,,"New York, NY",individual,micaiah@mercury.com,,https://www.linkedin.com/in/micaiahbj,Investor,isa_investor_NYC; isa_investor_nyc,$1M – $5M,,,,completed,Micaiah,Buchheim-Jurisson,micaiah.buchheimjurisson@mercury.com,mbuchheimjurisson@mercury.com,micaiahbuchheimjurisson@mercury.com,m.buchheimjurisson@mercury.com,micaiahb@mercury.com,
Noah,Hyman,Noah Hyman,Brighton Park Capital,,,,"New York, NY",individual,noah@bpc.com,,https://www.linkedin.com/in/noahhyman,Investor,isa_investor_NYC; isa_investor_nyc,$1M – $5M,,,,completed,Noah,Hyman,noah.hyman@bpc.com,nhyman@bpc.com,noahhyman@bpc.com,n.hyman@bpc.com,noahh@bpc.com,
Brad,Parish,Brad Parish,Vandiver Partners / 41North LLC / Travis Street Capital / Duration Capital Partners / Invico,,,,"New York, NY",individual,bparish@elliottmgmt.com,,https://www.linkedin.com/in/brad-parish-457a92,Investor and Business Builder,isa_investor_NYC; isa_investor_nyc; brian_2nd_nyc,$5M – $10M,,,,completed,Brad,Parish,brad.parish@elliottmgmt.com,brad@elliottmgmt.com,bradparish@elliottmgmt.com,b.parish@elliottmgmt.com,bradp@elliottmgmt.com,
Nancy,Hung,Nancy Hung,"Cohen Private Ventures, LLC",,,,"New York, NY",individual,nancy.hung@cohenpv.com,,https://www.linkedin.com/in/nancy-hung-4898bb1,Investor,isa_investor_NYC; isa_investor_nyc,$1M – $5M,,,,completed,Nancy,Hung,nhung@cohenpv.com,nancy@cohenpv.com,nancyhung@cohenpv.com,n.hung@cohenpv.com,nancyh@cohenpv.com,
Louis,Stern,Louis Stern,Investment Firm,,,,"New York, NY",individual,lstern@eurazeo.com,,https://www.linkedin.com/in/louisstern,Investor,isa_investor_NYC; isa_investor_nyc,$1M – $5M,,,,completed,Louis,Stern,louis.stern@eurazeo.com,louis@eurazeo.com,louisstern@eurazeo.com,l.stern@eurazeo.com,louiss@eurazeo.com,
Logan,Friedman,Logan Friedman,Insight Partners,,,,"New York, NY",individual,lfriedman@insightpartners.com,,https://www.linkedin.com/in/logan-friedman-549736137,Investor,isa_investor_NYC; isa_investor_nyc,$1M – $5M,,,,completed,Logan,Friedman,logan.friedman@insightpartners.com,logan@insightpartners.com,loganfriedman@insightpartners.com,l.friedman@insightpartners.com,loganf@insightpartners.com,
Lisa,(Forster) Ross,Lisa (Forster) Ross,The Raine Group,,,,"New York, NY",individual,lross@raine.com,,https://www.linkedin.com/in/lisa-forster-ross,"Director, Investor Relations & Fundraising",isa_investor_NYC; isa_investor_nyc,$1M – $5M,,,,completed,Lisa,(Forster) Ross,lisa.forsterross@raine.com,lforsterross@raine.com,lisa@raine.com,lisaforsterross@raine.com,l.forsterross@raine.com,
Juliette,Cottrill,Juliette Cottrill,Hudson Bay Capital,,,,"New York, NY",individual,jcottrill@hudsonbaycapital.com,,https://www.linkedin.com/in/juliette-cottrill-16b91317,"Partner, Head of Investor Relations and Business Development",isa_investor_NYC; isa_investor_nyc; brian_2nd_nyc,$5M – $10M,,,,completed,Juliette,Cottrill,juliette.cottrill@hudsonbaycapital.com,juliette@hudsonbaycapital.com,juliettecottrill@hudsonbaycapital.com,j.cottrill@hudsonbaycapital.com,juliettec@hudsonbaycapital.com,
Evan,Chaletzky,Evan Chaletzky,Hg,,,,"New York, NY",individual,evan.chaletzky@hgcapital.com,,https://www.linkedin.com/in/evan-chaletzky-0ab01611b,Investor,isa_investor_NYC; isa_investor_nyc,$1M – $5M,,,,completed,Evan,Chaletzky,echaletzky@hgcapital.com,evan@hgcapital.com,evanchaletzky@hgcapital.com,e.chaletzky@hgcapital.com,evanc@hgcapital.com,
Joshua,Steiner,Joshua Steiner,SSW Partners,,,,"New York, NY",individual,josh@sswpartners.com,,https://www.linkedin.com/in/joshualsteiner,Partner,isa_investor_NYC; isa_investor_nyc,$10M – $50M,,,,completed,Joshua,Steiner,joshua.steiner@sswpartners.com,jsteiner@sswpartners.com,joshua@sswpartners.com,joshuasteiner@sswpartners.com,j.steiner@sswpartners.com,
Juliana,Gomez,Juliana Gomez,Pax8,,,,"New York, NY",individual,juliana.gomez@softbank.com,,https://www.linkedin.com/in/julianagomez17,Board Observer,isa_investor_NYC; isa_investor_nyc,$1M – $5M,,,,completed,Juliana,Gomez,jgomez@softbank.com,juliana@softbank.com,julianagomez@softbank.com,j.gomez@softbank.com,julianag@softbank.com,
Casey,Woo,Casey Woo,Golub Capital,,,,"New York, NY",individual,cwoo@golubcapital.com,,https://www.linkedin.com/in/caseyhwoo,Director,isa_investor_NYC; isa_investor_nyc,$1M – $5M,,,,completed,Casey,Woo,casey.woo@golubcapital.com,casey@golubcapital.com,caseywoo@golubcapital.com,c.woo@golubcapital.com,caseyw@golubcapital.com,
Michael,Caso,Michael Caso,Rosecliff,,,,"New York, NY",individual,caso@rosecliff.com,,https://www.linkedin.com/in/michaelcaso,Co-Founder & Managing Partner,isa_investor_NYC; isa_investor_nyc,$10M – $50M,,,,completed,Michael,Caso,michael.caso@rosecliff.com,mcaso@rosecliff.com,michael@rosecliff.com,michaelcaso@rosecliff.com,m.caso@rosecliff.com,
Benjamin,F.,Benjamin F.,"Holocene Advisors, LP",,,,"New York, NY",individual,benjamin.fleischman@holoceneadvisors.com,,https://www.linkedin.com/in/benjaminfleischman,Investor,isa_investor_NYC; isa_investor_nyc,$1M – $5M,,,,completed,Benjamin,fleischman,bfleischman@holoceneadvisors.com,benjamin@holoceneadvisors.com,benjaminfleischman@holoceneadvisors.com,b.fleischman@holoceneadvisors.com,benjaminf@holoceneadvisors.com,last name recovered from current email
Angela,Wang,Angela Wang,Insight Partners,,,,"New York, NY",individual,awang@insightpartners.com,,https://www.linkedin.com/in/angela-s-wang,Investor,isa_investor_NYC; isa_investor_nyc,$1M – $5M,,,,completed,Angela,Wang,angela.wang@insightpartners.com,angela@insightpartners.com,angelawang@insightpartners.com,a.wang@insightpartners.com,angelaw@insightpartners.com,
Nikhil,Berry,Nikhil Berry,Contour Asset Management,,,,"New York, NY",individual,nikhil.berry@contourasset.com,,https://www.linkedin.com/in/nikhilberry7,Investor,isa_investor_NYC; isa_investor_nyc,$1M – $5M,,,,completed,Nikhil,Berry,nberry@contourasset.com,nikhil@contourasset.com,nikhilberry@contourasset.com,n.berry@contourasset.com,nikhilb@contourasset.com,
Alex,Hughes,Alex Hughes,Radian Capital,,,,New York City Metropolitan Area,individual,alexander@radiancapital.com,,https://www.linkedin.com/in/alexhughes-radian,Investor,isa_investor_NYC; isa_investor_nyc,$1M – $5M,,,,completed,Alex,Hughes,alex.hughes@radiancapital.com,ahughes@radiancapital.com,alex@radiancapital.com,alexhughes@radiancapital.com,a.hughes@radiancapital.com,
Rayan,Malik,Rayan Malik,Insight Partners,,,,"New York, NY",individual,rmalik@insightpartners.com,,https://www.linkedin.com/in/rayan-malik,Investor,isa_investor_NYC; isa_investor_nyc,$1M – $5M,,,,completed,Rayan,Malik,rayan.malik@insightpartners.com,rayan@insightpartners.com,rayanmalik@insightpartners.com,r.malik@insightpartners.com,rayanm@insightpartners.com,
Gabriel,Gutierrez,Gabriel Gutierrez,Perceptive Advisors,,,,"New York, NY",individual,gabriel@perceptivelife.com,,https://www.linkedin.com/in/gabriel-gutierrez-6484a3103,Vice President,isa_investor_NYC; isa_investor_nyc,$1M – $5M,,,,completed,Gabriel,Gutierrez,gabriel.gutierrez@perceptivelife.com,ggutierrez@perceptivelife.com,gabrielgutierrez@perceptivelife.com,g.gutierrez@perceptivelife.com,gabrielg@perceptivelife.com,
Samiuddin,Sami,Samiuddin Sami,Fortress Investment Group,,,,"New York, NY",individual,ssami@fortress.com,,https://www.linkedin.com/in/samisami,Investor,isa_investor_NYC; isa_investor_nyc; brian_2nd_nyc,$1M – $5M,,,,completed,Samiuddin,Sami,samiuddin.sami@fortress.com,samiuddin@fortress.com,samiuddinsami@fortress.com,s.sami@fortress.com,samiuddins@fortress.com,
Hailey,Steinberg,Hailey Steinberg,Insight Partners,,,,New York City Metropolitan Area,individual,hsteinberg@insightpartners.com,,https://www.linkedin.com/in/hailey-steinberg-8b7929175,Investor,isa_investor_NYC; isa_investor_nyc,$1M – $5M,,,,completed,Hailey,Steinberg,hailey.steinberg@insightpartners.com,hailey@insightpartners.com,haileysteinberg@insightpartners.com,h.steinberg@insightpartners.com,haileys@insightpartners.com,
Scott,O'Brien,Scott O'Brien,Stone Point Capital,,,,"New York, NY",individual,sobrien@stonepoint.com,,https://www.linkedin.com/in/ssobrien,Vice President,isa_investor_NYC; isa_investor_nyc,$1M – $5M,,,,completed,Scott,O'Brien,scott.obrien@stonepoint.com,scott@stonepoint.com,scottobrien@stonepoint.com,s.obrien@stonepoint.com,scotto@stonepoint.com,
Jordan,Straff,Jordan Straff,Avala Global,,,,"New York, NY",individual,jstraff@avalaglobal.com,,https://www.linkedin.com/in/jordan-straff-b924774,Investor,isa_investor_NYC; isa_investor_nyc,$1M – $5M,,,,completed,Jordan,Straff,jordan.straff@avalaglobal.com,jordan@avalaglobal.com,jordanstraff@avalaglobal.com,j.straff@avalaglobal.com,jordans@avalaglobal.com,
Bill,Power,Bill Power,House La Ruche,,,,"New York, NY",individual,bill@larucheweb.com,,https://www.linkedin.com/in/bill-power-0458291,"Founder, Chief Investment Officer",isa_investor_NYC; isa_investor_nyc,$10M – $50M,,,,completed,Bill,Power,bill.power@larucheweb.com,bpower@larucheweb.com,billpower@larucheweb.com,b.power@larucheweb.com,billp@larucheweb.com,
David,Erlong,David Erlong,Permira,,,,"New York, NY",individual,david.erlong@permira.com,,https://www.linkedin.com/in/david-erlong-3392aa13,Partner,isa_investor_NYC; isa_investor_nyc,$10M – $50M,,,,completed,David,Erlong,derlong@permira.com,david@permira.com,daviderlong@permira.com,d.erlong@permira.com,davide@permira.com,
Nick,Beim,Nick Beim,Venrock,,,,"New York, NY",individual,nick@venrock.com,,https://www.linkedin.com/in/nickbeim,Partner,isa_investor_NYC; isa_investor_nyc; isa_investor_mia,$10M – $50M,,,,completed,Nick,Beim,nick.beim@venrock.com,nbeim@venrock.com,nickbeim@venrock.com,n.beim@venrock.com,nickb@venrock.com,
Yuquan,Wang,Yuquan Wang,FutureTech Capital,,,,New York City Metropolitan Area,individual,yuquanwang@futuretechcapitalllc.com,,https://www.linkedin.com/in/yuquan-wang-26956695,Founder & CEO,isa_investor_NYC; isa_investor_nyc,$10M – $50M,,,,completed,Yuquan,Wang,yuquan.wang@futuretechcapitalllc.com,ywang@futuretechcapitalllc.com,yuquan@futuretechcapitalllc.com,y.wang@futuretechcapitalllc.com,yuquanw@futuretechcapitalllc.com,
Dany,Levy,Dany Levy,Self-Employed,,,,"New York, NY",individual,dany.levy@vanityfair.com,,https://www.linkedin.com/in/dany-levy,Angel Investor/Entrepreneur,isa_investor_NYC; isa_investor_nyc,$1M – $5M,,,,completed,Dany,Levy,dlevy@vanityfair.com,dany@vanityfair.com,danylevy@vanityfair.com,d.levy@vanityfair.com,danyl@vanityfair.com,
Shoaib,S.,Shoaib S.,Private Company,,,,New York City Metropolitan Area,individual,shoaib@included.vc,,https://www.linkedin.com/in/sssuleman,Angel Investor,isa_investor_NYC; isa_investor_nyc,$1M – $5M,,,,completed,Shoaib,sssuleman,shoaib.sssuleman@included.vc,ssssuleman@included.vc,shoaibsssuleman@included.vc,s.sssuleman@included.vc,shoaibs@included.vc,last name taken from LinkedIn URL slug - verify spelling
Dan,Ly,Dan Ly,Blantyre Capital Limited,,,,"New York, NY",individual,dly@blantyrecapital.com,,https://www.linkedin.com/in/dan-l-6700031,Managing Director,isa_investor_nyc,$5M – $10M,,,,completed,Dan,Ly,dan.ly@blantyrecapital.com,dan@blantyrecapital.com,danly@blantyrecapital.com,d.ly@blantyrecapital.com,danl@blantyrecapital.com,last name short - check
Gregory,Stern,Gregory Stern,Porta Management Family Office,,,,New York City Metropolitan Area,individual,gstern@portamgmt.com,,https://www.linkedin.com/in/gregory-stern-b9087665,Investor,Ed_familyoffice_nyc,$1M – $5M,,,,completed,Gregory,Stern,gregory.stern@portamgmt.com,gregory@portamgmt.com,gregorystern@portamgmt.com,g.stern@portamgmt.com,gregorys@portamgmt.com,
Kevin,White,Kevin White,Wedbush Financial Services,,,,"New York, NY",individual,kevin.white@wedbush.com,,https://www.linkedin.com/in/kevin-white-9874169,"Executive Vice President, Senior Advisor, Head of Investment Management",Ed_familyoffice_nyc,$1M – $5M,,,,completed,Kevin,White,kwhite@wedbush.com,kevin@wedbush.com,kevinwhite@wedbush.com,k.white@wedbush.com,kevinw@wedbush.com,
Jason,Raziano,Jason Raziano,East40 Holding,,,,"New York, NY",individual,jr@east40holding.com,,https://www.linkedin.com/in/jasonraziano,"Investor, Advisor",Ed_familyoffice_nyc,$1M – $5M,,,,completed,Jason,Raziano,jason.raziano@east40holding.com,jraziano@east40holding.com,jason@east40holding.com,jasonraziano@east40holding.com,j.raziano@east40holding.com,
Rhett,Madison,Rhett Madison,JZ Partners,,,,New York City Metropolitan Area,individual,rmadison@tjfo.com,,https://www.linkedin.com/in/rhettmadison,Managing Director,Ed_familyoffice_nyc,$1M – $5M,,,,completed,Rhett,Madison,rhett.madison@tjfo.com,rhett@tjfo.com,rhettmadison@tjfo.com,r.madison@tjfo.com,rhettm@tjfo.com,
Chandler,Scheurkogel,Chandler Scheurkogel,Single Family Office,,,,"New York, NY",individual,chandler@singlefamilyoffices.com,,https://www.linkedin.com/in/chandler-scheurkogel,Investor,Ed_familyoffice_nyc,$5M – $10M,,,,completed,Chandler,Scheurkogel,chandler.scheurkogel@singlefamilyoffices.com,cscheurkogel@singlefamilyoffices.com,chandlerscheurkogel@singlefamilyoffices.com,c.scheurkogel@singlefamilyoffices.com,chandlers@singlefamilyoffices.com,
Hart,Claypool,Hart Claypool,Hampshire Family Office,,,,"New York, NY",individual,hclaypool@hampshirefamilyoffice.com,,https://www.linkedin.com/in/hart-claypool-05310120,Director of Investments,Ed_familyoffice_nyc,$1M – $5M,,,,completed,Hart,Claypool,hart.claypool@hampshirefamilyoffice.com,hart@hampshirefamilyoffice.com,hartclaypool@hampshirefamilyoffice.com,h.claypool@hampshirefamilyoffice.com,hartc@hampshirefamilyoffice.com,
Sid,R.,Sid R.,Claure Group,,,,New York City Metropolitan Area,individual,sid@claurecapital.com,,https://www.linkedin.com/in/sidramtri,Principal,Ed_familyoffice_nyc,$10M – $50M,,,,completed,Sid,ramtri,sid.ramtri@claurecapital.com,sramtri@claurecapital.com,sidramtri@claurecapital.com,s.ramtri@claurecapital.com,sidr@claurecapital.com,last name taken from LinkedIn URL slug - verify spelling
Dr.,David M. Milch,Dr. David M. Milch,Healthcare Capital Corp.,,,,"New York, NY",individual,dr.davidm.m@healthcarecapital.net,,https://www.linkedin.com/in/dr-david-m-milch-1130675a,Founder & Chairman of the Board,Ed_familyoffice_nyc,Above $100M,,,,completed,David,Milch,david.milch@healthcarecapital.net,dmilch@healthcarecapital.net,david@healthcarecapital.net,davidmilch@healthcarecapital.net,d.milch@healthcarecapital.net,first name was 'Dr.' - corrected to David Milch
Bikesh,Kumar,Bikesh Kumar,Family Office,,,,"New York, NY",individual,bikesh@finzmoney.com,,https://www.linkedin.com/in/bikeshkumar,Investor,Ed_familyoffice_nyc,$1M – $5M,,,,completed,Bikesh,Kumar,bikesh.kumar@finzmoney.com,bkumar@finzmoney.com,bikeshkumar@finzmoney.com,b.kumar@finzmoney.com,bikeshk@finzmoney.com,
Bakri,Elomeri,Bakri Elomeri,AKO Investments | Family Office,,,,New York City Metropolitan Area,individual,belomeri@asu.edu,,https://www.linkedin.com/in/bakrielomeri,Board Member and Investor,Ed_familyoffice_nyc,$1M – $5M,,,,completed,Bakri,Elomeri,bakri.elomeri@asu.edu,bakri@asu.edu,bakrielomeri@asu.edu,b.elomeri@asu.edu,bakrie@asu.edu,
Naiel,Iqbal,Naiel Iqbal,Family Office,,,,"New York, NY",individual,niqbal@sqcapital.com,,https://www.linkedin.com/in/naiel,Investor,Ed_familyoffice_nyc,$1M – $5M,,,,completed,Naiel,Iqbal,naiel.iqbal@sqcapital.com,naiel@sqcapital.com,naieliqbal@sqcapital.com,n.iqbal@sqcapital.com,naieli@sqcapital.com,
Tyler,Dean,Tyler Dean,Wokelo AI,,,,"New York, NY",individual,tyler@wokelo.ai,,https://www.linkedin.com/in/tylerddean,Advisor,Ed_familyoffice_nyc,$5M – $10M,,,,completed,Tyler,Dean,tyler.dean@wokelo.ai,tdean@wokelo.ai,tylerdean@wokelo.ai,t.dean@wokelo.ai,tylerd@wokelo.ai,
Fae,Hansen,Fae Hansen,Elmrox Investment Group,,,,"New York, NY",individual,fae.hansen@carlyle.com,,https://www.linkedin.com/in/faehansen,Private Investor and Consulting,Ed_familyoffice_nyc,$1M – $5M,,,,completed,Fae,Hansen,fhansen@carlyle.com,fae@carlyle.com,faehansen@carlyle.com,f.hansen@carlyle.com,faeh@carlyle.com,
Matt,Saunders,Matt Saunders,New Earth Ventures (NEV),,,,New York City Metropolitan Area,individual,matt@nev.vc,,https://www.linkedin.com/in/gopsaunders,Managing Partner,Ed_familyoffice_nyc,$1M – $5M,,,,completed,Matt,Saunders,matt.saunders@nev.vc,msaunders@nev.vc,mattsaunders@nev.vc,m.saunders@nev.vc,matts@nev.vc,
Kevin,J. Ernst,Kevin J. Ernst,Family Office,,,,"New York, NY",individual,kevin.ernst@famliyyooffice.com,,https://www.linkedin.com/in/kevin-j-ernst-8b897819,CIO,Ed_familyoffice_nyc,$10M – $50M,,,,completed,Kevin,Ernst,kernst@famliyyooffice.com,kevin@famliyyooffice.com,kevinernst@famliyyooffice.com,k.ernst@famliyyooffice.com,kevine@famliyyooffice.com,last name cleaned; domain looks misspelled (famliyyooffice) - check the real domain
Bernard,"Lopez, MBA","Bernard Lopez, MBA",The Lopez-Cabrera Family Office,,,,New York City Metropolitan Area,individual,blopez@allianceadvisors.com,,https://www.linkedin.com/in/bernardlopez,Principal,Ed_familyoffice_nyc,$10M – $50M,,,,completed,Bernard,Lopez,bernard.lopez@allianceadvisors.com,bernard@allianceadvisors.com,bernardlopez@allianceadvisors.com,b.lopez@allianceadvisors.com,bernardl@allianceadvisors.com,last name cleaned
Shlomo,Ben Nasser,Shlomo Ben Nasser,Alana,,,,New York City Metropolitan Area,individual,shlomo.ben@stealth.com,,https://www.linkedin.com/in/shlomo-ben-nasser-22419620,Chairman,Ed_familyoffice_nyc,$10M – $50M,,,,completed,Shlomo,Ben Nasser,shlomo.bennasser@stealth.com,sbennasser@stealth.com,shlomo@stealth.com,shlomobennasser@stealth.com,s.bennasser@stealth.com,
Jean-Pierre,Henderson,Jean-Pierre Henderson,Single Family Office,,,,"New York, NY",individual,jean-pierre@singlefamilyoffices.com,,https://www.linkedin.com/in/jean-pierre-henderson-38646625,Strategic Investor,Ed_familyoffice_nyc,$1M – $5M,,,,completed,Jean-Pierre,Henderson,jeanpierre.henderson@singlefamilyoffices.com,jhenderson@singlefamilyoffices.com,jeanpierre@singlefamilyoffices.com,jeanpierrehenderson@singlefamilyoffices.com,j.henderson@singlefamilyoffices.com,
Neel,Patel,Neel Patel,SpaceX,,,,New York City Metropolitan Area,individual,neel.patel@techstars.com,,https://www.linkedin.com/in/neelpatel1214,Investor,Ed_familyoffice_nyc,$1M – $5M,,,,completed,Neel,Patel,npatel@techstars.com,neel@techstars.com,neelpatel@techstars.com,n.patel@techstars.com,neelp@techstars.com,
Mary,Strother,Mary Strother,March Capital Corporation,,,,New York City Metropolitan Area,individual,mary.strother@marchcapital.com,,https://www.linkedin.com/in/mary-a-strother,"Capital Raising & Investor Relations, Business Development",Ed_familyoffice_nyc,$1M – $5M,,,,completed,Mary,Strother,mstrother@marchcapital.com,mary@marchcapital.com,marystrother@marchcapital.com,m.strother@marchcapital.com,marys@marchcapital.com,
Alex,Crisses,Alex Crisses,Atera,,,,"New York, NY",individual,alex_m@autods.com,,https://www.linkedin.com/in/alex-crisses-92a134,Board Member,Ed_familyoffice_nyc,$50M – $100M,,,,completed,Alex,Crisses,alex.crisses@autods.com,acrisses@autods.com,alex@autods.com,alexcrisses@autods.com,a.crisses@autods.com,
Dennis,K. Berman,Dennis K. Berman,The Najafi Companies,,,,"New York, NY",individual,dkb@thefp.com,,https://www.linkedin.com/in/dennis-k-berman-25b4565b,Senior Advisor and former Partner,Ed_familyoffice_nyc,$1M – $5M,,,,completed,Dennis,Berman,dennis.berman@thefp.com,dberman@thefp.com,dennis@thefp.com,dennisberman@thefp.com,d.berman@thefp.com,last name cleaned
Athena,Sosangelis Lorenzo,Athena Sosangelis Lorenzo,Marathon Capital,,,,"New York, NY",individual,alorenzo@marathoncapital.com,,https://www.linkedin.com/in/athena-sosangelis-lorenzo-25aa264,"Managing Director, Private Capital Advisory - Marathon Capital",Ed_familyoffice_nyc,$5M – $10M,,,,completed,Athena,Sosangelis Lorenzo,athena.sosangelislorenzo@marathoncapital.com,asosangelislorenzo@marathoncapital.com,athena@marathoncapital.com,athenasosangelislorenzo@marathoncapital.com,a.sosangelislorenzo@marathoncapital.com,
Marc,Mendelson,Marc Mendelson,Avenue Capital Group,,,,"New York, NY",individual,mmendelson@avenuecapital.com,,https://www.linkedin.com/in/marc-mendelson,Managing Director,Ed_familyoffice_nyc,$10M – $50M,,,,completed,Marc,Mendelson,marc.mendelson@avenuecapital.com,marc@avenuecapital.com,marcmendelson@avenuecapital.com,m.mendelson@avenuecapital.com,marcm@avenuecapital.com,
Daniel,Friedlander,Daniel Friedlander,Family Office (Private Investment Platform),,,,"New York, NY",individual,dfriedlander@newlegacy.com,,https://www.linkedin.com/in/daniel-friedlander-94112a30,Venture Investor,Ed_familyoffice_nyc,$1M – $5M,,,,completed,Daniel,Friedlander,daniel.friedlander@newlegacy.com,daniel@newlegacy.com,danielfriedlander@newlegacy.com,d.friedlander@newlegacy.com,danielf@newlegacy.com,
Baroness,Dambisa Moyo,Baroness Dambisa Moyo,Oxford University Endowment Management,,,,"New York, NY",individual,baroness.moyo@masterclass.com,,https://www.linkedin.com/in/dambisamoyo,Member of Investment Committee,Ed_familyoffice_nyc,$10M – $50M,,,,completed,Baroness,Dambisa Moyo,baroness.dambisamoyo@masterclass.com,bdambisamoyo@masterclass.com,baroness@masterclass.com,baronessdambisamoyo@masterclass.com,b.dambisamoyo@masterclass.com,
Alex,S.,Alex S.,Openstock (LiquidLP),,,,"New York, NY",individual,alex@liquidlp.com,,https://www.linkedin.com/in/alsimpson1,Co-Founder,Ed_familyoffice_nyc,$10M – $50M,,,,completed,Alex,alsimpson1,alex.alsimpson@liquidlp.com,aalsimpson@liquidlp.com,alexalsimpson@liquidlp.com,a.alsimpson@liquidlp.com,alexa@liquidlp.com,last name taken from LinkedIn URL slug - verify spelling
Clint,Lawrence,Clint Lawrence,Capital Group,,,,"New York, NY",individual,clint_lawrence@capgroup.com,,https://www.linkedin.com/in/clint-lawrence-5350125,Partner and Portfolio Manager,brian_2nd_nyc,$10M – $50M,,,,completed,Clint,Lawrence,clint.lawrence@capgroup.com,clawrence@capgroup.com,clint@capgroup.com,clintlawrence@capgroup.com,c.lawrence@capgroup.com,
Arel,Lidow,Arel Lidow,Cedar Inc,,,,"New York, NY",individual,arel@cedar.com,,https://www.linkedin.com/in/alidow,Co Founder,brian_2nd_nyc,$10M – $50M,,,,completed,Arel,Lidow,arel.lidow@cedar.com,alidow@cedar.com,arellidow@cedar.com,a.lidow@cedar.com,arell@cedar.com,
Greg,Grimaldi,Greg Grimaldi,NEXT Investors,,,,"New York, NY",individual,greg.grimaldi@next-investors.com,,https://www.linkedin.com/in/greg-grimaldi-29778715,Managing Partner,brian_2nd_nyc,$5M – $10M,,,,completed,Greg,Grimaldi,ggrimaldi@next-investors.com,greg@next-investors.com,greggrimaldi@next-investors.com,g.grimaldi@next-investors.com,gregg@next-investors.com,
Lucy,Munro,Lucy Munro,Fortress Investment Group,,,,"New York, NY",individual,lmunro@fortress.com,,https://www.linkedin.com/in/lucy-munro-50887ba,Managing Director,brian_2nd_nyc,$5M – $10M,,,,completed,Lucy,Munro,lucy.munro@fortress.com,lucy@fortress.com,lucymunro@fortress.com,l.munro@fortress.com,lucym@fortress.com,
Evan,Hahn,Evan Hahn,Insight Partners,,,,New York City Metropolitan Area,individual,ehahn@insightpartners.com,,https://www.linkedin.com/in/evan-hahn,Managing Director,brian_2nd_nyc,$5M – $10M,,,,completed,Evan,Hahn,evan.hahn@insightpartners.com,evan@insightpartners.com,evanhahn@insightpartners.com,e.hahn@insightpartners.com,evanh@insightpartners.com,
Daniel,Paris,Daniel Paris,"Holocene Advisors, LP",,,,New York City Metropolitan Area,individual,dparis@holoceneadvisors.com,,https://www.linkedin.com/in/daniel-paris-934b7640,Investor,brian_2nd_nyc,Above $100M,,,,completed,Daniel,Paris,daniel.paris@holoceneadvisors.com,daniel@holoceneadvisors.com,danielparis@holoceneadvisors.com,d.paris@holoceneadvisors.com,danielp@holoceneadvisors.com,
