First Name,Last Name,Title,Company,Ticker
Kenneth,Galbraith,"Chair, President & Chief Executive Officer",Zymeworks Inc.,ZYME
Kristin,Stafford,Executive Vice President & Chief Financial Officer,Zymeworks Inc.,ZYME
Bernd,Brust,Chief Executive Officer,"Maravai LifeSciences Holdings, Inc.",MRVI
Rajesh,Asarpota,Executive Vice President & Chief Financial Officer,"Maravai LifeSciences Holdings, Inc.",MRVI
Michael,Severino,Chief Executive Officer,"Sarepta Therapeutics, Inc.",SRPT
Ryan,Wong,Executive Vice President & Chief Financial Officer,"Sarepta Therapeutics, Inc.",SRPT
Bassil,Dahiyat,President & Chief Executive Officer,"Xencor, Inc.",XNCR
Bart,Cornelissen,Senior Vice President & Chief Financial Officer,"Xencor, Inc.",XNCR
Travis,Murdoch,Chief Executive Officer,"Braveheart Bio, Inc.",BRVE
Paul,Rickey,Chief Financial Officer,"Braveheart Bio, Inc.",BRVE
Michael,Nally,Chief Executive Officer,"Generate Biomedicines, Inc.",GENB
Jason,Silvers,President & Chief Financial Officer,"Generate Biomedicines, Inc.",GENB
Roderick,de Greef,Chairman & Chief Executive Officer,"BioLife Solutions, Inc.",BLFS
Troy,Wichterman,Chief Financial Officer,"BioLife Solutions, Inc.",BLFS
George,LeMaitre,Chairman & Chief Executive Officer,"LeMaitre Vascular, Inc.",LMAT
Dorian,LeBlanc,Chief Financial Officer,"LeMaitre Vascular, Inc.",LMAT
Peter,Caldini,Chief Executive Officer,Establishment Labs Holdings Inc.,ESTA
Sandra,Harris,Senior Vice President & Chief Financial Officer,Establishment Labs Holdings Inc.,ESTA
Marianne,De Backer,President & Chief Executive Officer,"Vir Biotechnology, Inc.",VIR
Brent,Sabatini,"Interim Principal Financial Officer & SVP, Chief Accounting Officer","Vir Biotechnology, Inc.",VIR
Frank,Leonard,Chief Executive Officer,NovoCure Limited,NVCR
Christoph,Brackmann,Chief Financial Officer,NovoCure Limited,NVCR
Jeffrey,Finer,Chief Executive Officer,"Septerna, Inc.",SEPN
Gil,Labrucherie,Chief Financial Officer,"Septerna, Inc.",SEPN
Sean,McClain,"Founder, Chief Executive Officer",Absci Corporation,ABSI
Zach,Jonasson,Chief Financial Officer & Chief Business Officer,Absci Corporation,ABSI
John,Jacobs,President & Chief Executive Officer,"Novavax, Inc.",NVAX
Jim,Kelly,"Executive Vice President, Chief Financial Officer & Treasurer","Novavax, Inc.",NVAX
Leon,Moulder,"Founder, Chief Executive Officer & Chairman","Zenas BioPharma, Inc.",ZBIO
Joseph,Farmer,"President, Chief Operating Officer & Interim Principal Financial Officer","Zenas BioPharma, Inc.",ZBIO
Kabir,Nath,Chief Executive Officer,COMPASS Pathways Plc - American Depository Shares,CMPS
Teri,Loxam,Chief Financial Officer,COMPASS Pathways Plc - American Depository Shares,CMPS
John,Shannon,Chairman & Chief Executive Officer,"Xeris Biopharma Holdings, Inc.",XERS
Steven,Pieper,Chief Financial Officer,"Xeris Biopharma Holdings, Inc.",XERS
Simon,Campion,President & Chief Executive Officer,DENTSPLY SIRONA Inc.,XRAY
Matthew,Garth,Executive Vice President & Chief Financial Officer,DENTSPLY SIRONA Inc.,XRAY
Brian,Webster,"Founder, President & Chief Executive Officer","Kestra Medical Technologies, Ltd.",KMTS
Vaseem,Mahboob,Chief Financial Officer,"Kestra Medical Technologies, Ltd.",KMTS
Matthew,Kapusta,Chief Executive Officer,uniQure N.V.,QURE
Christian,Klemt,Chief Financial Officer,uniQure N.V.,QURE
Aaron,Elliott,Chief Executive Officer,"Freenome, Inc.",FRNM
Linh,Le,Chief Financial Officer,"Freenome, Inc.",FRNM
Ian,Smith,Chief Executive Officer,"Stoke Therapeutics, Inc.",STOK
Tommy,Leggett,Chief Financial Officer,"Stoke Therapeutics, Inc.",STOK
Pravin,Dugel,"Executive Chairman, President & Chief Executive Officer","Ocular Therapeutix, Inc.",OCUL
Jason,Robins,Chief Financial Officer,"Ocular Therapeutix, Inc.",OCUL
John,Leonard,President & Chief Executive Officer,"Intellia Therapeutics, Inc.",NTLA
Edward,Dulac,"Executive Vice President, Chief Financial Officer & Treasurer","Intellia Therapeutics, Inc.",NTLA
Nikhil,Lalwani,President & Chief Executive Officer,"ANI Pharmaceuticals, Inc.",ANIP
Stephen,Carey,Senior Vice President & Chief Financial Officer,"ANI Pharmaceuticals, Inc.",ANIP
Michael,Metzger,Chief Executive Officer,"Syndax Pharmaceuticals, Inc.",SNDX
Keith,Goldan,Chief Financial Officer,"Syndax Pharmaceuticals, Inc.",SNDX
Velichka,Valcheva,Chief Executive Officer,GH Research PLC,GHRS
Julie,Ryan,Vice President of Finance (CFO not confirmed),GH Research PLC,GHRS
Sean,Nolan,Chief Executive Officer,"Taysha Gene Therapies, Inc.",TSHA
Kamran,Alam,Chief Financial Officer,"Taysha Gene Therapies, Inc.",TSHA
Patrick,Miles,Chairman & Chief Executive Officer,"Alphatec Holdings, Inc.",ATEC
Todd,Koning,Executive Vice President & Chief Financial Officer,"Alphatec Holdings, Inc.",ATEC
Bahija,Jallal,Chief Executive Officer,Immunocore Holdings plc,IMCR
Travis,Coy,"EVP, Chief Financial Officer and Head of Corporate Development",Immunocore Holdings plc,IMCR
Abraham,Ceesay,Chief Executive Officer,"Rapport Therapeutics, Inc.",RAPP
Troy,Ignelzi,Chief Financial Officer,"Rapport Therapeutics, Inc.",RAPP
Sean,Brynjelsen,Chief Executive Officer,"Eton Pharmaceuticals, Inc.",ETON
Judith,Matthews,"EVP, Accounting and Finance and Chief Financial Officer","Eton Pharmaceuticals, Inc.",ETON
Mark,Lappe,Chief Executive Officer,"Inhibrx Biosciences, Inc.",INBX
Kelly,Deck,Chief Financial Officer,"Inhibrx Biosciences, Inc.",INBX
Jason,Coloma,Chief Executive Officer,"Maze Therapeutics, Inc.",MAZE
Misbah,Tahir,Chief Financial Officer,"Maze Therapeutics, Inc.",MAZE
Pavel,Raifeld,Chief Executive Officer,"Innoviva, Inc.",INVA
Stephen,Basso,Chief Financial Officer,"Innoviva, Inc.",INVA
Daniel,Faga,President & Chief Executive Officer,"AnaptysBio, Inc.",ANAB
Christopher,Murphy,Chief Financial Officer,"AnaptysBio, Inc.",ANAB
Todd,Harris,Chief Executive Officer,"Tyra Biosciences, Inc.",TYRA
Alan,Fuhrman,Chief Financial Officer,"Tyra Biosciences, Inc.",TYRA
Benny,Sorensen,President & Chief Executive Officer,"Hemab Therapeutics Holdings, Inc.",COAG
Mads,Behrndt,Chief Financial Officer,"Hemab Therapeutics Holdings, Inc.",COAG
Emil,Kakkis,"Chairman, CEO and President",Ultragenyx Pharmaceutical Inc.,RARE
Howard,Horn,EVP & Chief Financial Officer,Ultragenyx Pharmaceutical Inc.,RARE
Ron,Renaud,President & Chief Executive Officer,"Kailera Therapeutics, Inc.",KLRA
Doug,Pagan,Chief Financial Officer,"Kailera Therapeutics, Inc.",KLRA
Zhengbin,Yao,Chairman & Chief Executive Officer,"ArriVent BioPharma, Inc.",AVBP
Winston,Kung,Chief Financial Officer and Treasurer,"ArriVent BioPharma, Inc.",AVBP
Jonathan,Violin,President & Chief Executive Officer,"Korsana Biosciences, Inc.",KRSA
Mark,Vignola,Chief Financial Officer,"Korsana Biosciences, Inc.",KRSA
Jacob,Chacko,President & Chief Executive Officer,"Oric Pharmaceuticals, Inc.",ORIC
Dominic,Piscitelli,Chief Financial Officer,"Oric Pharmaceuticals, Inc.",ORIC
Daniel,Bendheim,"President & Chief Executive Officer (effective July 1, 2026)",Phibro Animal Health Corporation,PAHC
Glenn,David,Chief Financial Officer,Phibro Animal Health Corporation,PAHC
Gregory,Demopulos,Chairman & Chief Executive Officer,Omeros Corporation,OMER
David,Borges,"VP Finance, Chief Accounting Officer & Treasurer (no CFO named)",Omeros Corporation,OMER
Patrick,Beyer,President & Chief Executive Officer,CONMED Corporation,CNMD
John,Gallagher,Chief Financial Officer,CONMED Corporation,CNMD
Harpreet,Singh,Chief Executive Officer,Immatics N.V.,IMTX
Venkat,Ramanan,Chief Financial Officer,Immatics N.V.,IMTX
Tassos,Gianakakos,Chief Executive Officer,"Kardigan, Inc.",KARD
Brianne,Jahn,Chief Financial Officer,"Kardigan, Inc.",KARD
Jennifer,Jarrett,President & Chief Executive Officer,"Damora Therapeutics, Inc.",DMRA
Brian,Burkavage,"Principal Financial Officer; SVP, Finance","Damora Therapeutics, Inc.",DMRA
Daniel,Faga,President & Chief Executive Officer,"First Tracks Biotherapeutics, Inc.",TRAX
Ajim,Tamboli,Chief Financial Officer,"First Tracks Biotherapeutics, Inc.",TRAX
Stuart,Essig,"Chairman, President & Chief Executive Officer",Integra LifeSciences Holdings Corporation,IART
Lea,Knight,Executive Vice President & Chief Financial Officer,Integra LifeSciences Holdings Corporation,IART
Sushil,Patel,Chief Executive Officer,"Replimune Group, Inc.",REPL
Emily,Hill,Chief Financial Officer,"Replimune Group, Inc.",REPL
Heather,Turner,Chief Executive Officer,LB Pharmaceuticals Inc,LBRX
Joseph,Miller,Chief Financial Officer,LB Pharmaceuticals Inc,LBRX
Lyn,Baranowski,President & Chief Executive Officer,Avalyn Pharma Inc.,AVLN
Douglas,Carlson,Chief Financial Officer & Chief Business Officer,Avalyn Pharma Inc.,AVLN
Claire,Mazumdar,Chief Executive Officer,Bicara Therapeutics Inc.,BCAX
Jenn,Larson,Chief Financial Officer,Bicara Therapeutics Inc.,BCAX
Mark,Baum,Chief Executive Officer,"Harrow, Inc.",HROW
Andrew,Boll,"President, Chief Financial Officer & Corporate Secretary","Harrow, Inc.",HROW
Michael,Castagna,Chief Executive Officer,MannKind Corporation,MNKD
Chris,Prentiss,Chief Financial Officer,MannKind Corporation,MNKD
Jean-Paul,Kress,"President, Chief Executive Officer & Chairman",Vor Biopharma Inc.,VOR
Sandy,Mahatme,Chief Financial Officer & Chief Business Officer,Vor Biopharma Inc.,VOR
John,Sheridan,President & Chief Executive Officer,"Tandem Diabetes Care, Inc.",TNDM
Leigh,Vosseller,"Executive Vice President, Chief Financial Officer & Treasurer","Tandem Diabetes Care, Inc.",TNDM
Robert,Claypoole,President & Chief Executive Officer,Bioventus Inc.,BVS
Mark,Singleton,Senior Vice President & Chief Financial Officer,Bioventus Inc.,BVS
Nima,Farzan,Chief Executive Officer,"Latigo Biotherapeutics, Inc.",LTGO
Neha,Krishnamohan,Chief Financial Officer & Chief Business Officer,"Latigo Biotherapeutics, Inc.",LTGO
Warren,Foust,"President, Chief Executive Officer",STAAR Surgical Company,STAA
Deborah,Andrews,Executive Vice President & Chief Financial Officer,STAAR Surgical Company,STAA
Jack,Zhang,Chief Executive Officer & President,"Amphastar Pharmaceuticals, Inc.",AMPH
William,Peters,"Chief Financial Officer, Executive Vice President of Finance & Treasurer","Amphastar Pharmaceuticals, Inc.",AMPH
Patrick,MacKin,"Chairman, President & Chief Executive Officer","Artivion, Inc.",AORT
Lance,Berry,"Executive Vice President, Chief Operating Officer & Chief Financial Officer","Artivion, Inc.",AORT
Gary,Glick,Chief Executive Officer,"Odyssey Therapeutics, Inc.",ODTX
Jason,Haas,Chief Financial Officer,"Odyssey Therapeutics, Inc.",ODTX
Roger,Susi,President & Chief Executive Officer,iRadimed Corporation,IRMD
John,Glenn,Chief Financial Officer & Corporate Secretary,iRadimed Corporation,IRMD
Zandy,Forbes,President & Chief Executive Officer,MeiraGTx Holdings plc,MGTX
Richard,Giroux,Chief Operating Officer & Chief Financial Officer,MeiraGTx Holdings plc,MGTX
Matthew,Roden,President & Chief Executive Officer,"Aktis Oncology, Inc.",AKTS
Kyle,Kuvalanka,Chief Financial Officer,"Aktis Oncology, Inc.",AKTS
Derek,Maetzold,"Founder, President & Chief Executive Officer","Castle Biosciences, Inc.",CSTL
Frank,Stokes,Chief Financial Officer,"Castle Biosciences, Inc.",CSTL
David,Campbell,"Founder, President & Chief Executive Officer","Janux Therapeutics, Inc.",JANX
Tighe,Reardon,Acting Chief Financial Officer,"Janux Therapeutics, Inc.",JANX
Matthew,Pauls,Chair & Chief Executive Officer,"Savara, Inc.",SVRA
Robert,Lutz,Chief Operating & Financial Officer,"Savara, Inc.",SVRA
Larry,Wood,President & Chief Executive Officer,PROCEPT BioRobotics Corporation,PRCT
Kevin,Waters,Executive Vice President & Chief Financial Officer,PROCEPT BioRobotics Corporation,PRCT
Sean,Saint,"President, Chief Executive Officer",Beta Bionics Inc.,BBNX
Stephen,Feider,Chief Financial Officer,Beta Bionics Inc.,BBNX
Damien,McDonald,Chief Executive Officer,Enovis Corporation,ENOV
Ben,Berry,Senior Vice President & Chief Financial Officer,Enovis Corporation,ENOV
Amit,Etkin,"Founder, President, CEO & Chairman","Alto Neuroscience, Inc.",ANRO
Nick,Smith,President & Chief Financial Officer,"Alto Neuroscience, Inc.",ANRO
Daphne,Zohar,Founder & Chief Executive Officer,"Seaport Therapeutics, Inc.",SPTX
Lauren,White,Chief Financial Officer,"Seaport Therapeutics, Inc.",SPTX
Markus,Warmuth,Chief Executive Officer,"Monte Rosa Therapeutics, Inc.",GLUE
Ajim,Tamboli,Chief Financial Officer,"Monte Rosa Therapeutics, Inc.",GLUE
Jorge,Santos da Silva,Chief Executive Officer,MoonLake Immunotherapeutics,MLTX
Matthias,Bodenstedt,Chief Financial Officer,MoonLake Immunotherapeutics,MLTX
Frank,Lee,Chief Executive Officer,"Pacira BioSciences, Inc.",PCRX
Shawn,Cross,Chief Financial Officer,"Pacira BioSciences, Inc.",PCRX
Nadim,Ahmed,President & Chief Executive Officer,"Cullinan Therapeutics, Inc.",CGEM
Mary Kay,Fenton,Chief Financial Officer,"Cullinan Therapeutics, Inc.",CGEM
Martin,Babler,"Chairman, President & Chief Executive Officer",Alumis Inc.,ALMS
John,Schroer,Chief Financial Officer,Alumis Inc.,ALMS
Richard,Miller,"Co-Founder, President & Chief Executive Officer","Corvus Pharmaceuticals, Inc.",CRVS
Leiv,Lea,Chief Financial Officer,"Corvus Pharmaceuticals, Inc.",CRVS
Lindsay,Androski,"President, Chief Executive Officer & Chairperson",Arbutus Biopharma Corporation,ABUS
Tuan,Nguyen,Chief Financial Officer,Arbutus Biopharma Corporation,ABUS
Troy,Wilson,President & Chief Executive Officer,"Kura Oncology, Inc.",KURA
Jennifer,Fulk,Chief Financial Officer,"Kura Oncology, Inc.",KURA
Jane,Chao,Co-Founder & Chief Executive Officer,"CeriBell, Inc.",CBLL
Scott,Blumberg,Chief Financial Officer,"CeriBell, Inc.",CBLL
Kevin,Lind,Chief Executive Officer,"Apnimed, Inc.",APMD
Michael,Kelly,Chief Financial Officer,"Apnimed, Inc.",APMD
Tom,Frohlich,Chief Executive Officer,"Jade Biosciences, Inc.",JBIO
Brad,Dahms,Chief Financial Officer,"Jade Biosciences, Inc.",JBIO
Raul,Rodriguez,President & Chief Executive Officer,"Rigel Pharmaceuticals, Inc.",RIGL
Dean,Schorno,Executive Vice President & Chief Financial Officer,"Rigel Pharmaceuticals, Inc.",RIGL
Michael,Lau,Chief Executive Officer,Anbio Biotechnology,NNNN
Suki,Song,Chief Financial Officer,Anbio Biotechnology,NNNN
Madan,Jagasia,"President, Chief Executive Officer & Director","Obsidian Therapeutics, Inc.",OBX
Julie,Feder,Chief Financial Officer,"Obsidian Therapeutics, Inc.",OBX
Patrick,Mooney,Chief Executive Officer,"SpyGlass Pharma, Inc.",SGP
Jean-Frederic,Viret,Chief Financial Officer,"SpyGlass Pharma, Inc.",SGP
Steven,Harr,President & Chief Executive Officer,"Sana Biotechnology, Inc.",SANA
Brian,Piper,Executive Vice President & Chief Financial Officer,"Sana Biotechnology, Inc.",SANA
Mike,Exton,Chief Executive Officer,"Lexicon Pharmaceuticals, Inc.",LXRX
Scott,Coiante,Senior Vice President & Chief Financial Officer,"Lexicon Pharmaceuticals, Inc.",LXRX
Michael,Raab,Chief Executive Officer & Chairman,"Ardelyx, Inc.",ARDX
Sue,Hohenleitner,Chief Financial Officer,"Ardelyx, Inc.",ARDX
Laura,Francis,Chief Executive Officer,"SI-BONE, Inc.",SIBN
Anshul,Maheshwari,Chief Operating Officer & Chief Financial Officer,"SI-BONE, Inc.",SIBN
Andrew,Goldberg,Chief Executive Officer,"Achieve Life Sciences, Inc.",ACHV
Mark,Oki,Chief Financial Officer,"Achieve Life Sciences, Inc.",ACHV
Paul-Peter,Tak,President & Chief Executive Officer,"Candel Therapeutics, Inc.",CADL
Charles,Schoch,Chief Financial Officer,"Candel Therapeutics, Inc.",CADL
Garry,Neil,Chief Executive Officer,"Avalo Therapeutics, Inc.",AVTX
Christopher,Sullivan,Chief Financial Officer,"Avalo Therapeutics, Inc.",AVTX
Moshe,Mizrahy,Chief Executive Officer,InMode Ltd.,INMD
Moshik,Itzkovich,Chief Financial Officer,InMode Ltd.,INMD
Douglas,Love,President & Chief Executive Officer,"Annexon, Inc.",ANNX
Jennifer,Lew,Executive Vice President & Chief Financial Officer,"Annexon, Inc.",ANNX
Tao,Fu,Chief Executive Officer,"Attovia Therapeutics, Inc.",ATTO
Steven,Chan,Chief Financial Officer,"Attovia Therapeutics, Inc.",ATTO
Alexander,Cumbo,President & Chief Executive Officer,Solid Biosciences Inc.,SLDB
Kevin,Tan,Chief Financial Officer,Solid Biosciences Inc.,SLDB
Harout,Semerjian,President & Chief Executive Officer,Geron Corporation,GERN
Michelle,Robertson,"EVP, Chief Financial Officer & Treasurer",Geron Corporation,GERN
Pratik,Shah,Chairperson & Chief Executive Officer,"Design Therapeutics, Inc.",DSGN
Julie,Burgess,Chief Accounting Officer,"Design Therapeutics, Inc.",DSGN
Sunny,Sanyal,President & Chief Executive Officer,Varex Imaging Corporation,VREX
Shubham,Maheshwari,Chief Financial Officer,Varex Imaging Corporation,VREX
Neal,Walker,Chief Executive Officer,"Aclaris Therapeutics, Inc.",ACRS
Kevin,Balthaser,Chief Financial Officer,"Aclaris Therapeutics, Inc.",ACRS
David,Kirn,Chief Executive Officer,"4D Molecular Therapeutics, Inc.",FDMT
Kristian,Humer,Chief Financial Officer,"4D Molecular Therapeutics, Inc.",FDMT
Ying,Luo,President & Chief Executive Officer,"Gyre Therapeutics, Inc.",GYRE
Thomas,Eastling,Chief Financial Officer,"Gyre Therapeutics, Inc.",GYRE
Ilya,Rachman,Chief Scientific Officer & Chairman,"Immix Biopharma, Inc.",IMMX
Gabriel,Morris,President & Chief Financial Officer,"Immix Biopharma, Inc.",IMMX
Anand,Parikh,"Chairman, President & Chief Executive Officer","Faeth Therapeutics, Inc.",FTH
Brian,Stephenson,Chief Financial Officer,"Faeth Therapeutics, Inc.",FTH
Sean,Bohen,Chief Executive Officer,"Olema Pharmaceuticals, Inc.",OLMA
Jason,O'Byrne,Chief Financial Officer,"Olema Pharmaceuticals, Inc.",OLMA
Wenbin,Jiang,Chief Executive Officer,"Cytek Biosciences, Inc.",CTKB
William,McCombe,Chief Financial Officer,"Cytek Biosciences, Inc.",CTKB
Wayne,Paterson,Chief Executive Officer,Anteris Technologies Global Corp.,AVR
Brent,Moen,Chief Financial Officer,Anteris Technologies Global Corp.,AVR
Dan,Paterson,President & Chief Executive Officer,"Verastem, Inc.",VSTM
Dan,Calkins,Chief Financial Officer,"Verastem, Inc.",VSTM
Kathy,Dong,President & Chief Executive Officer,"Electra Therapeutics, Inc.",ETRA
Chris,Clark,Chief Financial Officer,"Electra Therapeutics, Inc.",ETRA
Siddhartha,Kadia,President & Chief Executive Officer,"Mesa Laboratories, Inc.",MLAB
John,Sakys,Chief Financial Officer,"Mesa Laboratories, Inc.",MLAB
Paul,Bolno,President & Chief Executive Officer,"Wave Life Sciences, Inc.",WVE
Kyle,Moran,Chief Financial Officer,"Wave Life Sciences, Inc.",WVE
Taylor,Schreiber,Chief Executive Officer,"Shattuck Labs, Inc.",STTK
Andrew,Neill,Chief Financial Officer,"Shattuck Labs, Inc.",STTK
Vikram,Karnani,President & Chief Executive Officer,"Collegium Pharmaceutical, Inc.",COLL
Colleen,Tupper,Chief Financial Officer,"Collegium Pharmaceutical, Inc.",COLL
Mark,Van Oene,President & Chief Executive Officer,"Pacific Biosciences of California, Inc.",PACB
Jim,Gibson,Chief Financial Officer,"Pacific Biosciences of California, Inc.",PACB
Brian,Blaser,President & Chief Executive Officer,QuidelOrtho Corporation,QDEL
Micah,Young,Chief Financial Officer,QuidelOrtho Corporation,QDEL
Ron,Bentsur,Chairman & Chief Executive Officer,"Nuvectis Pharma, Inc.",NVCT
Michael,Carson,Vice President of Finance & Principal Financial Officer,"Nuvectis Pharma, Inc.",NVCT
Joseph,Capper,Chief Executive Officer,"MiMedx Group, Inc",MDXG
Doug,Rice,Chief Financial Officer,"MiMedx Group, Inc",MDXG
Aoife,Brennan,President & Chief Executive Officer,"Climb Bio, Inc.",CLYM
Susan,Altschuller,Chief Financial Officer,"Climb Bio, Inc.",CLYM
Thomas,McCourt,Chief Executive Officer,"Ironwood Pharmaceuticals, Inc.",IRWD
Ron,Silver,Interim Chief Financial Officer,"Ironwood Pharmaceuticals, Inc.",IRWD
Neil,McFarlane,President & Chief Executive Officer,"Zevra Therapeutics, Inc.",ZVRA
Justin,Renz,Chief Financial Officer,"Zevra Therapeutics, Inc.",ZVRA
Natalie,Holles,Chief Executive Officer,"Aura Biosciences, Inc.",AURA
Tony,Gibney,Chief Financial & Business Officer,"Aura Biosciences, Inc.",AURA
Jim,Clemmer,President & Chief Executive Officer,"AngioDynamics, Inc.",ANGO
Stephen,Trowbridge,Executive Vice President & Chief Financial Officer,"AngioDynamics, Inc.",ANGO
Joseph,Todisco,Chairman & Chief Executive Officer,CorMedix Inc.,CRMD
Susan,Blum,EVP & Chief Financial Officer,CorMedix Inc.,CRMD
Jingrong Jean,Cui,Chief Executive Officer,"BlossomHill Therapeutics, Inc.",BLSM
Jason,Keyes,Chief Financial Officer & Executive Vice President,"BlossomHill Therapeutics, Inc.",BLSM
David,Happel,Chief Executive Officer,Sagimet Biosciences Inc. - Series A,SGMT
Thierry,Chauche,Chief Financial Officer,Sagimet Biosciences Inc. - Series A,SGMT
Steven,Basta,President & Chief Executive Officer,"Phathom Pharmaceuticals, Inc.",PHAT
Sanjeev,Narula,Chief Financial & Business Officer,"Phathom Pharmaceuticals, Inc.",PHAT
Sean,McCarthy,Chief Executive Officer & Chairman,"CytomX Therapeutics, Inc.",CTMX
Chris,Ogden,Chief Financial Officer,"CytomX Therapeutics, Inc.",CTMX
Daniel,Barber,Chief Executive Officer,"Aquestive Therapeutics, Inc.",AQST
Ernie,Toth,Chief Financial Officer,"Aquestive Therapeutics, Inc.",AQST
David,Bailey,President & Chief Executive Officer,OrthoPediatrics Corp.,KIDS
Fred,Hite,Chief Financial Officer & Chief Operating Officer,OrthoPediatrics Corp.,KIDS
Jerome,Durso,"President, Chief Executive Officer & Chairman","Altimmune, Inc.",ALT
Gregory,Weaver,Chief Financial Officer,"Altimmune, Inc.",ALT
Rachel,McMinn,Chief Executive Officer,Neurogene Inc.,NGNE
Christine,Mikail,President & Chief Financial Officer,Neurogene Inc.,NGNE
Linda,Marban,Chief Executive Officer,"Capricor Therapeutics, Inc.",CAPR
AJ,Bergmann,Chief Financial Officer,"Capricor Therapeutics, Inc.",CAPR
Allan,Reine,Chief Executive Officer,"Prime Medicine, Inc.",PRME
Svetlana,Makhni,Chief Financial Officer,"Prime Medicine, Inc.",PRME
Zachary,Roberts,President & Chief Executive Officer,"Allogene Therapeutics, Inc.",ALLO
Geoffrey,Parker,Executive Vice President & Chief Financial Officer,"Allogene Therapeutics, Inc.",ALLO
Sudhir,Srivastava,Chairman & Chief Executive Officer,SS Innovations International Inc.,SSII
Sarah,Romano,Chief Financial Officer,SS Innovations International Inc.,SSII
Gerard,Michel,Chief Executive Officer,"Delcath Systems, Inc.",DCTH
Sandra,Pennell,Chief Financial Officer,"Delcath Systems, Inc.",DCTH
Chandler,Robinson,Chief Executive Officer,Monopar Therapeutics Inc.,MNPR
Quan,Vu,Chief Financial Officer,Monopar Therapeutics Inc.,MNPR
Joshua,Brumm,Chief Executive Officer,"Crescent Biopharma, Inc.",CBIO
Rick,Scalzo,Chief Financial Officer,"Crescent Biopharma, Inc.",CBIO
Christopher,Kroeger,Chief Executive Officer,"MapLight Therapeutics, Inc.",MPLT
Vishwas,Setia,Chief Financial Officer,"MapLight Therapeutics, Inc.",MPLT
Ethan,Shen,Chief Executive Officer & Chairman,YD Bio Limited,YDES
Edmund,Hen,Chief Financial Officer,YD Bio Limited,YDES
David,Moatazedi,President & Chief Executive Officer,"Evolus, Inc. Common Stock",EOLS
Tatjana,Mitchell,Chief Financial Officer,"Evolus, Inc. Common Stock",EOLS
Paul,Badawi,Chief Executive Officer,"Sight Sciences, Inc.",SGHT
Jim,Rodberg,Chief Financial Officer,"Sight Sciences, Inc.",SGHT
Tim,Knotnerus,Chief Executive Officer,AgomAb Therapeutics NV,AGMB
Pierre,Kemula,Chief Financial Officer,AgomAb Therapeutics NV,AGMB
Randy,Teel,President & Chief Executive Officer,"Arvinas, Inc.",ARVN
Andrew,Saik,Chief Financial Officer,"Arvinas, Inc.",ARVN
Alan,Auerbach,"Chairman, CEO & President",Puma Biotechnology Inc,PBYI
Maximo,Nougues,Chief Financial Officer,Puma Biotechnology Inc,PBYI
Kevin,Knopp,President & Chief Executive Officer,908 Devices Inc.,MASS
Joseph,Griffith,Chief Financial Officer,908 Devices Inc.,MASS
Sheri,Dodd,Chief Executive Officer,"Tactile Systems Technology, Inc.",TCMD
Elaine,Birkemeyer,Chief Financial Officer,"Tactile Systems Technology, Inc.",TCMD
Curran,Simpson,President & CEO,REGENXBIO Inc.,RGNX
Mitchell,Chan,"EVP, Chief Financial Officer & Treasurer",REGENXBIO Inc.,RGNX
Meg,Alexander,Chief Executive Officer,Ovid Therapeutics Inc.,OVID
Charles,Carter,Chief Financial Officer,Ovid Therapeutics Inc.,OVID
Bruce,Culleton,Chief Executive Officer,ProKidney Corp.,PROK
James,Coulston,Chief Financial Officer,ProKidney Corp.,PROK
Miranda,Toledano,Chief Executive Officer,Entera Bio Ltd.,ENTX
Ronnie,Yaacov-Garbeli,Chief Financial Officer,Entera Bio Ltd.,ENTX
Christian,Itin,Chief Executive Officer,Autolus Therapeutics plc,AUTL
Robert,Dolski,Chief Financial Officer,Autolus Therapeutics plc,AUTL
Vivek,Jayaraman,President & CEO,Cerus Corporation,CERS
Kevin,Green,VP Finance & Chief Financial Officer,Cerus Corporation,CERS
Amir,London,Chief Executive Officer,Kamada Ltd.,KMDA
Chaime,Orlev,Chief Financial Officer,Kamada Ltd.,KMDA
Carmine,Stengone,"President, CEO & Director","Contineum Therapeutics, Inc.",CTNM
Peter,Slover,Chief Financial Officer,"Contineum Therapeutics, Inc.",CTNM
Jason,Okazaki,President & CEO,"Assembly Biosciences, Inc.",ASMB
Jeanette,Bjorkquist,Principal Financial Officer (CFO),"Assembly Biosciences, Inc.",ASMB
Stephen,Gunstream,President & CEO,"Alpha Teknova, Inc.",TKNO
Matthew,Lowell,Chief Financial Officer,"Alpha Teknova, Inc.",TKNO
Joel,Becker,President & CEO,"Neuropace, Inc.",NPCE
Patrick,Williams,Chief Financial Officer,"Neuropace, Inc.",NPCE
Rick,Pauls,President & CEO,DiaMedica Therapeutics Inc.,DMAC
Scott,Kellen,Chief Financial Officer,DiaMedica Therapeutics Inc.,DMAC
Garo,Armen,Chairman & CEO,Agenus Inc.,AGEN
Garo,Armen,Interim CFO (principal financial officer),Agenus Inc.,AGEN
Gene,Kinney,President & CEO,Prothena Corporation plc,PRTA
Tran,Nguyen,Chief Financial Officer,Prothena Corporation plc,PRTA
Warner,Biddle,Chief Executive Officer,"Kyverna Therapeutics, Inc.",KYTX
Greg,Martini,Chief Financial Officer,"Kyverna Therapeutics, Inc.",KYTX
Donn,Casale,CEO & Director,"ARS Pharmaceuticals, Inc.",SPRY
Kathleen,Scott,Chief Financial Officer,"ARS Pharmaceuticals, Inc.",SPRY
Roger,Perlmutter,Chairman & Chief Executive Officer,"Eikon Therapeutics, Inc.",EIKN
Freddie,Bowie,Chief Financial Officer,"Eikon Therapeutics, Inc.",EIKN
George,Magrath,Chief Executive Officer,"Opus Genetics, Inc.",IRD
Robert,Gagnon,Chief Financial Officer,"Opus Genetics, Inc.",IRD
Jean-Pierre,Sommadossi,"Chairman, CEO & President","Atea Pharmaceuticals, Inc.",AVIR
Andrea,Corcoran,"CFO, EVP Legal & Secretary","Atea Pharmaceuticals, Inc.",AVIR
Sam,Raha,President & CEO,"Myriad Genetics, Inc.",MYGN
Scott,Leffler,Chief Financial Officer,"Myriad Genetics, Inc.",MYGN
Nevan,Elam,CEO,"Rezolute, Inc.",RZLT
Daron,Evans,Chief Financial Officer,"Rezolute, Inc.",RZLT
Andrew,Hirsch,President & CEO,"C4 Therapeutics, Inc.",CCCC
Kendra,Adams,Chief Financial Officer,"C4 Therapeutics, Inc.",CCCC
Gilmore,O'Neill,President & Chief Executive Officer,"Editas Medicine, Inc.",EDIT
Amy,Parison,Senior Vice President & Chief Financial Officer,"Editas Medicine, Inc.",EDIT
Sergio,Traversa,Chief Executive Officer,"Relmada Therapeutics, Inc.",RLMD
Maged,Shenouda,Chief Financial Officer,"Relmada Therapeutics, Inc.",RLMD
Joel,Lewis,President & Chief Executive Officer,Galectin Therapeutics Inc.,GALT
Jack,Callicutt,Chief Financial Officer,Galectin Therapeutics Inc.,GALT
Robert,Ball,Chief Executive Officer & Executive Chairman,"Shoulder Innovations, Inc.",SI
Jeffrey,Points,Chief Financial Officer,"Shoulder Innovations, Inc.",SI
Bradley,Burnam,Chief Executive Officer,Turn Therapeutics Inc.,TTRX
Zuraiz,Chaudhary,Interim Chief Financial Officer,Turn Therapeutics Inc.,TTRX
Sandeep,Kulkarni,Chief Executive Officer,Zura Bio Limited,ZURA
Eric,Hyllengren,Chief Financial Officer,Zura Bio Limited,ZURA
Joseph,Payne,President & Chief Executive Officer,Arcturus Therapeutics Holdings Inc.,ARCT
Dennis,Mulroy,Chief Financial Officer,Arcturus Therapeutics Holdings Inc.,ARCT
Massimo,Calafiore,President & Chief Executive Officer,Orthofix Medical Inc.,OFIX
Julie,Andrews,Chief Financial Officer,Orthofix Medical Inc.,OFIX
Jay,Luly,President & Chief Executive Officer,"Enanta Pharmaceuticals, Inc.",ENTA
Harry,Trout,Interim Principal Financial Officer,"Enanta Pharmaceuticals, Inc.",ENTA
Joseph,Burnett,President & Chief Executive Officer,ClearPoint Neuro Inc.,CLPT
Danilo,D'Alessandro,Executive Vice President & Chief Financial Officer,ClearPoint Neuro Inc.,CLPT
David,Hochman,Chairman & Chief Executive Officer,"Orchestra BioMed Holdings, Inc.",OBIO
Andrew,Taylor,Chief Financial Officer,"Orchestra BioMed Holdings, Inc.",OBIO
Benjamin,Oakes,Co-founder President & Chief Executive Officer,Scribe Therapeutics Inc.,SCTX
David,Parrot,Chief Financial Officer,Scribe Therapeutics Inc.,SCTX
Cary,Vance,President & Chief Executive Officer,"Avita Medical, Inc.",RCEL
David,O'Toole,Chief Financial Officer,"Avita Medical, Inc.",RCEL
Craig,Parker,Chief Executive Officer & President,"Surrozen, Inc.",SRZN
Andrew,Maleki,Chief Financial Officer,"Surrozen, Inc.",SRZN
Jeffrey,Hackman,Chief Executive Officer,Fennec Pharmaceuticals Inc.,FENC
Robert,Andrade,Chief Financial Officer,Fennec Pharmaceuticals Inc.,FENC
Fred,Aslan,President & Chief Executive Officer,"Artiva Biotherapeutics, Inc.",ARTV
Thad,Huston,Chief Financial Officer,"Artiva Biotherapeutics, Inc.",ARTV
Shankar,Musunuri,Chairman CEO & Co-Founder,"Ocugen, Inc.",OCGN
Rita,Johnson-Greene,Chief Financial Officer,"Ocugen, Inc.",OCGN
Junyi,Dai,Chief Executive Officer & Chairman,"Indaptus Therapeutics, Inc.",INDP
Yu,Ding,Chief Financial Officer,"Indaptus Therapeutics, Inc.",INDP
Kang-Huai,Wang,President & Chief Executive Officer,"CapsoVision, Inc.",CV
Kevin,Lundquist,Chief Financial Officer,"CapsoVision, Inc.",CV
Jerel,Banks,Chief Executive Officer & Chairman,Benitec Biopharma Inc.,BNTC
Megan,Boston,Chief Financial Officer,Benitec Biopharma Inc.,BNTC
Joseph,Papa,President & Chief Executive Officer,Emergent BioSolutions Inc.,EBS
Richard,Lindahl,EVP & Chief Financial Officer,Emergent BioSolutions Inc.,EBS
James,Green,"President, Chief Executive Officer & Chairman",Vogenx Inc,VOGX
Steven,Delmar,Chief Financial Officer,Vogenx Inc,VOGX
Steven,Nichtberger,"Chief Executive Officer, President & Chairman","Cabaletta Bio, Inc.",CABA
Anup,Marda,Chief Financial Officer,"Cabaletta Bio, Inc.",CABA
Carole,Ben-Maimon,President & Chief Executive Officer,"Larimar Therapeutics, Inc.",LRMR
Michael,Celano,Chief Financial Officer,"Larimar Therapeutics, Inc.",LRMR
Kristen,Fortney,"Chief Executive Officer, President & Co-Founder","BioAge Labs, Inc.",BIOA
Dov,Goldstein,Chief Financial Officer,"BioAge Labs, Inc.",BIOA
Devdatt,Kurdikar,"Chairman, President & Chief Executive Officer",Embecta Corp.,EMBC
Jake,Elguicze,Chief Financial Officer,Embecta Corp.,EMBC
Seth,Yon,President & Chief Executive Officer,Sanara MedTech Inc.,SMTI
Elizabeth,Taylor,Chief Financial Officer,Sanara MedTech Inc.,SMTI
Erqi,Wang,Chief Executive Officer,JIN MEDICAL INTERNATIONAL LTD.,ZJYL
Ziqiang,Wang,Chief Financial Officer,JIN MEDICAL INTERNATIONAL LTD.,ZJYL
Kris,Vaddi,Chief Executive Officer,Prelude Therapeutics Incorporated,PRLD
Bryant,Lim,Chief Financial Officer,Prelude Therapeutics Incorporated,PRLD
Pedro,Beltran,Chief Executive Officer,"BridgeBio Oncology Therapeutics, Inc.",BBOT
Uneek,Mehra,Chief Financial Officer,"BridgeBio Oncology Therapeutics, Inc.",BBOT
Richard,Foust,President & Chief Executive Officer,"Mobia Medical, Inc.",MOBI
Bunker,Curnes,Chief Financial Officer,"Mobia Medical, Inc.",MOBI
Brent,Pfeiffenberger,President & Chief Executive Officer,"Century Therapeutics, Inc.",IPSC
Douglas,Carr,Senior Vice President Finance (Principal Financial Officer; CFO not confirmed),"Century Therapeutics, Inc.",IPSC
Johan,Spoor,Chief Executive Officer,"Perspective Therapeutics, Inc.",CATX
Joel,Sendek,Chief Financial Officer,"Perspective Therapeutics, Inc.",CATX
Luis,Pena,"Co-Founder, President & Chief Executive Officer","Evommune, Inc.",EVMN
Kyle,Carver,Chief Financial Officer,"Evommune, Inc.",EVMN
Mihael,Polymeropoulos,"President, Chief Executive Officer & Chairman",Vanda Pharmaceuticals Inc.,VNDA
Kevin,Moran,"SVP, Chief Financial Officer & Treasurer",Vanda Pharmaceuticals Inc.,VNDA
Vishwas,Seshadri,Chief Executive Officer,Abeona Therapeutics Inc.,ABEO
Joseph,Vazzano,Chief Financial Officer,Abeona Therapeutics Inc.,ABEO
Samuel,Reich,Chief Executive Officer,"SAB Biotherapeutics, Inc.",SABS
Lucy,To,Chief Financial Officer,"SAB Biotherapeutics, Inc.",SABS
John,Treace,Chief Executive Officer,"Treace Medical Concepts, Inc.",TMCI
Mark,Hair,Chief Financial Officer,"Treace Medical Concepts, Inc.",TMCI
Jacob,Lalezari,Chief Executive Officer,CytoDyn Inc.,CYDY
Robert,Hoffman,Chief Financial Officer,CytoDyn Inc.,CYDY
Gaurav,Shah,Chief Executive Officer,"Rocket Pharmaceuticals, Inc.",RCKT
Aaron,Ondrey,Chief Financial Officer,"Rocket Pharmaceuticals, Inc.",RCKT
Bahram,Valamehr,President & Chief Executive Officer,"Fate Therapeutics, Inc.",FATE
Kamal,Adawi,Chief Financial Officer,"Fate Therapeutics, Inc.",FATE
Michael,Egholm,President & Chief Executive Officer,Standard BioTools Inc.,LAB
Alex,Kim,Chief Financial Officer,Standard BioTools Inc.,LAB
Rand,Sutherland,Chief Executive Officer,"Upstream Bio, Inc.",UPB
Mike,Gray,Chief Financial Officer & Chief Operating Officer,"Upstream Bio, Inc.",UPB
Jay,Duker,President & Chief Executive Officer,"EyePoint, Inc.",EYPT
George,Elston,"Executive Vice President, Chief Financial Officer","EyePoint, Inc.",EYPT
Adam,Craig,Executive Chairman (no CEO; principal executive),"X4 Pharmaceuticals, Inc.",XFOR
David,Kirske,Chief Financial Officer,"X4 Pharmaceuticals, Inc.",XFOR
Mark,Iwicki,Chief Executive Officer,"Inhibikase Therapeutics, Inc.",IKT
David,McIntyre,Chief Financial Officer,"Inhibikase Therapeutics, Inc.",IKT
Nolan,Townsend,Chief Executive Officer,"Lexeo Therapeutics, Inc.",LXEO
Louis,Tamayo,Chief Financial Officer,"Lexeo Therapeutics, Inc.",LXEO
Alex,Sapir,President & Chief Executive Officer,"Fulcrum Therapeutics, Inc.",FULC
Alan,Musso,Chief Financial Officer,"Fulcrum Therapeutics, Inc.",FULC
Snehal,Patel,Chief Executive Officer & Chief Financial Officer,"Greenwich LifeSciences, Inc.",GLSI
Richard,Kaiser,Interim Chief Executive Officer & Chief Financial Officer,"BioForce Nanosciences Holdings, Inc.",BFNH
Aaron,Berg,President & Chief Executive Officer,Amarin Corporation plc,AMRN
Peter,Fishman,Chief Financial Officer,Amarin Corporation plc,AMRN
Martin,Zügel,Interim Chief Executive Officer,AC Immune SA,ACIU
Christopher,Roberts,Chief Financial Officer,AC Immune SA,ACIU
Mary,Szela,President & Chief Executive Officer,"TriSalus Life Sciences, Inc.",TLSI
David,Patience,Chief Financial Officer,"TriSalus Life Sciences, Inc.",TLSI
Jane,Chung,Chief Executive Officer,"Sutro Biopharma, Inc.",STRO
Gregory,Chow,Chief Financial Officer,"Sutro Biopharma, Inc.",STRO
Niels,Riedemann,Chief Executive Officer,InflaRx N.V.,IFRX
Thomas,Taapken,Chief Financial Officer,InflaRx N.V.,IFRX
Ben,Zeskind,Co-Founder & Chief Executive Officer,Immuneering Corporation,IMRX
Andrew,Gengos,Chief Financial Officer,Immuneering Corporation,IMRX
Carrie,Eglinton Manner,President & Chief Executive Officer,"OraSure Technologies, Inc.",OSUR
Kenneth,McGrath,Chief Financial Officer,"OraSure Technologies, Inc.",OSUR
Kevin,Guest,Chief Executive Officer,"USANA Health Sciences, Inc.",USNA
Douglas,Hekking,Chief Financial Officer,"USANA Health Sciences, Inc.",USNA
Steve,Griffin,Chief Executive Officer,Anika Therapeutics Inc.,ANIK
Steve,Griffin,Principal Financial Officer (CFO role vacant),Anika Therapeutics Inc.,ANIK
Julie,Eastland,"Chief Executive Officer, President","Zentalis Pharmaceuticals, Inc.",ZNTL
Melissa,Epperly,Chief Financial Officer,"Zentalis Pharmaceuticals, Inc.",ZNTL
Nasrat,Hakim,"Chairman, President & Chief Executive Officer","Elite Pharmaceuticals, Inc.",ELTP
Carter,Ward,Chief Financial Officer,"Elite Pharmaceuticals, Inc.",ELTP
Kevin,Lee,Chief Executive Officer,Bicycle Therapeutics plc,BCYC
Travis,Thompson,Chief Financial Officer,Bicycle Therapeutics plc,BCYC
John,Butler,"President, Chief Executive Officer","Akebia Therapeutics, Inc.",AKBA
Erik,Ostrowski,"SVP, Chief Financial Officer & Chief Business Officer","Akebia Therapeutics, Inc.",AKBA
Jodie,Morrison,Chief Executive Officer,Q32 Bio Inc.,QTTB
Lee,Kalowski,Chief Financial Officer & President,Q32 Bio Inc.,QTTB
Paul,Josephs,President & Chief Executive Officer,"Lifecore Biomedical, Inc.",LFCR
Ryan,Lake,Chief Financial Officer,"Lifecore Biomedical, Inc.",LFCR
Linda,Powers,"Chairperson, CEO, President, CFO & Chief Accounting Officer","Northwest Biotherapeutics, Inc.",NWBO
Joshua,Mandel-Brehm,"CEO, President & Director",CAMP4 Therapeutics Corporation,CAMP
Kelly,Gold,Chief Financial Officer,CAMP4 Therapeutics Corporation,CAMP
Marc,Elia,Chairman & Chief Executive Officer,"Invivyd, Inc.",IVVD
Bill,Duke,Chief Financial Officer,"Invivyd, Inc.",IVVD
Eric,Risser,President & Chief Executive Officer,"MacroGenics, Inc.",MGNX
James,Karrels,"SVP, Chief Financial Officer & Secretary","MacroGenics, Inc.",MGNX
Dipal,Doshi,Chief Executive Officer,"Entrada Therapeutics, Inc.",TRDA
Kory,Wentworth,Chief Financial Officer & Treasurer,"Entrada Therapeutics, Inc.",TRDA
J.D.,Finley,Chief Executive Officer and Chief Financial Officer,"Palisade Bio, Inc.",PALI
Mori,Arkin,Interim Chief Executive Officer & Chairman,Sol-Gel Technologies Ltd.,SLGL
Eyal,Ben-Or,Chief Financial Officer,Sol-Gel Technologies Ltd.,SLGL
Brian,Culley,Chief Executive Officer,"Lineage Cell Therapeutics, Inc.",LCTX
Jill,Howe,Chief Financial Officer,"Lineage Cell Therapeutics, Inc.",LCTX
Diem,Nguyen,Chief Executive Officer,SIGA Technologies Inc.,SIGA
Daniel,Luckshire,"EVP, Chief Financial Officer & Secretary",SIGA Technologies Inc.,SIGA
Kevin,Cornwell,"Chairman, CEO, President","Utah Medical Products, Inc.",UTMD
Brian,Koopman,Principal Financial Officer,"Utah Medical Products, Inc.",UTMD
Lynn,Seely,President & Chief Executive Officer,"Lyell Immunopharma, Inc.",LYEL
Smital,Shah,Chief Financial and Business Officer,"Lyell Immunopharma, Inc.",LYEL
James,Cunniff,Chief Executive Officer,"Electromed, Inc.",ELMD
Bradley,Nagel,Chief Financial Officer,"Electromed, Inc.",ELMD
Rob,Fried,Chief Executive Officer,"Niagen Bioscience, Inc.",NAGE
Ozan,Pamir,Chief Financial Officer,"Niagen Bioscience, Inc.",NAGE
Mike,Cloonan,President & CEO,"Sionna Therapeutics, Inc.",SION
Elena,Ridloff,Chief Financial Officer,"Sionna Therapeutics, Inc.",SION
Daniel,de Boer,Chief Executive Officer,ProQR Therapeutics N.V.,PRQR
Dennis,Hom,Chief Financial Officer,ProQR Therapeutics N.V.,PRQR
Rebecca,Frey,President & CEO,"Yarrow Bioscience, Inc.",YARW
Tyler,Zeronda,Chief Financial Officer,"Yarrow Bioscience, Inc.",YARW
Carsten,Brunn,"President, CEO & Chairman","Cartesian Therapeutics, Inc.",RNAC
Blaine,Davis,Chief Financial Officer,"Cartesian Therapeutics, Inc.",RNAC
Eran,Ophir,President & CEO,Compugen Ltd.,CGEN
Alberto,Sessa,Chief Financial Officer,Compugen Ltd.,CGEN
Dror,Bashan,President & CEO,"Protalix BioTherapeutics, Inc. (DE)",PLX
Gilad,Mamlok,Senior Vice President & Chief Financial Officer,"Protalix BioTherapeutics, Inc. (DE)",PLX
Jasbir,Seehra,President & Chief Executive Officer,"Keros Therapeutics, Inc.",KROS
Annita,Tanini,Interim Principal Financial Officer,"Keros Therapeutics, Inc.",KROS
Kenneth,Romanzi,Chief Executive Officer,Nature's Sunshine Products Inc.,NATR
Ruth,Perkins,Executive Vice President & Chief Financial Officer,Nature's Sunshine Products Inc.,NATR
Rick,Van Kirk,President & Chief Executive Officer,"Pro-Dex, Inc.",PDEX
Alisha,Charlton,Chief Financial Officer,"Pro-Dex, Inc.",PDEX
David,Lennon,President & CEO,"Whitehawk Therapeutics, Inc.",WHWK
Scott,Giacobello,Chief Financial Officer,"Whitehawk Therapeutics, Inc.",WHWK
Peter,Luo,Chief Executive Officer,Adagene Inc.,ADAG
Raymond,Tam,Chief Financial Officer,Adagene Inc.,ADAG
Arnon,Rosenthal,Chief Executive Officer,"Alector, Inc.",ALEC
Neil,Berkley,Chief Financial Officer & Chief Business Officer,"Alector, Inc.",ALEC
David-Alexandre,Gros,Chief Executive Officer,"Eledon Pharmaceuticals, Inc.",ELDN
Paul,Little,Chief Financial Officer,"Eledon Pharmaceuticals, Inc.",ELDN
Adrian,Gottschalk,Chief Executive Officer,Foghorn Therapeutics Inc.,FHTX
Ryan,Maynard,Chief Financial Officer,Foghorn Therapeutics Inc.,FHTX
Adam,Rogers,President & CEO,NervGen Pharma Corp.,NGEN
Keith,Vendola,Chief Financial Officer,NervGen Pharma Corp.,NGEN
Terrie,Kellmeyer,Interim Chief Executive Officer,Anavex Life Sciences Corp.,AVXL
Sandra,Boenisch,Principal Financial Officer,Anavex Life Sciences Corp.,AVXL
Nadav,Kidron,Chief Executive Officer,Oramed Pharmaceuticals Inc.,ORMP
Avraham,Gabay,Chief Financial Officer,Oramed Pharmaceuticals Inc.,ORMP
Eric,Easom,President & CEO,"AN2 Therapeutics, Inc.",ANTX
Lucy,Day,Chief Financial Officer,"AN2 Therapeutics, Inc.",ANTX
Jason,Lettmann,Chief Executive Officer,ALX Oncology Holdings Inc.,ALXO
Harish,Shantharam,Chief Financial Officer,ALX Oncology Holdings Inc.,ALXO
Shao-Lee,Lin,"President, CEO & Director","Cue Biopharma, Inc.",CUE
James,Ahlers,Chief Financial Officer,"Cue Biopharma, Inc.",CUE
Claude,Maraoui,Chief Executive Officer,Journey Medical Corporation,DERM
Joseph,Benesch,Chief Financial Officer,Journey Medical Corporation,DERM
Paul,Hastings,Chief Executive Officer,"Nkarta, Inc.",NKTX
Nadir,Mahmood,President & Principal Financial Officer,"Nkarta, Inc.",NKTX
Dennis,Lanfear,President & Chief Executive Officer,"Coherus Oncology, Inc.",CHRS
Bryan,McMichael,Chief Financial Officer,"Coherus Oncology, Inc.",CHRS
Thomas,Civik,Chief Executive Officer & Chairman,"Pyxis Oncology, Inc.",PYXS
Pamela,Connealy,Chief Financial Officer & Chief Operating Officer,"Pyxis Oncology, Inc.",PYXS
Thomas,Schuetz,President & Chief Executive Officer,"Compass Therapeutics, Inc.",CMPX
Barry,Shin,Chief Financial Officer,"Compass Therapeutics, Inc.",CMPX
Dan,Reuvers,President & Chief Executive Officer,"Neuronetics, Inc.",STIM
Nir,Naor,"EVP, Chief Financial Officer & Treasurer","Neuronetics, Inc.",STIM
Sujal,Patel,"Chief Executive Officer, President & Secretary","Nautilus Biotechnology, Inc.",NAUT
Anna,Mowry,Chief Financial Officer,"Nautilus Biotechnology, Inc.",NAUT
Ofer,Gonen,Chief Executive Officer,MediWound Ltd.,MDWD
Hani,Luxenburg,Chief Financial Officer,MediWound Ltd.,MDWD
Jesse,Shefferman,Chief Executive Officer,"Protara Therapeutics, Inc.",TARA
Patrick,Fabbio,Chief Financial Officer,"Protara Therapeutics, Inc.",TARA
Gary,Gillheeney,President & Chief Executive Officer,Organogenesis Holdings Inc.,ORGO
David,Francisco,Chief Financial Officer,Organogenesis Holdings Inc.,ORGO
Christoph,Antz,Chief Executive Officer,Veraxa Biotech AG,VRXA
Raju,Willener,Chief Financial Officer,Veraxa Biotech AG,VRXA
Joseph,Chee,Chairman & Chief Executive Officer,Solana Company,HSDT
Madelene,Gani,Chief Operating Officer & Deputy CFO,Solana Company,HSDT
James,McArthur,President & Chief Executive Officer,PepGen Inc.,PEPG
Noel,Donnelly,Chief Financial Officer,PepGen Inc.,PEPG
Michael,Amoroso,President & Chief Executive Officer,"Precision BioSciences, Inc.",DTIL
Naresh,Tanna,Chief Financial Officer,"Precision BioSciences, Inc.",DTIL
Everett,Cunningham,President & Chief Executive Officer,Quanterix Corporation,QTRX
Jason,Faessler,Chief Financial Officer,Quanterix Corporation,QTRX
Ryan,Rhodes,Chief Executive Officer,EDAP TMS S.A.,FOCL
Ken,Mobeck,Chief Financial Officer,EDAP TMS S.A.,FOCL
Daniel,O'Connell,President & Chief Executive Officer,"Acumen Pharmaceuticals, Inc.",ABOS
Matt,Zuga,Chief Financial Officer & Chief Business Officer,"Acumen Pharmaceuticals, Inc.",ABOS
Seth,Lederman,Chief Executive Officer & Chairman,Tonix Pharmaceuticals Holding Corp.,TNXP
Bradley,Saenger,Chief Financial Officer,Tonix Pharmaceuticals Holding Corp.,TNXP
Al,Sandrock,Chief Executive Officer,"Voyager Therapeutics, Inc.",VYGR
Robin,Swartz,"Chief Operating Officer, Chief Business Officer & Principal Financial Officer (Interim CFO)","Voyager Therapeutics, Inc.",VYGR
Ameet,Mallik,President & Chief Executive Officer,ADC Therapeutics SA,ADCT
Jose,Carmona,Chief Financial Officer,ADC Therapeutics SA,ADCT
Remy,Luthringer,Executive Chairman & Chief Executive Officer,"Minerva Neurosciences, Inc",NERV
Frederick,Ahlholm,Chief Financial Officer,"Minerva Neurosciences, Inc",NERV
Srishti,Gupta,Chief Executive Officer,NovaBridge Biosciences,NBP
Lishan,Aklog,Chief Executive Officer,Lucid Diagnostics Inc.,LUCD
Dennis,McGrath,Chief Financial Officer,Lucid Diagnostics Inc.,LUCD
Fu-Feng,Kuo,Chief Executive Officer & Chairwoman,Jyong Biotech Ltd.,MENS
Wei,Zhang,Chief Financial Officer,Jyong Biotech Ltd.,MENS
Bob,Jahr,President & Chief Executive Officer,"Outlook Therapeutics, Inc.",OTLK
Kevin,Lundquist,Chief Financial Officer,"Outlook Therapeutics, Inc.",OTLK
Michael,Kazley,Chairman & Chief Executive Officer,Stablecoin Development Corporation,SDEV
Tommy,Law,Chief Financial Officer & Treasurer,Stablecoin Development Corporation,SDEV
Laura,Niklason,President & Chief Executive Officer,"Humacyte, Inc.",HUMA
Dale,Sander,"Chief Financial Officer, Chief Corporate Development Officer & Treasurer","Humacyte, Inc.",HUMA
Kath,Gallagher,President & Chief Executive Officer,"Atrium Therapeutics, Inc.",RNA
Brendan,Winslow,Chief Financial Officer,"Atrium Therapeutics, Inc.",RNA
Ram,Aiyar,Chief Executive Officer & President,"Korro Bio, Inc.",KRRO
Vineet,Agarwal,Chief Financial Officer,"Korro Bio, Inc.",KRRO
Javier,Szwarcberg,Chief Executive Officer,"Spruce Biosciences, Inc.",SPRB
Samir,Gharib,President & Chief Financial Officer,"Spruce Biosciences, Inc.",SPRB
Kevin,Smith,President & Chief Executive Officer,"Inogen, Inc",INGN
Jason,Richardson,Chief Financial Officer,"Inogen, Inc",INGN
Faraz,Ali,Chief Executive Officer,"Tenaya Therapeutics, Inc.",TNYA
Eric,Hyllengren,Chief Financial Officer,"Tenaya Therapeutics, Inc.",TNYA
James,Bianco,President & Chief Executive Officer,"TuHURA Biosciences, Inc.",HURA
Dan,Dearborn,Executive VP of Finance & Chief Financial Officer,"TuHURA Biosciences, Inc.",HURA
Deborah,Birx,Chief Executive Officer,"Armata Pharmaceuticals, Inc.",ARMP
David,House,SVP Finance & Principal Financial Officer,"Armata Pharmaceuticals, Inc.",ARMP
Rachel,Haurwitz,President & Chief Executive Officer,"Caribou Biosciences, Inc.",CRBU
Sriram,Ryali,Chief Financial Officer,"Caribou Biosciences, Inc.",CRBU
Ivor,Elrifi,Chief Executive Officer,Tiziana Life Sciences Ltd,TLSA
Keeren,Shah,Chief Financial Officer & Chief Operating Officer,Tiziana Life Sciences Ltd,TLSA
Adam,Kalbermatten,President & Chief Executive Officer,"KORU Medical Systems, Inc.",KRMD
Thomas,Adams,Chief Financial Officer,"KORU Medical Systems, Inc.",KRMD
Christopher,Miglino,Chief Executive Officer,Axe Compute Inc.,AGPU
Jeremy,Yaukey-Witter,Chief Financial Officer,Axe Compute Inc.,AGPU
Henry,Ji,"Executive Chairman, Chief Executive Officer & President",Semnur Pharmaceuticals Inc.,SMNR
Stephen,Ma,"Chief Operating Officer (formerly SVP, CFO)",Semnur Pharmaceuticals Inc.,SMNR
Yuval,Cohen,Chief Executive Officer,"Corbus Pharmaceuticals Holdings, Inc.",CRBP
Sean,Moran,Chief Financial Officer,"Corbus Pharmaceuticals Holdings, Inc.",CRBP
Jonathan,Javitt,Interim Chief Executive Officer,"NRX Pharmaceuticals, Inc.",NRXP
Michael,Abrams,Chief Financial Officer,"NRX Pharmaceuticals, Inc.",NRXP
Shalabh,Gupta,Chief Executive Officer,"Unicycive Therapeutics, Inc.",UNCY
John,Townsend,Chief Financial Officer,"Unicycive Therapeutics, Inc.",UNCY
Christine,Deister,Chief Executive Officer,"Harbor Diversified, Inc.",HRBR
Gregg,Garvey,Chief Financial Officer,"Harbor Diversified, Inc.",HRBR
Yogi,Jashnani,Chief Executive Officer,"AirSculpt Technologies, Inc.",AIRS
Michael,Arthur,Chief Financial Officer,"AirSculpt Technologies, Inc.",AIRS
David,Fischel,Chairman & Chief Executive Officer,"Stereotaxis, Inc.",STXS
Kimberly,Peery,Chief Financial Officer,"Stereotaxis, Inc.",STXS
Erik,Lundgren,Chief Executive Officer,"Immunic, Inc.",IMUX
Maher,Masoud,President & Chief Executive Officer,"MaxCyte, Inc.",MXCT
Parmeet,Ahuja,Chief Financial Officer,"MaxCyte, Inc.",MXCT
David,Mack,President & Chief Executive Officer,"PMV Pharmaceuticals, Inc.",PMVP
Michael,Carulli,Chief Financial Officer,"PMV Pharmaceuticals, Inc.",PMVP
Omid,Farokhzad,Chair & Chief Executive Officer,"Seer, Inc.",SEER
David,Horn,"President, Chief Financial Officer & Treasurer (departing Oct 1, 2026)","Seer, Inc.",SEER
Charles,Endweiss,"Principal Financial Officer & Treasurer (effective Oct 1, 2026)","Seer, Inc.",SEER
Paul,Sekhri,President & Chief Executive Officer,vTv Therapeutics Inc.,VTVT
Michael,Tung,EVP & Chief Financial Officer,vTv Therapeutics Inc.,VTVT
Evert,Schimmelpennink,President & Chief Executive Officer,"LENZ Therapeutics, Inc.",LENZ
Dan,Chevallard,Chief Financial Officer,"LENZ Therapeutics, Inc.",LENZ
A.J.,Kazimi,Chairman & Chief Executive Officer,Cumberland Pharmaceuticals Inc.,CPIX
John,Hamm,Chief Financial Officer,Cumberland Pharmaceuticals Inc.,CPIX
Jacqueline,Shea,President & Chief Executive Officer,"Inovio Pharmaceuticals, Inc.",INO
Peter,Kies,Chief Financial Officer,"Inovio Pharmaceuticals, Inc.",INO
Arun,Swaminathan,Chief Executive Officer,"Coya Therapeutics, Inc.",COYA
David,Snyder,Chief Financial Officer & Chief Operating Officer,"Coya Therapeutics, Inc.",COYA
Tien-Li,Lee,Chief Executive Officer,"Aardvark Therapeutics, Inc.",AARD
Nelson,Sun,Chief Financial Officer & Chief Operating Officer,"Aardvark Therapeutics, Inc.",AARD
Michael,Lee,Chairman & Chief Executive Officer,UMeWorld Inc.,UMEW
Winfield,Ding,Chief Financial Officer,UMeWorld Inc.,UMEW
Joshua,Pinto,President & Chief Executive Officer,"Neumora Therapeutics, Inc.",NMRA
Michael,Milligan,Chief Financial Officer,"Neumora Therapeutics, Inc.",NMRA
Talat,Imran,Chief Executive Officer,"Rani Therapeutics Holdings, Inc.",RANI
Nicholas,Maestas,Chief Financial Officer,"Rani Therapeutics Holdings, Inc.",RANI
Thomas,Zindrick,"Chairman, Chief Executive Officer & President",Genelux Corporation,GNLX
Matthew,Pulisic,Chief Financial Officer,Genelux Corporation,GNLX
Joshua,Riggs,President & Chief Executive Officer,Insight Molecular Diagnostics Inc.,IMDX
Andrea,James,Chief Financial Officer,Insight Molecular Diagnostics Inc.,IMDX
Adam,Mendelsohn,Chief Executive Officer,"Vivani Medical, Inc.",VANI
Anthony,Baldor,Chief Financial Officer,"Vivani Medical, Inc.",VANI
David,Lazar,Chief Executive Officer,Quantum Cyber N.V.,QUCY
William,Caragol,Chief Financial Officer (consultant),Quantum Cyber N.V.,QUCY
John,Friend,Chief Executive Officer,Kazia Therapeutics Limited,KZIA
James,Levine,Chief Financial Officer,Kazia Therapeutics Limited,KZIA
Joseph,Oliveto,President & Chief Executive Officer,Milestone Pharmaceuticals Inc.,MIST
Amit,Hasija,Chief Financial Officer & EVP Corporate Development,Milestone Pharmaceuticals Inc.,MIST
Steven,Lo,President & Chief Executive Officer,"Vaxart, Inc.",VXRT
Jeroen,Grasman,Chief Financial Officer,"Vaxart, Inc.",VXRT
Mark,Velleca,Chief Executive Officer,"Black Diamond Therapeutics, Inc.",BDTX
Erika,Jones,Senior Vice President Finance & Principal Financial Officer,"Black Diamond Therapeutics, Inc.",BDTX
Dikla,Czaczkes Akselbrad,Chief Executive Officer,PolyPid Ltd.,PYPD
Jonny,Missulawin,Chief Financial Officer,PolyPid Ltd.,PYPD
Nicholas,Saccomano,President & Chief Executive Officer,"OnKure Therapeutics, Inc.",OKUR
Jason,Leverone,Chief Financial Officer,"OnKure Therapeutics, Inc.",OKUR
Charles,Goodwin,Chief Executive Officer,Apyx Medical Corporation,APYX
Matthew,Hill,Chief Financial Officer,Apyx Medical Corporation,APYX
Daniel,Reis-Faria,Chief Executive Officer,ZeroStack Corp.,ZSTK
Dany,Vaiman,Chief Financial Officer,ZeroStack Corp.,ZSTK
Bruce,Steel,Chief Executive Officer,"Equillium, Inc.",EQ
Stephen,Connelly,President & Chief Scientific Officer,"Equillium, Inc.",EQ
Amit,Kumar,Chairman & Chief Executive Officer,"Anixa Biosciences, Inc.",ANIX
Michael,Catelani,"President, Chief Operating Officer & Chief Financial Officer","Anixa Biosciences, Inc.",ANIX
Neil,Warma,Chief Executive Officer,ProMIS Neurosciences Inc.,PMN
Daniel,Geffken,Chief Financial Officer,ProMIS Neurosciences Inc.,PMN
Miles,Harrison,"President, Chief Executive Officer & Director",Conexeu Sciences Inc.,CNXU
Stephen,Inouye,"Chief Financial Officer, Corporate Secretary & Treasurer",Conexeu Sciences Inc.,CNXU
Joshua,Lev,Co-Chief Executive Officer,"electroCore, Inc.",ECOR
Mike,Fox,Co-Chief Executive Officer,"electroCore, Inc.",ECOR
Leonard,Mazur,Chairman & Chief Executive Officer,"Citius Oncology, Inc.",CTOR
Jaime,Bartushak,Chief Financial Officer,"Citius Oncology, Inc.",CTOR
Thomas,Hull,President & Chief Executive Officer,Kewaunee Scientific Corporation,KEQU
Donald,Gardner,Executive Vice President Finance & Chief Financial Officer,Kewaunee Scientific Corporation,KEQU
Hong,Li,Co-Chief Executive Officer,BGM Group Ltd.,BGM
Yaxuan,Zhai,Chief Financial Officer,BGM Group Ltd.,BGM
Michael,Hitchcock,Interim Chief Executive Officer,"Biomea Fusion, Inc.",BMEA
Franco,Valle,Chief Financial Officer,"Biomea Fusion, Inc.",BMEA
Amir,Heshmatpour,Chief Executive Officer,"NeOnc Technologies Holdings, Inc.",NTHI
Keithly,Garnett,Chief Financial Officer,"NeOnc Technologies Holdings, Inc.",NTHI
Mani,Mohindru,President & Chief Executive Officer,"Cardiff Oncology, Inc.",CRDF
Joshua,Muntner,Chief Financial Officer,"Cardiff Oncology, Inc.",CRDF
Gareth,Sheridan,Chief Executive Officer,Nutriband Inc.,NTRB
Gerald,Goodman,Chief Financial Officer,Nutriband Inc.,NTRB
Brian,Carrico,President & Chief Executive Officer,"Neuraxis, Inc.",NRXS
Tim,Henrichs,Chief Financial Officer,"Neuraxis, Inc.",NRXS
Allan,Marshall,Chief Executive Officer,"Upexi, Inc.",UPXI
Andrew,Norstrud,Chief Financial Officer,"Upexi, Inc.",UPXI
Michael,Cavanaugh,Chief Executive Officer,Range Impact Inc.,RNGE
Patricia,Missal,Chief Financial Officer,Range Impact Inc.,RNGE
Lisa,Ricciardi,President & Chief Executive Officer,"Cognition Therapeutics, Inc.",CGTX
John,Doyle,Chief Financial Officer,"Cognition Therapeutics, Inc.",CGTX
Peter,Blume-Jensen,"Chairman, CEO & President","Acrivon Therapeutics, Inc.",ACRV
Adam,Levy,Chief Financial Officer,"Acrivon Therapeutics, Inc.",ACRV
Harith,Rajagopalan,Co-Founder & Chief Executive Officer,"Fractyl Health, Inc.",GUTS
Lara,Smith Weber,Chief Financial Officer,"Fractyl Health, Inc.",GUTS
Stephen,Uden,Chief Executive Officer,Rallybio Corporation,RLYB
Jonathan,Lieber,Chief Financial Officer,Rallybio Corporation,RLYB
Olivier,te Boekhorst,President & Chief Executive Officer,ImmuCell Corporation,ICCC
Timothy,Fiori,Chief Financial Officer,ImmuCell Corporation,ICCC
Dayton,Judd,Chairman & Chief Executive Officer,"FitLife Brands, Inc.",FTLF
Jakob,York,Chief Financial Officer,"FitLife Brands, Inc.",FTLF
Maria,Sainz,President & Chief Executive Officer,"Hyperfine, Inc.",HYPR
Brett,Hale,Chief Administrative Officer & Chief Financial Officer,"Hyperfine, Inc.",HYPR
Scot,Cohen,Chief Executive Officer & Executive Chairman,"Wrap Technologies, Inc.",WRAP
Scot,Cohen,Interim Chief Financial Officer (Principal Financial Officer),"Wrap Technologies, Inc.",WRAP
Yuichi,Iwaki,Founder & Chief Executive Officer,"MediciNova, Inc.",MNOV
Jason,Kruger,Chief Financial Officer,"MediciNova, Inc.",MNOV
Glendon,French,President & Chief Executive Officer,Pulmonx Corporation,LUNG
Derrick,Sung,Chief Operating Officer & Chief Financial Officer,Pulmonx Corporation,LUNG
Nicholas,Curtis,Chief Executive Officer,"LENSAR, Inc.",LNSR
Michael,Rossi,Interim Chief Financial Officer,"LENSAR, Inc.",LNSR
Cokey,Nguyen,President & Chief Executive Officer,"Atara Biotherapeutics, Inc.",ATRA
Kevin,Sarney,Interim Chief Financial Officer,"Atara Biotherapeutics, Inc.",ATRA
Jared,Kelly,Chief Executive Officer,Oncolytics Biotech Inc.,ONCY
Kirk,Look,Chief Financial Officer,Oncolytics Biotech Inc.,ONCY
Harel,Gadot,"CEO, President & Chairman",Microbot Medical Inc.,MBOT
Rachel,Vaknin,Chief Financial Officer,Microbot Medical Inc.,MBOT
Scott,Plesha,Chief Executive Officer,Pelthos Therapeutics Inc.,PTHS
John,Gay,Chief Financial Officer,Pelthos Therapeutics Inc.,PTHS
Erez,Aminov,Chairman & Chief Executive Officer,"Telomir Pharmaceuticals, Inc.",TELO
Alan,Weichselbaum,Chief Financial Officer,"Telomir Pharmaceuticals, Inc.",TELO
Pedro,Malha,"President, Chief Executive Officer",SkinHealth Systems Inc.,SKIN
Michael,Monahan,Chief Financial Officer,SkinHealth Systems Inc.,SKIN
Terrence,Moorehead,President & Chief Executive Officer,Lifevantage Corporation,LFVN
Carl,Aure,Chief Financial Officer,Lifevantage Corporation,LFVN
Todd,Brady,President & Chief Executive Officer,"Aldeyra Therapeutics, Inc.",ALDX
Michael,Alfieri,Principal Financial Officer (CFO),"Aldeyra Therapeutics, Inc.",ALDX
Gene,Mack,President & Chief Executive Officer,"Gain Therapeutics, Inc.",GANX
Gene,Mack,Interim Chief Financial Officer,"Gain Therapeutics, Inc.",GANX
Jayson,Rieger,Chief Executive Officer & President,Verrica Pharmaceuticals Inc.,VRCA
John,Kirby,Chief Financial Officer,Verrica Pharmaceuticals Inc.,VRCA
Barry,Quart,Chief Executive Officer,Connect Biopharma Holdings Limited,CNTB
Steven,Chan,Chief Financial Officer,Connect Biopharma Holdings Limited,CNTB
Larry,Heaton,Chief Executive Officer,Zomedica Corp.,ZOMDF
Scott,Jordan,Executive VP Finance & Chief Financial Officer,Zomedica Corp.,ZOMDF
Paul,Romness,"Founder, President, Chief Executive Officer",OS Therapies Incorporated,OSTX
Christopher,Acevedo,Chief Financial Officer,OS Therapies Incorporated,OSTX
Faheem,Hasnain,Chairman & Chief Executive Officer,"Gossamer Bio, Inc.",GOSS
Bryan,Giraudo,Chief Operating Officer & Chief Financial Officer,"Gossamer Bio, Inc.",GOSS
Martin,Brenner,Chief Executive Officer,"iBio, Inc.",IBIO
Felipe,Duran,Chief Financial Officer,"iBio, Inc.",IBIO
Shaun,Bagai,Chief Executive Officer,"RenovoRx, Inc.",RNXT
Mark,Voll,Chief Financial Officer,"RenovoRx, Inc.",RNXT
Lindsay,Rosenwald,"Chairman, President & Chief Executive Officer","Fortress Biotech, Inc.",FBIO
David,Jin,Chief Financial Officer,"Fortress Biotech, Inc.",FBIO
Esther,Rajavelu,"President, Chief Executive Officer & Chief Financial Officer","Spero Therapeutics, Inc.",SPRO
Jennifer,Callahan,Interim CEO & Chief Financial Officer,Cingulate Inc.,CING
Robert,Dempsey,Chief Executive Officer,OKYO Pharma Limited,OKYO
Keeren,Shah,Chief Financial Officer,OKYO Pharma Limited,OKYO
Vlad,Vitoc,Chief Executive Officer & President,"MAIA Biotechnology, Inc.",MAIA
Jeffrey,Himmelreich,Head of Finance & Principal Financial Officer,"MAIA Biotechnology, Inc.",MAIA
Chris,Giordano,President & Chief Executive Officer,"Tenax Therapeutics, Inc.",TENX
Thomas,Staab,Chief Financial Officer,"Tenax Therapeutics, Inc.",TENX
Brian,Windsor,President & Chief Executive Officer,Rein Therapeutics Inc.,RNTX
Timothy,Cunningham,Interim Chief Financial Officer,Rein Therapeutics Inc.,RNTX
Erez,Raphael,Chief Executive Officer,DarioHealth Corp.,DRIO
Chen,Franco-Yehuda,Chief Financial Officer,DarioHealth Corp.,DRIO
Bernard,Coulie,President & Chief Executive Officer,"Pliant Therapeutics, Inc.",PLRX
Keith,Cummings,Chief Financial Officer,"Pliant Therapeutics, Inc.",PLRX
Chen,Schor,President & Chief Executive Officer,"Adicet Bio, Inc.",ACET
Nick,Harvey,Chief Financial Officer,"Adicet Bio, Inc.",ACET
Sushma,Shivaswamy,Interim CEO & Chief Scientific Officer,XBiotech Inc.,XBIT
Angela,Hu,"Interim Chief Financial Officer (Director of Finance, Principal Financial Officer)",XBiotech Inc.,XBIT
Rob,Brainin,Chief Executive Officer,"Champions Oncology, Inc.",CSBR
David,Miller,Chief Financial Officer,"Champions Oncology, Inc.",CSBR
Jennifer,Bath,Chief Executive Officer & President,MindWalk Holdings Corp.,HYFT
Scott,Areglado,Chief Financial Officer,MindWalk Holdings Corp.,HYFT
Thomas,Davis,Chief Executive Officer,"Viskase Holdings, Inc.",VISK
Michael,Blecic,Chief Financial Officer,"Viskase Holdings, Inc.",VISK
McAndrew,Rudisill,Executive Chairman & Chief Executive Officer,"Forum Markets, Incorporated",FRMM
John,Saunders,Chief Financial Officer,"Forum Markets, Incorporated",FRMM
Craig,Collard,Chief Executive Officer,"Heron Therapeutics, Inc.",HRTX
Ira,Duarte,Executive Vice President & Chief Financial Officer,"Heron Therapeutics, Inc.",HRTX
Jennifer,Buell,President & Chief Executive Officer,"MiNK Therapeutics, Inc.",INKT
Melissa,Orilall,Chief Financial Officer,"MiNK Therapeutics, Inc.",INKT
Sandy,Macrae,Chief Executive Officer,"Sangamo Therapeutics, Inc.",SGMOQ
Nikunj,Jain,Interim Chief Financial Officer,"Sangamo Therapeutics, Inc.",SGMOQ
Andrew,Oxtoby,President & Chief Executive Officer,"Kalaris Therapeutics, Inc.",KLRS
Liisa,Bayko,Chief Financial Officer,"Kalaris Therapeutics, Inc.",KLRS
Vincent,Angotti,Chief Executive Officer,"Talphera, Inc.",TLPH
Raffi,Asadorian,Chief Financial Officer,"Talphera, Inc.",TLPH
David,Jorden,Chief Executive Officer & Chief Financial Officer,"Nuo Therapeutics, Inc.",AURX
Geordan,Pursglove,"Chairman, President & Chief Executive Officer","Nomad Power Solutions, Inc.",NMAD
Peter,Stazzone,Chief Financial Officer,"Nomad Power Solutions, Inc.",NMAD
Sumit,Aggarwal,President & Chief Executive Officer,"Eloxx Pharmaceuticals, Inc.",ELOX
Daniel,Geffken,Interim Chief Financial Officer,"Eloxx Pharmaceuticals, Inc.",ELOX
Denise,Scots-Knight,Chief Executive Officer,Mereo BioPharma Group plc,MREO
Christine,Fox,Chief Financial Officer,Mereo BioPharma Group plc,MREO
Michael,McGarrity,Chief Executive Officer,MDxHealth SA,MDXH
Ron,Kalfus,Interim Chief Financial Officer,MDxHealth SA,MDXH
Rene,Russo,President & Chief Executive Officer,"Xilio Therapeutics, Inc.",XLO
Christopher,Frankenfield,Chief Financial Officer & Chief Operating Officer,"Xilio Therapeutics, Inc.",XLO
Rob,Etherington,President & Chief Executive Officer,Clene Inc.,CLNN
Morgan,Brown,Chief Financial Officer,Clene Inc.,CLNN
Hyunsu,Jung,Chief Executive Officer,"Hyperion DeFi, Inc.",HYPD
David,Knox,Chief Financial Officer,"Hyperion DeFi, Inc.",HYPD
Adel,Abdullah,President & Chairman (Principal Executive & Financial Officer),Positron Corp.,POSC
Guus,Franke,Chief Executive Officer,"Circle8 Group, Inc.",CIRC
Kevin,Murphy,Chief Financial Officer,"Circle8 Group, Inc.",CIRC
Leslie,Trigg,"Chair, President & Chief Executive Officer","Outset Medical, Inc.",OM
Renee,Gaeta,Chief Financial Officer,"Outset Medical, Inc.",OM
Zachary,Hornby,President & Chief Executive Officer,"Boundless Bio, Inc.",BOLD
David,Hinkle,Senior Vice President & Principal Financial Officer,"Boundless Bio, Inc.",BOLD
Maria,Maccecchini,"Founder, President, Chief Executive Officer & Acting Chief Financial Officer","Annovis Bio, Inc.",ANVS
David,Moss,Chief Executive Officer,INmune Bio Inc.,INMB
Cory,Ellspermann,Chief Financial Officer,INmune Bio Inc.,INMB
Jason,Matuszewski,Chief Executive Officer,"BioStem Technologies, Inc.",BSEM
Brandon,Poe,Chief Financial Officer,"BioStem Technologies, Inc.",BSEM
Heather,Getz,Chief Executive Officer,"TELA Bio, Inc.",TELA
Brent,Lucas,Chief Executive Officer,"Envoy Medical, Inc.",COCH
Robert,Potashnick,Chief Accounting Officer & Vice President of Finance (principal financial officer),"Envoy Medical, Inc.",COCH
Erez,Meltzer,Chief Executive Officer,NANO-X IMAGING LTD,NNOX
Guy,Nathanzon,Chief Financial Officer,NANO-X IMAGING LTD,NNOX
Kevin,Hykes,President & Chief Executive Officer,"CVRx, Inc.",CVRX
Jared,Oasheim,Chief Financial Officer (successor John Landry starts after Q3 2026 10-Q),"CVRx, Inc.",CVRX
Kristin,Yarema,Chief Executive Officer & Interim Principal Financial Officer,"ImageneBio, Inc.",IMA
Vincent,Capone,Chief Executive Officer,"Spectral AI, Inc.",MDAI
David,McGuire,Chief Financial Officer,"Spectral AI, Inc.",MDAI
Sean,Browne,President & Chief Executive Officer,"Xtant Medical Holdings, Inc.",XTNT
Scott,Neils,Chief Financial Officer,"Xtant Medical Holdings, Inc.",XTNT
