First Name,Last Name,Title,Company,Website,Ticker,LinkedIn URL,LinkedIn Confidence
Kenneth,Galbraith,"Chair, President & Chief Executive Officer",Zymeworks,zymeworks.com,ZYME,https://uk.linkedin.com/in/kenneth-galbraith-57551a10,medium
Kristin,Stafford,Executive Vice President & Chief Financial Officer,Zymeworks,zymeworks.com,ZYME,https://www.linkedin.com/in/kristin-stafford/,high
Bernd,Brust,Chief Executive Officer,Maravai LifeSciences,maravai.com,MRVI,https://www.linkedin.com/in/bernd-brust-ab06b03/,medium
Rajesh,Asarpota,Executive Vice President & Chief Financial Officer,Maravai LifeSciences,maravai.com,MRVI,https://www.linkedin.com/in/raj-asarpota/,high
Michael,Severino,Chief Executive Officer,Sarepta Therapeutics,sarepta.com,SRPT,https://www.linkedin.com/in/michael-e-severino/,high
Ryan,Wong,Executive Vice President & Chief Financial Officer,Sarepta Therapeutics,sarepta.com,SRPT,,not_found
Bassil,Dahiyat,President & Chief Executive Officer,Xencor,xencor.com,XNCR,https://www.linkedin.com/in/bassil-dahiyat/,medium
Bart,Cornelissen,Senior Vice President & Chief Financial Officer,Xencor,xencor.com,XNCR,https://www.linkedin.com/in/bart-cornelissen-seattle/,high
Travis,Murdoch,Chief Executive Officer,Braveheart Bio,braveheart.bio,BRVE,,not_found
Paul,Rickey,Chief Financial Officer,Braveheart Bio,braveheart.bio,BRVE,https://www.linkedin.com/in/paulrickey/,high
Michael,Nally,Chief Executive Officer,Generate Biomedicines,generatebiomedicines.com,GENB,https://www.linkedin.com/in/michael-nally-0a137299/,high
Jason,Silvers,President & Chief Financial Officer,Generate Biomedicines,generatebiomedicines.com,GENB,https://www.linkedin.com/in/jason-silvers-b2975323b/,high
Roderick,de Greef,Chairman & Chief Executive Officer,BioLife Solutions,biolifesolutions.com,BLFS,http://www.linkedin.com/in/roderick-de-greef-7895872,from Apollo export
Troy,Wichterman,Chief Financial Officer,BioLife Solutions,biolifesolutions.com,BLFS,http://www.linkedin.com/in/troy-wichterman-70627913,from Apollo export
George,LeMaitre,Chairman & Chief Executive Officer,LeMaitre Vascular,lemaitre.com,LMAT,,not_found
Dorian,LeBlanc,Chief Financial Officer,LeMaitre Vascular,lemaitre.com,LMAT,,not_found
Peter,Caldini,Chief Executive Officer,Establishment Labs,establishmentlabs.com,ESTA,,not_found
Sandra,Harris,Senior Vice President & Chief Financial Officer,Establishment Labs,establishmentlabs.com,ESTA,http://www.linkedin.com/in/sandra-harris-1395118,from Apollo export
Marianne,De Backer,President & Chief Executive Officer,Vir Biotechnology,vir.bio,VIR,,not_found
Brent,Sabatini,"Interim Principal Financial Officer & SVP, Chief Accounting Officer",Vir Biotechnology,vir.bio,VIR,http://www.linkedin.com/in/brent-sabatini-cpa-75b5458,from Apollo export
Frank,Leonard,Chief Executive Officer,Novocure,novocure.com,NVCR,,not_found
Christoph,Brackmann,Chief Financial Officer,Novocure,novocure.com,NVCR,,not_found
Jeffrey,Finer,Chief Executive Officer,Septerna,septerna.com,SEPN,,not_found
Gil,Labrucherie,Chief Financial Officer,Septerna,septerna.com,SEPN,,not_found
Sean,McClain,"Founder, Chief Executive Officer",Absci,absci.com,ABSI,,not_found
Zach,Jonasson,Chief Financial Officer & Chief Business Officer,Absci,absci.com,ABSI,,not_found
John,Jacobs,President & Chief Executive Officer,Novavax,novavax.com,NVAX,,not_found
Jim,Kelly,"Executive Vice President, Chief Financial Officer & Treasurer",Novavax,novavax.com,NVAX,,not_found
Leon,Moulder,"Founder, Chief Executive Officer & Chairman",Zenas BioPharma,zenasbio.com,ZBIO,,not_found
Joseph,Farmer,"President, Chief Operating Officer & Interim Principal Financial Officer",Zenas BioPharma,zenasbio.com,ZBIO,,not_found
Kabir,Nath,Chief Executive Officer,Compass Pathways,compasspathways.com,CMPS,https://www.linkedin.com/in/kabir-nath-7549362/,high
Teri,Loxam,Chief Financial Officer,Compass Pathways,compasspathways.com,CMPS,https://www.linkedin.com/in/teri-loxam-9497a73/,high
John,Shannon,Chairman & Chief Executive Officer,Xeris Biopharma,xerispharma.com,XERS,https://www.linkedin.com/in/john-shannon-7272787/,high
Steven,Pieper,Chief Financial Officer,Xeris Biopharma,xerispharma.com,XERS,http://www.linkedin.com/in/steven-pieper-606137,from Apollo export
Simon,Campion,President & Chief Executive Officer,Dentsply Sirona,dentsplysirona.com,XRAY,https://www.linkedin.com/in/simoncampion/,high
Matthew,Garth,Executive Vice President & Chief Financial Officer,Dentsply Sirona,dentsplysirona.com,XRAY,https://www.linkedin.com/in/matthew-garth-21a80/,medium
Brian,Webster,"Founder, President & Chief Executive Officer",Kestra Medical Technologies,kestramedical.com,KMTS,,not_found
Vaseem,Mahboob,Chief Financial Officer,Kestra Medical Technologies,kestramedical.com,KMTS,https://www.linkedin.com/in/vaseem-mahboob-6a397a11/,high
Matthew,Kapusta,Chief Executive Officer,uniQure,uniqure.com,QURE,https://www.linkedin.com/in/matthew-kapusta-b649408/,high
Christian,Klemt,Chief Financial Officer,uniQure,uniqure.com,QURE,,not_found
Aaron,Elliott,Chief Executive Officer,Freenome,freenome.com,FRNM,https://www.linkedin.com/in/aaron-elliott-10b1591a/,high
Linh,Le,Chief Financial Officer,Freenome,freenome.com,FRNM,,not_found
Ian,Smith,Chief Executive Officer,Stoke Therapeutics,stoketherapeutics.com,STOK,,not_found
Tommy,Leggett,Chief Financial Officer,Stoke Therapeutics,stoketherapeutics.com,STOK,http://www.linkedin.com/in/tommy-leggett-a42210,from Apollo export
Pravin,Dugel,"Executive Chairman, President & Chief Executive Officer",Ocular Therapeutix,ocutx.com,OCUL,,not_found
Jason,Robins,Chief Financial Officer,Ocular Therapeutix,ocutx.com,OCUL,,not_found
John,Leonard,President & Chief Executive Officer,Intellia Therapeutics,intelliatx.com,NTLA,,not_found
Edward,Dulac,"Executive Vice President, Chief Financial Officer & Treasurer",Intellia Therapeutics,intelliatx.com,NTLA,,not_found
Nikhil,Lalwani,President & Chief Executive Officer,ANI Pharmaceuticals,anipharmaceuticals.com,ANIP,,not_found
Stephen,Carey,Senior Vice President & Chief Financial Officer,ANI Pharmaceuticals,anipharmaceuticals.com,ANIP,,not_found
Michael,Metzger,Chief Executive Officer,Syndax Pharmaceuticals,syndax.com,SNDX,,not_found
Keith,Goldan,Chief Financial Officer,Syndax Pharmaceuticals,syndax.com,SNDX,,not_found
Velichka,Valcheva,Chief Executive Officer,GH Research,ghres.com,GHRS,,not_found
Julie,Ryan,Vice President of Finance (CFO not confirmed),GH Research,ghres.com,GHRS,,not_found
Sean,Nolan,Chief Executive Officer,Taysha Gene Therapies,tayshagtx.com,TSHA,,not_found
Kamran,Alam,Chief Financial Officer,Taysha Gene Therapies,tayshagtx.com,TSHA,,not_found
Patrick,Miles,Chairman & Chief Executive Officer,Alphatec,atecspine.com,ATEC,,not_found
Todd,Koning,Executive Vice President & Chief Financial Officer,Alphatec,atecspine.com,ATEC,,not_found
Bahija,Jallal,Chief Executive Officer,Immunocore,immunocore.com,IMCR,http://www.linkedin.com/in/bahija-jallal,from Apollo export
Travis,Coy,"EVP, Chief Financial Officer and Head of Corporate Development",Immunocore,immunocore.com,IMCR,https://www.linkedin.com/in/travis-coy-4469802/,high
Abraham,Ceesay,Chief Executive Officer,Rapport Therapeutics,rapportrx.com,RAPP,,not_found
Troy,Ignelzi,Chief Financial Officer,Rapport Therapeutics,rapportrx.com,RAPP,,not_found
Sean,Brynjelsen,Chief Executive Officer,Eton Pharmaceuticals,etonpharma.com,ETON,https://www.linkedin.com/in/sean-brynjelsen-74aa7b3/,high
Judith,Matthews,"EVP, Accounting and Finance and Chief Financial Officer",Eton Pharmaceuticals,etonpharma.com,ETON,https://www.linkedin.com/in/judy-matthews-6016b210/,medium
Mark,Lappe,Chief Executive Officer,Inhibrx Biosciences,inhibrx.com,INBX,https://www.linkedin.com/in/mark-lappe-91a44615/,high
Kelly,Deck,Chief Financial Officer,Inhibrx Biosciences,inhibrx.com,INBX,,not_found
Jason,Coloma,Chief Executive Officer,Maze Therapeutics,mazetx.com,MAZE,https://www.linkedin.com/in/jasoncoloma/,high
Misbah,Tahir,Chief Financial Officer,Maze Therapeutics,mazetx.com,MAZE,,not_found
Pavel,Raifeld,Chief Executive Officer,Innoviva,inva.com,INVA,https://www.linkedin.com/in/pavel-raifeld-b540472/,high
Stephen,Basso,Chief Financial Officer,Innoviva,inva.com,INVA,https://www.linkedin.com/in/stephen-basso-7178a63/,high
Daniel,Faga,President & Chief Executive Officer,AnaptysBio,anaptysbio.com,ANAB,https://www.linkedin.com/in/daniel-faga-95815b1/,high
Christopher,Murphy,Chief Financial Officer,AnaptysBio,anaptysbio.com,ANAB,https://www.linkedin.com/in/chris-murphy-610960a/,high
Todd,Harris,Chief Executive Officer,Tyra Biosciences,tyra.bio,TYRA,,not_found
Alan,Fuhrman,Chief Financial Officer,Tyra Biosciences,tyra.bio,TYRA,,not_found
Benny,Sorensen,President & Chief Executive Officer,Hemab Therapeutics,hemab.com,COAG,,not_found
Mads,Behrndt,Chief Financial Officer,Hemab Therapeutics,hemab.com,COAG,,not_found
Emil,Kakkis,"Chairman, CEO and President",Ultragenyx Pharmaceutical,ultragenyx.com,RARE,,not_found
Howard,Horn,EVP & Chief Financial Officer,Ultragenyx Pharmaceutical,ultragenyx.com,RARE,,not_found
Ron,Renaud,President & Chief Executive Officer,Kailera Therapeutics,kailera.com,KLRA,,not_found
Doug,Pagan,Chief Financial Officer,Kailera Therapeutics,kailera.com,KLRA,http://www.linkedin.com/in/douglas-pagan-352a703,from Apollo export
Zhengbin,Yao,Chairman & Chief Executive Officer,ArriVent BioPharma,arrivent.com,AVBP,http://www.linkedin.com/in/zhengbin-bing-yao-4340b96,from Apollo export
Winston,Kung,Chief Financial Officer and Treasurer,ArriVent BioPharma,arrivent.com,AVBP,,not_found
Jonathan,Violin,President & Chief Executive Officer,Korsana Biosciences,korsana.com,KRSA,,not_found
Mark,Vignola,Chief Financial Officer,Korsana Biosciences,korsana.com,KRSA,http://www.linkedin.com/in/mark-vignola-aa463218,from Apollo export
Jacob,Chacko,President & Chief Executive Officer,Oric Pharmaceuticals,oricpharma.com,ORIC,,not_found
Dominic,Piscitelli,Chief Financial Officer,Oric Pharmaceuticals,oricpharma.com,ORIC,,not_found
Daniel,Bendheim,"President & Chief Executive Officer (effective July 1, 2026)",Phibro Animal Health,pahc.com,PAHC,,not_found
Glenn,David,Chief Financial Officer,Phibro Animal Health,pahc.com,PAHC,,not_found
Gregory,Demopulos,Chairman & Chief Executive Officer,Omeros,omeros.com,OMER,,not_found
David,Borges,"VP Finance, Chief Accounting Officer & Treasurer (no CFO named)",Omeros,omeros.com,OMER,https://www.linkedin.com/in/davidborges1/,high
Patrick,Beyer,President & Chief Executive Officer,CONMED,conmed.com,CNMD,https://uk.linkedin.com/in/pat-beyer-8131a818,high
John,Gallagher,Chief Financial Officer,CONMED,conmed.com,CNMD,https://www.linkedin.com/in/john-gallagher-1840681/,high
Harpreet,Singh,Chief Executive Officer,Immatics,immatics.com,IMTX,https://www.linkedin.com/in/immaticssingh/,high
Venkat,Ramanan,Chief Financial Officer,Immatics,immatics.com,IMTX,https://www.linkedin.com/in/vramanan01/,high
Tassos,Gianakakos,Chief Executive Officer,Kardigan,kardigan.bio,KARD,,not_found
Brianne,Jahn,Chief Financial Officer,Kardigan,kardigan.bio,KARD,https://www.linkedin.com/in/briannejahn/,high
Jennifer,Jarrett,President & Chief Executive Officer,Damora Therapeutics,damoratx.com,DMRA,https://www.linkedin.com/in/jejarrett/,high
Brian,Burkavage,"Principal Financial Officer; SVP, Finance",Damora Therapeutics,damoratx.com,DMRA,,not_found
Daniel,Faga,President & Chief Executive Officer,First Tracks Biotherapeutics,firsttracksbio.com,TRAX,https://www.linkedin.com/in/daniel-faga-95815b1/,high
Ajim,Tamboli,Chief Financial Officer,First Tracks Biotherapeutics,firsttracksbio.com,TRAX,https://www.linkedin.com/in/ajim-tamboli/,high
Stuart,Essig,"Chairman, President & Chief Executive Officer",Integra LifeSciences,integralife.com,IART,http://www.linkedin.com/in/stuart-essig-8459174,from Apollo export
Lea,Knight,Executive Vice President & Chief Financial Officer,Integra LifeSciences,integralife.com,IART,https://www.linkedin.com/in/leadanielsknight/,high
Sushil,Patel,Chief Executive Officer,Replimune,replimune.com,REPL,http://www.linkedin.com/in/sushil-patel1,from Apollo export
Emily,Hill,Chief Financial Officer,Replimune,replimune.com,REPL,http://www.linkedin.com/in/emily-hill-3b03876,from Apollo export
Heather,Turner,Chief Executive Officer,LB Pharmaceuticals,lbpharma.us,LBRX,,not_found
Joseph,Miller,Chief Financial Officer,LB Pharmaceuticals,lbpharma.us,LBRX,,not_found
Lyn,Baranowski,President & Chief Executive Officer,Avalyn Pharma,avalynpharma.com,AVLN,,not_found
Douglas,Carlson,Chief Financial Officer & Chief Business Officer,Avalyn Pharma,avalynpharma.com,AVLN,,not_found
Claire,Mazumdar,Chief Executive Officer,Bicara Therapeutics,bicara.com,BCAX,,not_found
Jenn,Larson,Chief Financial Officer,Bicara Therapeutics,bicara.com,BCAX,https://www.linkedin.com/in/jennifer-larson-6378268/,high
Mark,Baum,Chief Executive Officer,Harrow,harrow.com,HROW,,not_found
Andrew,Boll,"President, Chief Financial Officer & Corporate Secretary",Harrow,harrow.com,HROW,,not_found
Michael,Castagna,Chief Executive Officer,MannKind,mannkindcorp.com,MNKD,,not_found
Chris,Prentiss,Chief Financial Officer,MannKind,mannkindcorp.com,MNKD,,not_found
Jean-Paul,Kress,"President, Chief Executive Officer & Chairman",Vor Biopharma,vorbio.com,VOR,,not_found
Sandy,Mahatme,Chief Financial Officer & Chief Business Officer,Vor Biopharma,vorbio.com,VOR,,not_found
John,Sheridan,President & Chief Executive Officer,Tandem Diabetes Care,tandemdiabetes.com,TNDM,,not_found
Leigh,Vosseller,"Executive Vice President, Chief Financial Officer & Treasurer",Tandem Diabetes Care,tandemdiabetes.com,TNDM,,not_found
Robert,Claypoole,President & Chief Executive Officer,Bioventus,bioventus.com,BVS,,not_found
Mark,Singleton,Senior Vice President & Chief Financial Officer,Bioventus,bioventus.com,BVS,https://www.linkedin.com/in/marklsingletonfinanceexecutive/,high
Nima,Farzan,Chief Executive Officer,Latigo Biotherapeutics,latigobio.com,LTGO,https://www.linkedin.com/in/nima-farzan-bb293/,medium
Neha,Krishnamohan,Chief Financial Officer & Chief Business Officer,Latigo Biotherapeutics,latigobio.com,LTGO,https://www.linkedin.com/in/neha-krishnamohan/,high
Warren,Foust,"President, Chief Executive Officer",STAAR Surgical,staar.com,STAA,https://www.linkedin.com/in/foust-warren/,medium
Deborah,Andrews,Executive Vice President & Chief Financial Officer,STAAR Surgical,staar.com,STAA,http://www.linkedin.com/in/deborah-andrews-5b484112,from Apollo export
Jack,Zhang,Chief Executive Officer & President,Amphastar Pharmaceuticals,amphastar.com,AMPH,,not_found
William,Peters,"Chief Financial Officer, Executive Vice President of Finance & Treasurer",Amphastar Pharmaceuticals,amphastar.com,AMPH,https://www.linkedin.com/in/bill-peters-474a413/,high
Patrick,MacKin,"Chairman, President & Chief Executive Officer",Artivion,artivion.com,AORT,https://www.linkedin.com/in/pat-mackin-223aa7151/,high
Lance,Berry,"Executive Vice President, Chief Operating Officer & Chief Financial Officer",Artivion,artivion.com,AORT,https://www.linkedin.com/in/lance-berry-3a644b45/,medium
Gary,Glick,Chief Executive Officer,Odyssey Therapeutics,odysseytx.com,ODTX,https://www.linkedin.com/in/gary-d-glick-71145015b/,medium
Jason,Haas,Chief Financial Officer,Odyssey Therapeutics,odysseytx.com,ODTX,https://www.linkedin.com/in/jason-haas-149814201/,high
Roger,Susi,President & Chief Executive Officer,iRadimed,iradimed.com,IRMD,https://www.linkedin.com/in/roger-susi-b2b6963/,medium
John,Glenn,Chief Financial Officer & Corporate Secretary,iRadimed,iradimed.com,IRMD,,not_found
Zandy,Forbes,President & Chief Executive Officer,MeiraGTx,meiragtx.com,MGTX,https://www.linkedin.com/in/zandyforbes/,high
Richard,Giroux,Chief Operating Officer & Chief Financial Officer,MeiraGTx,meiragtx.com,MGTX,https://www.linkedin.com/in/richard-giroux-b67749122/,high
Matthew,Roden,President & Chief Executive Officer,Aktis Oncology,aktisoncology.com,AKTS,https://www.linkedin.com/in/matthew-roden-26499a43/,high
Kyle,Kuvalanka,Chief Financial Officer,Aktis Oncology,aktisoncology.com,AKTS,,not_found
Derek,Maetzold,"Founder, President & Chief Executive Officer",Castle Biosciences,castlebiosciences.com,CSTL,,not_found
Frank,Stokes,Chief Financial Officer,Castle Biosciences,castlebiosciences.com,CSTL,,not_found
David,Campbell,"Founder, President & Chief Executive Officer",Janux Therapeutics,janux.com,JANX,https://www.linkedin.com/in/david-campbell-40968a51/,high
Tighe,Reardon,Acting Chief Financial Officer,Janux Therapeutics,janux.com,JANX,,not_found
Matthew,Pauls,Chair & Chief Executive Officer,Savara,savarapharma.com,SVRA,,not_found
Robert,Lutz,Chief Operating & Financial Officer,Savara,savarapharma.com,SVRA,,not_found
Larry,Wood,President & Chief Executive Officer,PROCEPT BioRobotics,procept-biorobotics.com,PRCT,,not_found
Kevin,Waters,Executive Vice President & Chief Financial Officer,PROCEPT BioRobotics,procept-biorobotics.com,PRCT,,not_found
Sean,Saint,"President, Chief Executive Officer",Beta Bionics,betabionics.com,BBNX,,not_found
Stephen,Feider,Chief Financial Officer,Beta Bionics,betabionics.com,BBNX,,not_found
Damien,McDonald,Chief Executive Officer,Enovis,enovis.com,ENOV,,not_found
Ben,Berry,Senior Vice President & Chief Financial Officer,Enovis,enovis.com,ENOV,,not_found
Amit,Etkin,"Founder, President, CEO & Chairman",Alto Neuroscience,altoneuroscience.com,ANRO,https://www.linkedin.com/in/amit-etkin/,high
Nick,Smith,President & Chief Financial Officer,Alto Neuroscience,altoneuroscience.com,ANRO,,not_found
Daphne,Zohar,Founder & Chief Executive Officer,Seaport Therapeutics,seaporttx.com,SPTX,https://www.linkedin.com/in/daphnezohar/,high
Lauren,White,Chief Financial Officer,Seaport Therapeutics,seaporttx.com,SPTX,https://www.linkedin.com/in/laurenawhite1mba/,medium
Markus,Warmuth,Chief Executive Officer,Monte Rosa Therapeutics,monterosatx.com,GLUE,https://www.linkedin.com/in/markus-warmuth-0b60909/,high
Ajim,Tamboli,Chief Financial Officer,Monte Rosa Therapeutics,monterosatx.com,GLUE,https://www.linkedin.com/in/ajim-tamboli/,high
Jorge,Santos da Silva,Chief Executive Officer,MoonLake Immunotherapeutics,moonlaketx.com,MLTX,https://www.linkedin.com/in/jorgesantosdasilva/,high
Matthias,Bodenstedt,Chief Financial Officer,MoonLake Immunotherapeutics,moonlaketx.com,MLTX,https://www.linkedin.com/in/mattbodenstedt/,high
Frank,Lee,Chief Executive Officer,Pacira BioSciences,pacira.com,PCRX,https://www.linkedin.com/in/frank-lee-pacira/,medium
Shawn,Cross,Chief Financial Officer,Pacira BioSciences,pacira.com,PCRX,https://www.linkedin.com/in/shawn-cross-b06a7310/,high
Nadim,Ahmed,President & Chief Executive Officer,Cullinan Therapeutics,cullinantherapeutics.com,CGEM,https://www.linkedin.com/in/nadim-ahmed-806b181b7/,high
Mary Kay,Fenton,Chief Financial Officer,Cullinan Therapeutics,cullinantherapeutics.com,CGEM,https://www.linkedin.com/in/mary-kay-fenton-b6276315/,high
Martin,Babler,"Chairman, President & Chief Executive Officer",Alumis,alumis.com,ALMS,https://www.linkedin.com/in/martin-babler-33b48/,medium
John,Schroer,Chief Financial Officer,Alumis,alumis.com,ALMS,https://www.linkedin.com/in/john-schroer-cfa-8817586/,high
Richard,Miller,"Co-Founder, President & Chief Executive Officer",Corvus Pharmaceuticals,corvuspharma.com,CRVS,https://www.linkedin.com/in/richard-miller-md/,high
Leiv,Lea,Chief Financial Officer,Corvus Pharmaceuticals,corvuspharma.com,CRVS,,not_found
Lindsay,Androski,"President, Chief Executive Officer & Chairperson",Arbutus Biopharma,arbutusbio.com,ABUS,https://www.linkedin.com/in/lindsayandroski/,medium
Tuan,Nguyen,Chief Financial Officer,Arbutus Biopharma,arbutusbio.com,ABUS,,not_found
Troy,Wilson,President & Chief Executive Officer,Kura Oncology,kuraoncology.com,KURA,,not_found
Jennifer,Fulk,Chief Financial Officer,Kura Oncology,kuraoncology.com,KURA,,not_found
Jane,Chao,Co-Founder & Chief Executive Officer,CeriBell,ceribell.com,CBLL,,not_found
Scott,Blumberg,Chief Financial Officer,CeriBell,ceribell.com,CBLL,,not_found
Kevin,Lind,Chief Executive Officer,Apnimed,apnimed.com,APMD,,not_found
Michael,Kelly,Chief Financial Officer,Apnimed,apnimed.com,APMD,,not_found
Tom,Frohlich,Chief Executive Officer,Jade Biosciences,jadebiosciences.com,JBIO,,not_found
Brad,Dahms,Chief Financial Officer,Jade Biosciences,jadebiosciences.com,JBIO,,not_found
Raul,Rodriguez,President & Chief Executive Officer,Rigel Pharmaceuticals,rigel.com,RIGL,http://www.linkedin.com/in/raulrrodriguez,from Apollo export
Dean,Schorno,Executive Vice President & Chief Financial Officer,Rigel Pharmaceuticals,rigel.com,RIGL,https://www.linkedin.com/in/dean-schorno-47005b27/,high
Michael,Lau,Chief Executive Officer,Anbio Biotechnology,anbio.com,NNNN,,not_found
Suki,Song,Chief Financial Officer,Anbio Biotechnology,anbio.com,NNNN,,not_found
Madan,Jagasia,"President, Chief Executive Officer & Director",Obsidian Therapeutics,obsidiantx.com,OBX,https://www.linkedin.com/in/madan-jagasia-3255754/,high
Julie,Feder,Chief Financial Officer,Obsidian Therapeutics,obsidiantx.com,OBX,https://www.linkedin.com/in/julie-feder-15b5119/,medium
Patrick,Mooney,Chief Executive Officer,SpyGlass Pharma,spyglasspharma.com,SGP,https://www.linkedin.com/in/patrick-mooney-63032ab/,high
Jean-Frederic,Viret,Chief Financial Officer,SpyGlass Pharma,spyglasspharma.com,SGP,,not_found
Steven,Harr,President & Chief Executive Officer,Sana Biotechnology,sana.com,SANA,,not_found
Brian,Piper,Executive Vice President & Chief Financial Officer,Sana Biotechnology,sana.com,SANA,https://www.linkedin.com/in/brian-piper/,high
Mike,Exton,Chief Executive Officer,Lexicon Pharmaceuticals,lexpharma.com,LXRX,https://www.linkedin.com/in/mike-exton-phd-1a0b522a/,high
Scott,Coiante,Senior Vice President & Chief Financial Officer,Lexicon Pharmaceuticals,lexpharma.com,LXRX,,not_found
Michael,Raab,Chief Executive Officer & Chairman,Ardelyx,ardelyx.com,ARDX,https://www.linkedin.com/in/mike-raab-5111548/,high
Sue,Hohenleitner,Chief Financial Officer,Ardelyx,ardelyx.com,ARDX,https://www.linkedin.com/in/sue-hohenleitner/,high
Laura,Francis,Chief Executive Officer,SI-BONE,si-bone.com,SIBN,,not_found
Anshul,Maheshwari,Chief Operating Officer & Chief Financial Officer,SI-BONE,si-bone.com,SIBN,,not_found
Andrew,Goldberg,Chief Executive Officer,Achieve Life Sciences,achievelifesciences.com,ACHV,,not_found
Mark,Oki,Chief Financial Officer,Achieve Life Sciences,achievelifesciences.com,ACHV,,not_found
Paul-Peter,Tak,President & Chief Executive Officer,Candel Therapeutics,candeltx.com,CADL,,not_found
Charles,Schoch,Chief Financial Officer,Candel Therapeutics,candeltx.com,CADL,,not_found
Garry,Neil,Chief Executive Officer,Avalo Therapeutics,avalotx.com,AVTX,,not_found
Christopher,Sullivan,Chief Financial Officer,Avalo Therapeutics,avalotx.com,AVTX,,not_found
Moshe,Mizrahy,Chief Executive Officer,InMode,inmodemd.com,INMD,,not_found
Moshik,Itzkovich,Chief Financial Officer,InMode,inmodemd.com,INMD,,not_found
Douglas,Love,President & Chief Executive Officer,Annexon,annexonbio.com,ANNX,,not_found
Jennifer,Lew,Executive Vice President & Chief Financial Officer,Annexon,annexonbio.com,ANNX,,not_found
Tao,Fu,Chief Executive Officer,Attovia Therapeutics,attovia.com,ATTO,,not_found
Steven,Chan,Chief Financial Officer,Attovia Therapeutics,attovia.com,ATTO,https://www.linkedin.com/in/steven-chan-381a643/,high
Alexander,Cumbo,President & Chief Executive Officer,Solid Biosciences,solidbio.com,SLDB,https://www.linkedin.com/in/bocumbo/,high
Kevin,Tan,Chief Financial Officer,Solid Biosciences,solidbio.com,SLDB,,not_found
Harout,Semerjian,President & Chief Executive Officer,Geron,geron.com,GERN,https://www.linkedin.com/in/harout-semerjian/,high
Michelle,Robertson,"EVP, Chief Financial Officer & Treasurer",Geron,geron.com,GERN,,not_found
Pratik,Shah,Chairperson & Chief Executive Officer,Design Therapeutics,designtx.com,DSGN,http://www.linkedin.com/in/teaks9,from Apollo export
Julie,Burgess,Chief Accounting Officer,Design Therapeutics,designtx.com,DSGN,https://www.linkedin.com/in/julie-burgess-a6bb161/,high
Sunny,Sanyal,President & Chief Executive Officer,Varex Imaging,vareximaging.com,VREX,https://www.linkedin.com/in/sunny-sanyal-4320857/,high
Shubham,Maheshwari,Chief Financial Officer,Varex Imaging,vareximaging.com,VREX,,not_found
Neal,Walker,Chief Executive Officer,Aclaris Therapeutics,aclaris.com,ACRS,http://www.linkedin.com/in/dr-neal-walker-b741b4,from Apollo export
Kevin,Balthaser,Chief Financial Officer,Aclaris Therapeutics,aclaris.com,ACRS,https://www.linkedin.com/in/kevin-balthaser-cpa-mba-43465b37/,high
David,Kirn,Chief Executive Officer,4D Molecular Therapeutics,4dmt.com,FDMT,https://www.linkedin.com/in/davidkirnmd/,high
Kristian,Humer,Chief Financial Officer,4D Molecular Therapeutics,4dmt.com,FDMT,https://www.linkedin.com/in/kristianhumer/,high
Ying,Luo,President & Chief Executive Officer,Gyre Therapeutics,gyretx.com,GYRE,https://www.linkedin.com/in/ying-luo-02960419/,high
Thomas,Eastling,Chief Financial Officer,Gyre Therapeutics,gyretx.com,GYRE,,not_found
Ilya,Rachman,Chief Scientific Officer & Chairman,Immix Biopharma,immixbio.com,IMMX,https://www.linkedin.com/in/ilya-rachman-m-d-ph-d-mba-739380a/,high
Gabriel,Morris,President & Chief Financial Officer,Immix Biopharma,immixbio.com,IMMX,https://www.linkedin.com/in/gabrielmorrisbio/,high
Anand,Parikh,"Chairman, President & Chief Executive Officer",Faeth Therapeutics,faeththerapeutics.com,FTH,https://www.linkedin.com/in/anandkparikh/,high
Brian,Stephenson,Chief Financial Officer,Faeth Therapeutics,faeththerapeutics.com,FTH,https://www.linkedin.com/in/brianstephenson-phd-cfa/,high
Sean,Bohen,Chief Executive Officer,Olema Pharmaceuticals,olema.com,OLMA,https://www.linkedin.com/in/sean-bohen-md-phd-a625055/,high
Jason,O'Byrne,Chief Financial Officer,Olema Pharmaceuticals,olema.com,OLMA,https://www.linkedin.com/in/jasonobyrne/,medium
Wenbin,Jiang,Chief Executive Officer,Cytek Biosciences,cytekbio.com,CTKB,,not_found
William,McCombe,Chief Financial Officer,Cytek Biosciences,cytekbio.com,CTKB,http://www.linkedin.com/in/william-mccombe,from Apollo export
Wayne,Paterson,Chief Executive Officer,Anteris Technologies,anteristech.com,AVR,,not_found
Brent,Moen,Chief Financial Officer,Anteris Technologies,anteristech.com,AVR,,not_found
Dan,Paterson,President & Chief Executive Officer,Verastem,verastem.com,VSTM,http://www.linkedin.com/in/dan-paterson-094b641,from Apollo export
Dan,Calkins,Chief Financial Officer,Verastem,verastem.com,VSTM,,not_found
Kathy,Dong,President & Chief Executive Officer,Electra Therapeutics,electra-therapeutics.com,ETRA,http://www.linkedin.com/in/kathydong-biotechceo,from Apollo export
Chris,Clark,Chief Financial Officer,Electra Therapeutics,electra-therapeutics.com,ETRA,,not_found
Siddhartha,Kadia,President & Chief Executive Officer,Mesa Laboratories,mesalabs.com,MLAB,,not_found
John,Sakys,Chief Financial Officer,Mesa Laboratories,mesalabs.com,MLAB,,not_found
Paul,Bolno,President & Chief Executive Officer,Wave Life Sciences,wavelifesciences.com,WVE,,not_found
Kyle,Moran,Chief Financial Officer,Wave Life Sciences,wavelifesciences.com,WVE,https://www.linkedin.com/in/kyle-moran-cfa-2a18288/,high
Taylor,Schreiber,Chief Executive Officer,Shattuck Labs,shattucklabs.com,STTK,https://www.linkedin.com/in/taylor-schreiber-m-d-ph-d-28003b17/,high
Andrew,Neill,Chief Financial Officer,Shattuck Labs,shattucklabs.com,STTK,https://www.linkedin.com/in/arneill/,high
Vikram,Karnani,President & Chief Executive Officer,Collegium Pharmaceutical,collegiumpharma.com,COLL,https://www.linkedin.com/in/vikram-karnani/,high
Colleen,Tupper,Chief Financial Officer,Collegium Pharmaceutical,collegiumpharma.com,COLL,https://www.linkedin.com/in/colleen-tupper-5ab75415/,high
Mark,Van Oene,President & Chief Executive Officer,Pacific Biosciences,pacb.com,PACB,https://www.linkedin.com/in/mark-van-oene-a12ab420a/,high
Jim,Gibson,Chief Financial Officer,Pacific Biosciences,pacb.com,PACB,https://www.linkedin.com/in/jim-gibson-021789a8/,high
Brian,Blaser,President & Chief Executive Officer,QuidelOrtho,quidelortho.com,QDEL,https://www.linkedin.com/in/brian-j-blaser-443503159/,high
Micah,Young,Chief Financial Officer,QuidelOrtho,quidelortho.com,QDEL,https://www.linkedin.com/in/micah-young-53572219/,medium
Ron,Bentsur,Chairman & Chief Executive Officer,Nuvectis Pharma,nuvectis.com,NVCT,http://www.linkedin.com/in/ron-bentsur-1218a6239,from Apollo export
Michael,Carson,Vice President of Finance & Principal Financial Officer,Nuvectis Pharma,nuvectis.com,NVCT,,not_found
Joseph,Capper,Chief Executive Officer,MiMedx Group,mimedx.com,MDXG,,not_found
Doug,Rice,Chief Financial Officer,MiMedx Group,mimedx.com,MDXG,https://www.linkedin.com/in/doug-rice-5517675/,high
Aoife,Brennan,President & Chief Executive Officer,Climb Bio,climbbio.com,CLYM,,not_found
Susan,Altschuller,Chief Financial Officer,Climb Bio,climbbio.com,CLYM,https://www.linkedin.com/in/susan-altschuller-ph-d-mba-9212496/,high
Thomas,McCourt,Chief Executive Officer,Ironwood Pharmaceuticals,ironwoodpharma.com,IRWD,https://www.linkedin.com/in/thomas-mccourt-8605771a5/,high
Ron,Silver,Interim Chief Financial Officer,Ironwood Pharmaceuticals,ironwoodpharma.com,IRWD,https://www.linkedin.com/in/ron-silver-b0ba195/,high
Neil,McFarlane,President & Chief Executive Officer,Zevra Therapeutics,zevra.com,ZVRA,,not_found
Justin,Renz,Chief Financial Officer,Zevra Therapeutics,zevra.com,ZVRA,,not_found
Natalie,Holles,Chief Executive Officer,Aura Biosciences,aurabiosciences.com,AURA,,not_found
Tony,Gibney,Chief Financial & Business Officer,Aura Biosciences,aurabiosciences.com,AURA,http://www.linkedin.com/in/tony-gibney-0a806643,from Apollo export
Jim,Clemmer,President & Chief Executive Officer,AngioDynamics,angiodynamics.com,ANGO,,not_found
Stephen,Trowbridge,Executive Vice President & Chief Financial Officer,AngioDynamics,angiodynamics.com,ANGO,,not_found
Joseph,Todisco,Chairman & Chief Executive Officer,CorMedix,cormedix.com,CRMD,,not_found
Susan,Blum,EVP & Chief Financial Officer,CorMedix,cormedix.com,CRMD,,not_found
Jingrong Jean,Cui,Chief Executive Officer,BlossomHill Therapeutics,bhtherapeutics.com,BLSM,,not_found
Jason,Keyes,Chief Financial Officer & Executive Vice President,BlossomHill Therapeutics,bhtherapeutics.com,BLSM,,not_found
David,Happel,Chief Executive Officer,Sagimet Biosciences,sagimet.com,SGMT,,not_found
Thierry,Chauche,Chief Financial Officer,Sagimet Biosciences,sagimet.com,SGMT,,not_found
Steven,Basta,President & Chief Executive Officer,Phathom Pharmaceuticals,phathompharma.com,PHAT,https://www.linkedin.com/in/steven-basta-a9195036/,high
Sanjeev,Narula,Chief Financial & Business Officer,Phathom Pharmaceuticals,phathompharma.com,PHAT,https://www.linkedin.com/in/sanjeev-narula-914a767/,high
Sean,McCarthy,Chief Executive Officer & Chairman,CytomX Therapeutics,cytomx.com,CTMX,https://www.linkedin.com/in/sean-mccarthy-37485a7/,high
Chris,Ogden,Chief Financial Officer,CytomX Therapeutics,cytomx.com,CTMX,https://www.linkedin.com/in/chris-ogden-761785b/,high
Daniel,Barber,Chief Executive Officer,Aquestive Therapeutics,aquestive.com,AQST,https://www.linkedin.com/in/daniel-barber-4779a65/,high
Ernie,Toth,Chief Financial Officer,Aquestive Therapeutics,aquestive.com,AQST,https://www.linkedin.com/in/ernietoth/,high
David,Bailey,President & Chief Executive Officer,OrthoPediatrics,orthopediatrics.com,KIDS,https://www.linkedin.com/in/dave-bailey-33253259/,high
Fred,Hite,Chief Financial Officer & Chief Operating Officer,OrthoPediatrics,orthopediatrics.com,KIDS,https://www.linkedin.com/in/fred-hite-043448a/,high
Jerome,Durso,"President, Chief Executive Officer & Chairman",Altimmune,altimmune.com,ALT,https://www.linkedin.com/in/jerrydurso/,high
Gregory,Weaver,Chief Financial Officer,Altimmune,altimmune.com,ALT,https://www.linkedin.com/in/weavergregory/,high
Rachel,McMinn,Chief Executive Officer,Neurogene,neurogene.com,NGNE,,not_found
Christine,Mikail,President & Chief Financial Officer,Neurogene,neurogene.com,NGNE,https://www.linkedin.com/in/christine-mikail-3277725/,high
Linda,Marban,Chief Executive Officer,Capricor Therapeutics,capricor.com,CAPR,https://www.linkedin.com/in/linda-marban-45a7b740/,high
AJ,Bergmann,Chief Financial Officer,Capricor Therapeutics,capricor.com,CAPR,https://www.linkedin.com/in/aj-bergmann-17633b40/,high
Allan,Reine,Chief Executive Officer,Prime Medicine,primemedicine.com,PRME,https://www.linkedin.com/in/allan-reine-0291093a/,high
Svetlana,Makhni,Chief Financial Officer,Prime Medicine,primemedicine.com,PRME,https://www.linkedin.com/in/svetlana-ni-makhni-528ab3a/,high
Zachary,Roberts,President & Chief Executive Officer,Allogene Therapeutics,allogene.com,ALLO,,not_found
Geoffrey,Parker,Executive Vice President & Chief Financial Officer,Allogene Therapeutics,allogene.com,ALLO,,not_found
Sudhir,Srivastava,Chairman & Chief Executive Officer,SS Innovations International,ssinnovations.com,SSII,,not_found
Sarah,Romano,Chief Financial Officer,SS Innovations International,ssinnovations.com,SSII,,not_found
Gerard,Michel,Chief Executive Officer,Delcath Systems,delcath.com,DCTH,,not_found
Sandra,Pennell,Chief Financial Officer,Delcath Systems,delcath.com,DCTH,,not_found
Chandler,Robinson,Chief Executive Officer,Monopar Therapeutics,monopar.com,MNPR,,not_found
Quan,Vu,Chief Financial Officer,Monopar Therapeutics,monopar.com,MNPR,,not_found
Joshua,Brumm,Chief Executive Officer,Crescent Biopharma,crescentbiopharma.com,CBIO,,not_found
Rick,Scalzo,Chief Financial Officer,Crescent Biopharma,crescentbiopharma.com,CBIO,http://www.linkedin.com/in/rickscalzo,from Apollo export
Christopher,Kroeger,Chief Executive Officer,MapLight Therapeutics,maplightrx.com,MPLT,https://www.linkedin.com/in/chriskroeger/,high
Vishwas,Setia,Chief Financial Officer,MapLight Therapeutics,maplightrx.com,MPLT,http://www.linkedin.com/in/vishsetia,from Apollo export
Ethan,Shen,Chief Executive Officer & Chairman,YD Bio,ydesgroup.com,YDES,,not_found
Edmund,Hen,Chief Financial Officer,YD Bio,ydesgroup.com,YDES,,not_found
David,Moatazedi,President & Chief Executive Officer,Evolus,evolus.com,EOLS,https://www.linkedin.com/in/davidmoatazedi/,high
Tatjana,Mitchell,Chief Financial Officer,Evolus,evolus.com,EOLS,https://www.linkedin.com/in/tatjana-mitchell-479946/,medium
Paul,Badawi,Chief Executive Officer,Sight Sciences,sightsciences.com,SGHT,,not_found
Jim,Rodberg,Chief Financial Officer,Sight Sciences,sightsciences.com,SGHT,,not_found
Tim,Knotnerus,Chief Executive Officer,AgomAb Therapeutics,agomab.com,AGMB,,not_found
Pierre,Kemula,Chief Financial Officer,AgomAb Therapeutics,agomab.com,AGMB,https://www.linkedin.com/in/pierre-kemula-380504/,medium
Randy,Teel,President & Chief Executive Officer,Arvinas,arvinas.com,ARVN,https://www.linkedin.com/in/randyteel/,high
Andrew,Saik,Chief Financial Officer,Arvinas,arvinas.com,ARVN,https://www.linkedin.com/in/andrewsaik/,high
Alan,Auerbach,"Chairman, CEO & President",Puma Biotechnology,pumabiotechnology.com,PBYI,,not_found
Maximo,Nougues,Chief Financial Officer,Puma Biotechnology,pumabiotechnology.com,PBYI,,not_found
Kevin,Knopp,President & Chief Executive Officer,908 Devices,908devices.com,MASS,https://www.linkedin.com/in/kjknopp/,high
Joseph,Griffith,Chief Financial Officer,908 Devices,908devices.com,MASS,https://www.linkedin.com/in/joe-griffith-7621b55/,medium
Sheri,Dodd,Chief Executive Officer,Tactile Systems Technology,tactilemedical.com,TCMD,,not_found
Elaine,Birkemeyer,Chief Financial Officer,Tactile Systems Technology,tactilemedical.com,TCMD,https://www.linkedin.com/in/elaine-birkemeyer-ba97b87/,high
Curran,Simpson,President & CEO,REGENXBIO,regenxbio.com,RGNX,,not_found
Mitchell,Chan,"EVP, Chief Financial Officer & Treasurer",REGENXBIO,regenxbio.com,RGNX,,not_found
Meg,Alexander,Chief Executive Officer,Ovid Therapeutics,ovidrx.com,OVID,,not_found
Charles,Carter,Chief Financial Officer,Ovid Therapeutics,ovidrx.com,OVID,,not_found
Bruce,Culleton,Chief Executive Officer,ProKidney,prokidney.com,PROK,,not_found
James,Coulston,Chief Financial Officer,ProKidney,prokidney.com,PROK,,not_found
Miranda,Toledano,Chief Executive Officer,Entera Bio,enterabio.com,ENTX,,not_found
Ronnie,Yaacov-Garbeli,Chief Financial Officer,Entera Bio,enterabio.com,ENTX,,not_found
Christian,Itin,Chief Executive Officer,Autolus Therapeutics,autolus.com,AUTL,,not_found
Robert,Dolski,Chief Financial Officer,Autolus Therapeutics,autolus.com,AUTL,,not_found
Vivek,Jayaraman,President & CEO,Cerus,cerus.com,CERS,https://www.linkedin.com/in/vkjayaraman/,high
Kevin,Green,VP Finance & Chief Financial Officer,Cerus,cerus.com,CERS,https://www.linkedin.com/in/kevin-green-3482221/,medium
Amir,London,Chief Executive Officer,Kamada,kamada.com,KMDA,http://www.linkedin.com/in/amir-london-994aa92,from Apollo export
Chaime,Orlev,Chief Financial Officer,Kamada,kamada.com,KMDA,https://www.linkedin.com/in/chaime-orlev-3660147/,high
Carmine,Stengone,"President, CEO & Director",Contineum Therapeutics,contineum-tx.com,CTNM,https://www.linkedin.com/in/cstengone/,high
Peter,Slover,Chief Financial Officer,Contineum Therapeutics,contineum-tx.com,CTNM,https://www.linkedin.com/in/peter-slover-1487705/,high
Jason,Okazaki,President & CEO,Assembly Biosciences,assemblybio.com,ASMB,https://www.linkedin.com/in/jason-okazaki-9972001/,high
Jeanette,Bjorkquist,Principal Financial Officer (CFO),Assembly Biosciences,assemblybio.com,ASMB,https://www.linkedin.com/in/jeanette-bjorkquist-cpa-mba-50bb4269/,high
Stephen,Gunstream,President & CEO,Alpha Teknova,teknova.com,TKNO,https://www.linkedin.com/in/stephen-gunstream-21443710/,medium
Matthew,Lowell,Chief Financial Officer,Alpha Teknova,teknova.com,TKNO,https://www.linkedin.com/in/matthewlowell/,high
Joel,Becker,President & CEO,NeuroPace,neuropace.com,NPCE,https://www.linkedin.com/in/joel-becker-9225bb90/,high
Patrick,Williams,Chief Financial Officer,NeuroPace,neuropace.com,NPCE,https://www.linkedin.com/in/patrick-f-williams-37044530/,high
Rick,Pauls,President & CEO,DiaMedica Therapeutics,diamedica.com,DMAC,https://www.linkedin.com/in/rick-pauls-33b8a63/,high
Scott,Kellen,Chief Financial Officer,DiaMedica Therapeutics,diamedica.com,DMAC,,not_found
Garo,Armen,Chairman & CEO,Agenus,agenusbio.com,AGEN,https://www.linkedin.com/in/agenus,high
Garo,Armen,Interim CFO (principal financial officer),Agenus,agenusbio.com,AGEN,https://www.linkedin.com/in/agenus,high
Gene,Kinney,President & CEO,Prothena,prothena.com,PRTA,https://www.linkedin.com/in/gene-kinney-05145925/,high
Tran,Nguyen,Chief Financial Officer,Prothena,prothena.com,PRTA,http://www.linkedin.com/in/tran-n-3031a3,from Apollo export
Warner,Biddle,Chief Executive Officer,Kyverna Therapeutics,kyvernatx.com,KYTX,,not_found
Greg,Martini,Chief Financial Officer,Kyverna Therapeutics,kyvernatx.com,KYTX,,not_found
Donn,Casale,CEO & Director,ARS Pharmaceuticals,ars-pharma.com,SPRY,,not_found
Kathleen,Scott,Chief Financial Officer,ARS Pharmaceuticals,ars-pharma.com,SPRY,,not_found
Roger,Perlmutter,Chairman & Chief Executive Officer,Eikon Therapeutics,eikontx.com,EIKN,,not_found
Freddie,Bowie,Chief Financial Officer,Eikon Therapeutics,eikontx.com,EIKN,,not_found
George,Magrath,Chief Executive Officer,Opus Genetics,opusgtx.com,IRD,,not_found
Robert,Gagnon,Chief Financial Officer,Opus Genetics,opusgtx.com,IRD,,not_found
Jean-Pierre,Sommadossi,"Chairman, CEO & President",Atea Pharmaceuticals,ateapharma.com,AVIR,,not_found
Andrea,Corcoran,"CFO, EVP Legal & Secretary",Atea Pharmaceuticals,ateapharma.com,AVIR,,not_found
Sam,Raha,President & CEO,Myriad Genetics,myriad.com,MYGN,http://www.linkedin.com/in/samraha,from Apollo export
Scott,Leffler,Chief Financial Officer,Myriad Genetics,myriad.com,MYGN,,not_found
Nevan,Elam,CEO,Rezolute,rezolutebio.com,RZLT,,not_found
Daron,Evans,Chief Financial Officer,Rezolute,rezolutebio.com,RZLT,,not_found
Andrew,Hirsch,President & CEO,C4 Therapeutics,c4therapeutics.com,CCCC,,not_found
Kendra,Adams,Chief Financial Officer,C4 Therapeutics,c4therapeutics.com,CCCC,http://www.linkedin.com/in/kendra-adams-3450691,from Apollo export
Gilmore,O'Neill,President & Chief Executive Officer,Editas Medicine,editasmedicine.com,EDIT,https://www.linkedin.com/in/gilmoreoneill/,high
Amy,Parison,Senior Vice President & Chief Financial Officer,Editas Medicine,editasmedicine.com,EDIT,,not_found
Sergio,Traversa,Chief Executive Officer,Relmada Therapeutics,relmada.com,RLMD,,not_found
Maged,Shenouda,Chief Financial Officer,Relmada Therapeutics,relmada.com,RLMD,,not_found
Joel,Lewis,President & Chief Executive Officer,Galectin Therapeutics,galectintherapeutics.com,GALT,,not_found
Jack,Callicutt,Chief Financial Officer,Galectin Therapeutics,galectintherapeutics.com,GALT,,not_found
Robert,Ball,Chief Executive Officer & Executive Chairman,Shoulder Innovations,shoulderinnovations.com,SI,,not_found
Jeffrey,Points,Chief Financial Officer,Shoulder Innovations,shoulderinnovations.com,SI,,not_found
Bradley,Burnam,Chief Executive Officer,Turn Therapeutics,turntherapeutics.com,TTRX,,not_found
Zuraiz,Chaudhary,Interim Chief Financial Officer,Turn Therapeutics,turntherapeutics.com,TTRX,,not_found
Sandeep,Kulkarni,Chief Executive Officer,Zura Bio,zurabio.com,ZURA,,not_found
Eric,Hyllengren,Chief Financial Officer,Zura Bio,zurabio.com,ZURA,http://www.linkedin.com/in/eric-hyllengren-6210074,from Apollo export
Joseph,Payne,President & Chief Executive Officer,Arcturus Therapeutics,arcturusrx.com,ARCT,,not_found
Dennis,Mulroy,Chief Financial Officer,Arcturus Therapeutics,arcturusrx.com,ARCT,,not_found
Massimo,Calafiore,President & Chief Executive Officer,Orthofix Medical,orthofix.com,OFIX,,not_found
Julie,Andrews,Chief Financial Officer,Orthofix Medical,orthofix.com,OFIX,,not_found
Jay,Luly,President & Chief Executive Officer,Enanta Pharmaceuticals,enanta.com,ENTA,,not_found
Harry,Trout,Interim Principal Financial Officer,Enanta Pharmaceuticals,enanta.com,ENTA,,not_found
Joseph,Burnett,President & Chief Executive Officer,ClearPoint Neuro,clearpointneuro.com,CLPT,,not_found
Danilo,D'Alessandro,Executive Vice President & Chief Financial Officer,ClearPoint Neuro,clearpointneuro.com,CLPT,,not_found
David,Hochman,Chairman & Chief Executive Officer,Orchestra BioMed,orchestrabiomed.com,OBIO,,not_found
Andrew,Taylor,Chief Financial Officer,Orchestra BioMed,orchestrabiomed.com,OBIO,,not_found
Benjamin,Oakes,Co-founder President & Chief Executive Officer,Scribe Therapeutics,scribetx.com,SCTX,,not_found
David,Parrot,Chief Financial Officer,Scribe Therapeutics,scribetx.com,SCTX,,not_found
Cary,Vance,President & Chief Executive Officer,Avita Medical,avitamedical.com,RCEL,,not_found
David,O'Toole,Chief Financial Officer,Avita Medical,avitamedical.com,RCEL,,not_found
Craig,Parker,Chief Executive Officer & President,Surrozen,surrozen.com,SRZN,http://www.linkedin.com/in/craig-parker-603a044,from Apollo export
Andrew,Maleki,Chief Financial Officer,Surrozen,surrozen.com,SRZN,,not_found
Jeffrey,Hackman,Chief Executive Officer,Fennec Pharmaceuticals,fennecpharma.com,FENC,,not_found
Robert,Andrade,Chief Financial Officer,Fennec Pharmaceuticals,fennecpharma.com,FENC,,not_found
Fred,Aslan,President & Chief Executive Officer,Artiva Biotherapeutics,artivabio.com,ARTV,,not_found
Thad,Huston,Chief Financial Officer,Artiva Biotherapeutics,artivabio.com,ARTV,http://www.linkedin.com/in/thad-huston-729a17ab,from Apollo export
Shankar,Musunuri,Chairman CEO & Co-Founder,Ocugen,ocugen.com,OCGN,,not_found
Rita,Johnson-Greene,Chief Financial Officer,Ocugen,ocugen.com,OCGN,,not_found
Junyi,Dai,Chief Executive Officer & Chairman,Indaptus Therapeutics,indaptusrx.com,INDP,,not_found
Yu,Ding,Chief Financial Officer,Indaptus Therapeutics,indaptusrx.com,INDP,,not_found
Kang-Huai,Wang,President & Chief Executive Officer,CapsoVision,capsovision.com,CV,https://www.linkedin.com/in/johnny-wang-a5b781a/,medium
Kevin,Lundquist,Chief Financial Officer,CapsoVision,capsovision.com,CV,http://www.linkedin.com/in/kml2244,from Apollo export
Jerel,Banks,Chief Executive Officer & Chairman,Benitec Biopharma,benitec.com,BNTC,,not_found
Megan,Boston,Chief Financial Officer,Benitec Biopharma,benitec.com,BNTC,,not_found
Joseph,Papa,President & Chief Executive Officer,Emergent BioSolutions,emergentbiosolutions.com,EBS,,not_found
Richard,Lindahl,EVP & Chief Financial Officer,Emergent BioSolutions,emergentbiosolutions.com,EBS,,not_found
James,Green,"President, Chief Executive Officer & Chairman",Vogenx,vogenx.com,VOGX,,not_found
Steven,Delmar,Chief Financial Officer,Vogenx,vogenx.com,VOGX,,not_found
Steven,Nichtberger,"Chief Executive Officer, President & Chairman",Cabaletta Bio,cabalettabio.com,CABA,,not_found
Anup,Marda,Chief Financial Officer,Cabaletta Bio,cabalettabio.com,CABA,,not_found
Carole,Ben-Maimon,President & Chief Executive Officer,Larimar Therapeutics,larimartx.com,LRMR,,not_found
Michael,Celano,Chief Financial Officer,Larimar Therapeutics,larimartx.com,LRMR,,not_found
Kristen,Fortney,"Chief Executive Officer, President & Co-Founder",BioAge Labs,bioagelabs.com,BIOA,,not_found
Dov,Goldstein,Chief Financial Officer,BioAge Labs,bioagelabs.com,BIOA,,not_found
Devdatt,Kurdikar,"Chairman, President & Chief Executive Officer",Embecta,embecta.com,EMBC,,not_found
Jake,Elguicze,Chief Financial Officer,Embecta,embecta.com,EMBC,,not_found
Seth,Yon,President & Chief Executive Officer,Sanara MedTech,sanaramedtech.com,SMTI,,not_found
Elizabeth,Taylor,Chief Financial Officer,Sanara MedTech,sanaramedtech.com,SMTI,,not_found
Erqi,Wang,Chief Executive Officer,Jin Medical International,zhjmedical.com,ZJYL,http://www.linkedin.com/in/erqi-wang-2a7094288,from Apollo export
Ziqiang,Wang,Chief Financial Officer,Jin Medical International,zhjmedical.com,ZJYL,,not_found
Kris,Vaddi,Chief Executive Officer,Prelude Therapeutics,preludetx.com,PRLD,,not_found
Bryant,Lim,Chief Financial Officer,Prelude Therapeutics,preludetx.com,PRLD,,not_found
Pedro,Beltran,Chief Executive Officer,BridgeBio Oncology Therapeutics,bbotx.com,BBOT,,not_found
Uneek,Mehra,Chief Financial Officer,BridgeBio Oncology Therapeutics,bbotx.com,BBOT,,not_found
Richard,Foust,President & Chief Executive Officer,Mobia Medical,mobia.com,MOBI,,not_found
Bunker,Curnes,Chief Financial Officer,Mobia Medical,mobia.com,MOBI,,not_found
Brent,Pfeiffenberger,President & Chief Executive Officer,Century Therapeutics,centurytx.com,IPSC,,not_found
Douglas,Carr,Senior Vice President Finance (Principal Financial Officer; CFO not confirmed),Century Therapeutics,centurytx.com,IPSC,,not_found
Johan,Spoor,Chief Executive Officer,Perspective Therapeutics,perspectivetherapeutics.com,CATX,,not_found
Joel,Sendek,Chief Financial Officer,Perspective Therapeutics,perspectivetherapeutics.com,CATX,,not_found
Luis,Pena,"Co-Founder, President & Chief Executive Officer",Evommune,evommune.com,EVMN,,not_found
Kyle,Carver,Chief Financial Officer,Evommune,evommune.com,EVMN,,not_found
Mihael,Polymeropoulos,"President, Chief Executive Officer & Chairman",Vanda Pharmaceuticals,vandapharma.com,VNDA,,not_found
Kevin,Moran,"SVP, Chief Financial Officer & Treasurer",Vanda Pharmaceuticals,vandapharma.com,VNDA,,not_found
Vishwas,Seshadri,Chief Executive Officer,Abeona Therapeutics,abeonatx.com,ABEO,,not_found
Joseph,Vazzano,Chief Financial Officer,Abeona Therapeutics,abeonatx.com,ABEO,,not_found
Samuel,Reich,Chief Executive Officer,SAB Biotherapeutics,sab.bio,SABS,,not_found
Lucy,To,Chief Financial Officer,SAB Biotherapeutics,sab.bio,SABS,,not_found
John,Treace,Chief Executive Officer,Treace Medical Concepts,treace.com,TMCI,,not_found
Mark,Hair,Chief Financial Officer,Treace Medical Concepts,treace.com,TMCI,https://www.linkedin.com/in/mark-hair-03a00534/,high
Jacob,Lalezari,Chief Executive Officer,CytoDyn,cytodyn.com,CYDY,https://www.linkedin.com/in/jay-lalezari-7100069/,high
Robert,Hoffman,Chief Financial Officer,CytoDyn,cytodyn.com,CYDY,,not_found
Gaurav,Shah,Chief Executive Officer,Rocket Pharmaceuticals,rocketpharma.com,RCKT,,not_found
Aaron,Ondrey,Chief Financial Officer,Rocket Pharmaceuticals,rocketpharma.com,RCKT,https://www.linkedin.com/in/aaron-ondrey-ab8b893/,high
Bahram,Valamehr,President & Chief Executive Officer,Fate Therapeutics,fatetherapeutics.com,FATE,https://www.linkedin.com/in/bahram-bob-valamehr-415877a/,high
Kamal,Adawi,Chief Financial Officer,Fate Therapeutics,fatetherapeutics.com,FATE,https://www.linkedin.com/in/adawi/,high
Michael,Egholm,President & Chief Executive Officer,Standard BioTools,standardbio.com,LAB,https://www.linkedin.com/in/michael-egholm-5283152/,medium
Alex,Kim,Chief Financial Officer,Standard BioTools,standardbio.com,LAB,https://www.linkedin.com/in/alex-kim-5033662/,high
Rand,Sutherland,Chief Executive Officer,Upstream Bio,upstreambio.com,UPB,https://www.linkedin.com/in/rand-sutherland-27301914/,high
Mike,Gray,Chief Financial Officer & Chief Operating Officer,Upstream Bio,upstreambio.com,UPB,https://www.linkedin.com/in/michael-gray-4078753/,high
Jay,Duker,President & Chief Executive Officer,EyePoint,eyepoint.com,EYPT,https://www.linkedin.com/in/jay-s-duker-m-d-9b3ba52/,medium
George,Elston,"Executive Vice President, Chief Financial Officer",EyePoint,eyepoint.com,EYPT,https://www.linkedin.com/in/george-elston-7a24247/,high
Adam,Craig,Executive Chairman (no CEO; principal executive),X4 Pharmaceuticals,x4pharma.com,XFOR,,not_found
David,Kirske,Chief Financial Officer,X4 Pharmaceuticals,x4pharma.com,XFOR,https://www.linkedin.com/in/dkirske/,medium
Mark,Iwicki,Chief Executive Officer,Inhibikase Therapeutics,inhibikase.com,IKT,https://www.linkedin.com/in/mark-iwicki-58103970/,high
David,McIntyre,Chief Financial Officer,Inhibikase Therapeutics,inhibikase.com,IKT,,not_found
Nolan,Townsend,Chief Executive Officer,Lexeo Therapeutics,lexeotx.com,LXEO,,not_found
Louis,Tamayo,Chief Financial Officer,Lexeo Therapeutics,lexeotx.com,LXEO,https://www.linkedin.com/in/louis-tamayo/,high
Alex,Sapir,President & Chief Executive Officer,Fulcrum Therapeutics,fulcrumtx.com,FULC,https://www.linkedin.com/in/alex-sapir-5bba00/,high
Alan,Musso,Chief Financial Officer,Fulcrum Therapeutics,fulcrumtx.com,FULC,https://www.linkedin.com/in/alan-musso-84a14217/,high
Snehal,Patel,Chief Executive Officer & Chief Financial Officer,Greenwich LifeSciences,greenwichlifesciences.com,GLSI,,not_found
Richard,Kaiser,Interim Chief Executive Officer & Chief Financial Officer,BioForce Nanosciences,bioforceeclipse.com,BFNH,,not_found
Aaron,Berg,President & Chief Executive Officer,Amarin,amarincorp.com,AMRN,https://www.linkedin.com/in/aaron-berg-7b13033/,medium
Peter,Fishman,Chief Financial Officer,Amarin,amarincorp.com,AMRN,https://www.linkedin.com/in/peter-l-fishman/,high
Martin,Zügel,Interim Chief Executive Officer,AC Immune,acimmune.com,ACIU,https://www.linkedin.com/in/martin-zuegel-6bb7643a/,high
Christopher,Roberts,Chief Financial Officer,AC Immune,acimmune.com,ACIU,,not_found
Mary,Szela,President & Chief Executive Officer,TriSalus Life Sciences,trisaluslifesci.com,TLSI,https://www.linkedin.com/in/maryszela/,high
David,Patience,Chief Financial Officer,TriSalus Life Sciences,trisaluslifesci.com,TLSI,https://www.linkedin.com/in/david-patience-6b108216/,high
Jane,Chung,Chief Executive Officer,Sutro Biopharma,sutrobio.com,STRO,https://www.linkedin.com/in/jane-chung-b7242b17/,high
Gregory,Chow,Chief Financial Officer,Sutro Biopharma,sutrobio.com,STRO,https://www.linkedin.com/in/greg-chow-045133/,medium
Niels,Riedemann,Chief Executive Officer,InflaRx,inflarx.com,IFRX,https://de.linkedin.com/in/niels-riedemann-2a2178a3,medium
Thomas,Taapken,Chief Financial Officer,InflaRx,inflarx.com,IFRX,,not_found
Ben,Zeskind,Co-Founder & Chief Executive Officer,Immuneering,immuneering.com,IMRX,https://www.linkedin.com/in/bzeskind/,high
Andrew,Gengos,Chief Financial Officer,Immuneering,immuneering.com,IMRX,https://www.linkedin.com/in/andrew-gengos-b3832b6/,medium
Carrie,Eglinton Manner,President & Chief Executive Officer,OraSure Technologies,orasure.com,OSUR,,not_found
Kenneth,McGrath,Chief Financial Officer,OraSure Technologies,orasure.com,OSUR,https://www.linkedin.com/in/ken-mcgrath-cfa-2a8a6919/,high
Kevin,Guest,Chief Executive Officer,USANA Health Sciences,usana.com,USNA,https://www.linkedin.com/in/kevin-guest-a41a203/,high
Douglas,Hekking,Chief Financial Officer,USANA Health Sciences,usana.com,USNA,https://www.linkedin.com/in/g-douglas-hekking-0818953/,high
Steve,Griffin,Chief Executive Officer,Anika Therapeutics,anika.com,ANIK,https://www.linkedin.com/in/steve-griffin-66655313/,high
Steve,Griffin,Principal Financial Officer (CFO role vacant),Anika Therapeutics,anika.com,ANIK,https://www.linkedin.com/in/steve-griffin-66655313/,high
Julie,Eastland,"Chief Executive Officer, President",Zentalis Pharmaceuticals,zentalis.com,ZNTL,,not_found
Melissa,Epperly,Chief Financial Officer,Zentalis Pharmaceuticals,zentalis.com,ZNTL,https://www.linkedin.com/in/melissa-epperly-1053b3/,medium
Nasrat,Hakim,"Chairman, President & Chief Executive Officer",Elite Pharmaceuticals,elitepharma.com,ELTP,https://www.linkedin.com/in/nasrat-hakim-2932616/,high
Carter,Ward,Chief Financial Officer,Elite Pharmaceuticals,elitepharma.com,ELTP,https://www.linkedin.com/in/carterjward/,medium
Kevin,Lee,Chief Executive Officer,Bicycle Therapeutics,bicycletherapeutics.com,BCYC,,not_found
Travis,Thompson,Chief Financial Officer,Bicycle Therapeutics,bicycletherapeutics.com,BCYC,http://www.linkedin.com/in/travisthompsonbcyc,from Apollo export
John,Butler,"President, Chief Executive Officer",Akebia Therapeutics,akebia.com,AKBA,http://www.linkedin.com/in/john-butler-95869810,from Apollo export
Erik,Ostrowski,"SVP, Chief Financial Officer & Chief Business Officer",Akebia Therapeutics,akebia.com,AKBA,,not_found
Jodie,Morrison,Chief Executive Officer,Q32 Bio,q32bio.com,QTTB,,not_found
Lee,Kalowski,Chief Financial Officer & President,Q32 Bio,q32bio.com,QTTB,http://www.linkedin.com/in/lee-kalowski-50807a7,from Apollo export
Paul,Josephs,President & Chief Executive Officer,Lifecore Biomedical,lifecore.com,LFCR,http://www.linkedin.com/in/paul-josephs-6b33b03,from Apollo export
Ryan,Lake,Chief Financial Officer,Lifecore Biomedical,lifecore.com,LFCR,http://www.linkedin.com/in/ryan-d-lake-cpa-6abb544,from Apollo export
Linda,Powers,"Chairperson, CEO, President, CFO & Chief Accounting Officer",Northwest Biotherapeutics,nwbio.com,NWBO,,not_found
Joshua,Mandel-Brehm,"CEO, President & Director",CAMP4 Therapeutics,camp4tx.com,CAMP,,not_found
Kelly,Gold,Chief Financial Officer,CAMP4 Therapeutics,camp4tx.com,CAMP,http://www.linkedin.com/in/kelly-gold-81843449,from Apollo export
Marc,Elia,Chairman & Chief Executive Officer,Invivyd,invivyd.com,IVVD,http://www.linkedin.com/in/marc-elia,from Apollo export
Bill,Duke,Chief Financial Officer,Invivyd,invivyd.com,IVVD,http://www.linkedin.com/in/williamduke,from Apollo export
Eric,Risser,President & Chief Executive Officer,MacroGenics,macrogenics.com,MGNX,,not_found
James,Karrels,"SVP, Chief Financial Officer & Secretary",MacroGenics,macrogenics.com,MGNX,http://www.linkedin.com/in/jim-karrels-250b144,from Apollo export
Dipal,Doshi,Chief Executive Officer,Entrada Therapeutics,entradatx.com,TRDA,http://www.linkedin.com/in/dipal-doshi-entrada,from Apollo export
Kory,Wentworth,Chief Financial Officer & Treasurer,Entrada Therapeutics,entradatx.com,TRDA,http://www.linkedin.com/in/korywentworth,from Apollo export
J.D.,Finley,Chief Executive Officer and Chief Financial Officer,Palisade Bio,palisadebio.com,PALI,https://www.linkedin.com/in/j-d-finley-3a131910/,high
Mori,Arkin,Interim Chief Executive Officer & Chairman,Sol-Gel Technologies,sol-gel.com,SLGL,,not_found
Eyal,Ben-Or,Chief Financial Officer,Sol-Gel Technologies,sol-gel.com,SLGL,,not_found
Brian,Culley,Chief Executive Officer,Lineage Cell Therapeutics,lineagecell.com,LCTX,http://www.linkedin.com/in/brian-culley-7b219a1,from Apollo export
Jill,Howe,Chief Financial Officer,Lineage Cell Therapeutics,lineagecell.com,LCTX,http://www.linkedin.com/in/jill-howe,from Apollo export
Diem,Nguyen,Chief Executive Officer,SIGA Technologies,siga.com,SIGA,,not_found
Daniel,Luckshire,"EVP, Chief Financial Officer & Secretary",SIGA Technologies,siga.com,SIGA,,not_found
Kevin,Cornwell,"Chairman, CEO, President",Utah Medical Products,utahmed.com,UTMD,,not_found
Brian,Koopman,Principal Financial Officer,Utah Medical Products,utahmed.com,UTMD,http://www.linkedin.com/in/brkoopman,from Apollo export
Lynn,Seely,President & Chief Executive Officer,Lyell Immunopharma,lyell.com,LYEL,http://www.linkedin.com/in/lynn-seely-54325a29,from Apollo export
Smital,Shah,Chief Financial and Business Officer,Lyell Immunopharma,lyell.com,LYEL,http://www.linkedin.com/in/smital-shah-508864,from Apollo export
James,Cunniff,Chief Executive Officer,Electromed,electromed.com,ELMD,,not_found
Bradley,Nagel,Chief Financial Officer,Electromed,electromed.com,ELMD,,not_found
Rob,Fried,Chief Executive Officer,Niagen Bioscience,niagenbioscience.com,NAGE,,not_found
Ozan,Pamir,Chief Financial Officer,Niagen Bioscience,niagenbioscience.com,NAGE,,not_found
Mike,Cloonan,President & CEO,Sionna Therapeutics,sionnatx.com,SION,http://www.linkedin.com/in/michael-cloonan-74b0bb1,from Apollo export
Elena,Ridloff,Chief Financial Officer,Sionna Therapeutics,sionnatx.com,SION,http://www.linkedin.com/in/elena-ridloff-cfa-2900a08,from Apollo export
Daniel,de Boer,Chief Executive Officer,ProQR Therapeutics,proqr.com,PRQR,,not_found
Dennis,Hom,Chief Financial Officer,ProQR Therapeutics,proqr.com,PRQR,http://www.linkedin.com/in/dennishom,from Apollo export
Rebecca,Frey,President & CEO,Yarrow Bioscience,yarrowbioscience.com,YARW,http://www.linkedin.com/in/rebeccavfrey,from Apollo export
Tyler,Zeronda,Chief Financial Officer,Yarrow Bioscience,yarrowbioscience.com,YARW,http://www.linkedin.com/in/tyler-zeronda-cpa-41b2ab21,from Apollo export
Carsten,Brunn,"President, CEO & Chairman",Cartesian Therapeutics,cartesiantx.com,RNAC,http://www.linkedin.com/in/carsten-brunn-a8b287a,from Apollo export
Blaine,Davis,Chief Financial Officer,Cartesian Therapeutics,cartesiantx.com,RNAC,,not_found
Eran,Ophir,President & CEO,Compugen,cgen.com,CGEN,,not_found
Alberto,Sessa,Chief Financial Officer,Compugen,cgen.com,CGEN,http://www.linkedin.com/in/alberto-sessa,from Apollo export
Dror,Bashan,President & CEO,Protalix BioTherapeutics,protalix.com,PLX,,not_found
Gilad,Mamlok,Senior Vice President & Chief Financial Officer,Protalix BioTherapeutics,protalix.com,PLX,,not_found
Jasbir,Seehra,President & Chief Executive Officer,Keros Therapeutics,kerostx.com,KROS,http://www.linkedin.com/in/jasbir-seehra-3614b017,from Apollo export
Annita,Tanini,Interim Principal Financial Officer,Keros Therapeutics,kerostx.com,KROS,,not_found
Kenneth,Romanzi,Chief Executive Officer,Nature's Sunshine Products,naturessunshine.com,NATR,http://www.linkedin.com/in/ken-romanzi-566498b,from Apollo export
Ruth,Perkins,Executive Vice President & Chief Financial Officer,Nature's Sunshine Products,naturessunshine.com,NATR,,not_found
Rick,Van Kirk,President & Chief Executive Officer,Pro-Dex,pro-dex.com,PDEX,http://www.linkedin.com/in/rick-van-kirk-4bb57a1,from Apollo export
Alisha,Charlton,Chief Financial Officer,Pro-Dex,pro-dex.com,PDEX,,not_found
David,Lennon,President & CEO,Whitehawk Therapeutics,whitehawktx.com,WHWK,http://www.linkedin.com/in/dave-lennon,from Apollo export
Scott,Giacobello,Chief Financial Officer,Whitehawk Therapeutics,whitehawktx.com,WHWK,http://www.linkedin.com/in/scottgiacobello,from Apollo export
Peter,Luo,Chief Executive Officer,Adagene,adagene.com,ADAG,,not_found
Raymond,Tam,Chief Financial Officer,Adagene,adagene.com,ADAG,,not_found
Arnon,Rosenthal,Chief Executive Officer,Alector,alector.com,ALEC,http://www.linkedin.com/in/arnon-rosenthal-phd-676b928,from Apollo export
Neil,Berkley,Chief Financial Officer & Chief Business Officer,Alector,alector.com,ALEC,,not_found
David-Alexandre,Gros,Chief Executive Officer,Eledon Pharmaceuticals,eledon.com,ELDN,http://www.linkedin.com/in/dagros,from Apollo export
Paul,Little,Chief Financial Officer,Eledon Pharmaceuticals,eledon.com,ELDN,http://www.linkedin.com/in/paulslittle,from Apollo export
Adrian,Gottschalk,Chief Executive Officer,Foghorn Therapeutics,foghorntx.com,FHTX,http://www.linkedin.com/in/adrian-gottschalk-93a4a8a,from Apollo export
Ryan,Maynard,Chief Financial Officer,Foghorn Therapeutics,foghorntx.com,FHTX,http://www.linkedin.com/in/ryan-maynard-035277,from Apollo export
Adam,Rogers,President & CEO,NervGen Pharma,nervgen.com,NGEN,http://www.linkedin.com/in/adam-rogers-15428526,from Apollo export
Keith,Vendola,Chief Financial Officer,NervGen Pharma,nervgen.com,NGEN,http://www.linkedin.com/in/keithvendola,from Apollo export
Terrie,Kellmeyer,Interim Chief Executive Officer,Anavex Life Sciences,anavex.com,AVXL,,not_found
Sandra,Boenisch,Principal Financial Officer,Anavex Life Sciences,anavex.com,AVXL,http://www.linkedin.com/in/sandra-boenisch-52a8232bb,from Apollo export
Nadav,Kidron,Chief Executive Officer,Oramed Pharmaceuticals,oramed.com,ORMP,,not_found
Avraham,Gabay,Chief Financial Officer,Oramed Pharmaceuticals,oramed.com,ORMP,https://www.linkedin.com/in/gabay-avi/,high
Eric,Easom,President & CEO,AN2 Therapeutics,an2therapeutics.com,ANTX,,not_found
Lucy,Day,Chief Financial Officer,AN2 Therapeutics,an2therapeutics.com,ANTX,http://www.linkedin.com/in/lucy-day-bba347135,from Apollo export
Jason,Lettmann,Chief Executive Officer,ALX Oncology,alxoncology.com,ALXO,http://www.linkedin.com/in/jason-lettmann-ba3ab7,from Apollo export
Harish,Shantharam,Chief Financial Officer,ALX Oncology,alxoncology.com,ALXO,http://www.linkedin.com/in/harish-shantharam-cfa-0228181,from Apollo export
Shao-Lee,Lin,"President, CEO & Director",Cue Biopharma,cuebiopharma.com,CUE,https://www.linkedin.com/in/shao-lee-lin-md-phd-4138101/,medium
James,Ahlers,Chief Financial Officer,Cue Biopharma,cuebiopharma.com,CUE,https://www.linkedin.com/in/james-ahlers-3010081a/,medium
Claude,Maraoui,Chief Executive Officer,Journey Medical,journeymedicalcorp.com,DERM,http://www.linkedin.com/in/claudemaraoui,from Apollo export
Joseph,Benesch,Chief Financial Officer,Journey Medical,journeymedicalcorp.com,DERM,,not_found
Paul,Hastings,Chief Executive Officer,Nkarta,nkartatx.com,NKTX,http://www.linkedin.com/in/paul-h-25365a6,from Apollo export
Nadir,Mahmood,President & Principal Financial Officer,Nkarta,nkartatx.com,NKTX,,not_found
Dennis,Lanfear,President & Chief Executive Officer,Coherus Oncology,coherus.com,CHRS,http://www.linkedin.com/in/dennylanfear,from Apollo export
Bryan,McMichael,Chief Financial Officer,Coherus Oncology,coherus.com,CHRS,http://www.linkedin.com/in/bryan-mcmichael-807659,from Apollo export
Thomas,Civik,Chief Executive Officer & Chairman,Pyxis Oncology,pyxisoncology.com,PYXS,http://www.linkedin.com/in/thomas-civik-70236030,from Apollo export
Pamela,Connealy,Chief Financial Officer & Chief Operating Officer,Pyxis Oncology,pyxisoncology.com,PYXS,http://www.linkedin.com/in/pamyanchik,from Apollo export
Thomas,Schuetz,President & Chief Executive Officer,Compass Therapeutics,compasstherapeutics.com,CMPX,,not_found
Barry,Shin,Chief Financial Officer,Compass Therapeutics,compasstherapeutics.com,CMPX,http://www.linkedin.com/in/barry-shin-017529,from Apollo export
Dan,Reuvers,President & Chief Executive Officer,Neuronetics,neuronetics.com,STIM,http://www.linkedin.com/in/dan-reuvers-1a0310b,from Apollo export
Nir,Naor,"EVP, Chief Financial Officer & Treasurer",Neuronetics,neuronetics.com,STIM,,not_found
Sujal,Patel,"Chief Executive Officer, President & Secretary",Nautilus Biotechnology,nautilus.bio,NAUT,,not_found
Anna,Mowry,Chief Financial Officer,Nautilus Biotechnology,nautilus.bio,NAUT,,not_found
Ofer,Gonen,Chief Executive Officer,MediWound,mediwound.com,MDWD,,not_found
Hani,Luxenburg,Chief Financial Officer,MediWound,mediwound.com,MDWD,http://www.linkedin.com/in/hani-luxenburg-9962b5197,from Apollo export
Jesse,Shefferman,Chief Executive Officer,Protara Therapeutics,protaratx.com,TARA,http://www.linkedin.com/in/jshefferman,from Apollo export
Patrick,Fabbio,Chief Financial Officer,Protara Therapeutics,protaratx.com,TARA,,not_found
Gary,Gillheeney,President & Chief Executive Officer,Organogenesis,organogenesis.com,ORGO,http://www.linkedin.com/in/gary-gillheeney-jr-227296173,from Apollo export
David,Francisco,Chief Financial Officer,Organogenesis,organogenesis.com,ORGO,http://www.linkedin.com/in/dave-francisco-60ba7a3,from Apollo export
Christoph,Antz,Chief Executive Officer,Veraxa Biotech,veraxa.com,VRXA,,not_found
Raju,Willener,Chief Financial Officer,Veraxa Biotech,veraxa.com,VRXA,,not_found
Joseph,Chee,Chairman & Chief Executive Officer,Solana Company,solanacompany.co,HSDT,,not_found
Madelene,Gani,Chief Operating Officer & Deputy CFO,Solana Company,solanacompany.co,HSDT,,not_found
James,McArthur,President & Chief Executive Officer,PepGen,pepgen.com,PEPG,http://www.linkedin.com/in/james-mcarthur-b562a34,from Apollo export
Noel,Donnelly,Chief Financial Officer,PepGen,pepgen.com,PEPG,http://www.linkedin.com/in/noel-donnelly-6b6093a,from Apollo export
Michael,Amoroso,President & Chief Executive Officer,Precision BioSciences,precisionbiosciences.com,DTIL,http://www.linkedin.com/in/michael-amoroso,from Apollo export
Naresh,Tanna,Chief Financial Officer,Precision BioSciences,precisionbiosciences.com,DTIL,,not_found
Everett,Cunningham,President & Chief Executive Officer,Quanterix,quanterix.com,QTRX,,not_found
Jason,Faessler,Chief Financial Officer,Quanterix,quanterix.com,QTRX,http://www.linkedin.com/in/jason-faessler-8765a81,from Apollo export
Ryan,Rhodes,Chief Executive Officer,EDAP TMS,focalone.com,FOCL,http://www.linkedin.com/in/ryan-rhodes-992503b0,from Apollo export
Ken,Mobeck,Chief Financial Officer,EDAP TMS,focalone.com,FOCL,https://www.linkedin.com/in/kenmobeck/,medium
Daniel,O'Connell,President & Chief Executive Officer,Acumen Pharmaceuticals,acumenpharm.com,ABOS,http://www.linkedin.com/in/daniel-o-connell-48b931,from Apollo export
Matt,Zuga,Chief Financial Officer & Chief Business Officer,Acumen Pharmaceuticals,acumenpharm.com,ABOS,http://www.linkedin.com/in/matt-zuga-0553888,from Apollo export
Seth,Lederman,Chief Executive Officer & Chairman,Tonix Pharmaceuticals,tonixpharma.com,TNXP,http://www.linkedin.com/in/sethlederman,from Apollo export
Bradley,Saenger,Chief Financial Officer,Tonix Pharmaceuticals,tonixpharma.com,TNXP,,not_found
Al,Sandrock,Chief Executive Officer,Voyager Therapeutics,voyagertherapeutics.com,VYGR,http://www.linkedin.com/in/al-sandrock-2706077,from Apollo export
Robin,Swartz,"Chief Operating Officer, Chief Business Officer & Principal Financial Officer (Interim CFO)",Voyager Therapeutics,voyagertherapeutics.com,VYGR,http://www.linkedin.com/in/robineswartz,from Apollo export
Ameet,Mallik,President & Chief Executive Officer,ADC Therapeutics,adctherapeutics.com,ADCT,http://www.linkedin.com/in/ameet-mallik-1002293,from Apollo export
Jose,Carmona,Chief Financial Officer,ADC Therapeutics,adctherapeutics.com,ADCT,,not_found
Remy,Luthringer,Executive Chairman & Chief Executive Officer,Minerva Neurosciences,minervaneurosciences.com,NERV,,not_found
Frederick,Ahlholm,Chief Financial Officer,Minerva Neurosciences,minervaneurosciences.com,NERV,http://www.linkedin.com/in/frederick-ahlholm-a0074259,from Apollo export
Srishti,Gupta,Chief Executive Officer,NovaBridge Biosciences,novabridge.com,NBP,,not_found
Lishan,Aklog,Chief Executive Officer,Lucid Diagnostics,luciddx.com,LUCD,http://www.linkedin.com/in/laklog,from Apollo export
Dennis,McGrath,Chief Financial Officer,Lucid Diagnostics,luciddx.com,LUCD,http://www.linkedin.com/in/dennis-mcgrath-208189,from Apollo export
Fu-Feng,Kuo,Chief Executive Officer & Chairwoman,Jyong Biotech,jyongbio.com,MENS,,not_found
Wei,Zhang,Chief Financial Officer,Jyong Biotech,jyongbio.com,MENS,,not_found
Bob,Jahr,President & Chief Executive Officer,Outlook Therapeutics,outlooktherapeutics.com,OTLK,http://www.linkedin.com/in/bob-jahr-a8545311,from Apollo export
Kevin,Lundquist,Chief Financial Officer,Outlook Therapeutics,outlooktherapeutics.com,OTLK,http://www.linkedin.com/in/kml2244,from Apollo export
Michael,Kazley,Chairman & Chief Executive Officer,Stablecoin Development Corporation,stabledev.com,SDEV,http://www.linkedin.com/in/michael-kazley,from Apollo export
Tommy,Law,Chief Financial Officer & Treasurer,Stablecoin Development Corporation,stabledev.com,SDEV,http://www.linkedin.com/in/tommy-law-90b5b237,from Apollo export
Laura,Niklason,President & Chief Executive Officer,Humacyte,humacyte.com,HUMA,http://www.linkedin.com/in/lauraniklason,from Apollo export
Dale,Sander,"Chief Financial Officer, Chief Corporate Development Officer & Treasurer",Humacyte,humacyte.com,HUMA,http://www.linkedin.com/in/dale-sander-b7ab5232,from Apollo export
Kath,Gallagher,President & Chief Executive Officer,Atrium Therapeutics,atriumtherapeutics.com,RNA,https://www.linkedin.com/in/kathpgallagher/,high
Brendan,Winslow,Chief Financial Officer,Atrium Therapeutics,atriumtherapeutics.com,RNA,,not_found
Ram,Aiyar,Chief Executive Officer & President,Korro Bio,korrobio.com,KRRO,http://www.linkedin.com/in/ram-aiyar,from Apollo export
Vineet,Agarwal,Chief Financial Officer,Korro Bio,korrobio.com,KRRO,http://www.linkedin.com/in/vineet-agarwal-6408441b,from Apollo export
Javier,Szwarcberg,Chief Executive Officer,Spruce Biosciences,sprucebio.com,SPRB,http://www.linkedin.com/in/javier-szwarcberg-2b73621a,from Apollo export
Samir,Gharib,President & Chief Financial Officer,Spruce Biosciences,sprucebio.com,SPRB,http://www.linkedin.com/in/samirgharib,from Apollo export
Kevin,Smith,President & Chief Executive Officer,Inogen,inogen.com,INGN,,not_found
Jason,Richardson,Chief Financial Officer,Inogen,inogen.com,INGN,http://www.linkedin.com/in/jason-richardson-60691212,from Apollo export
Faraz,Ali,Chief Executive Officer,Tenaya Therapeutics,tenayatherapeutics.com,TNYA,http://www.linkedin.com/in/farazaliprofile,from Apollo export
Eric,Hyllengren,Chief Financial Officer,Tenaya Therapeutics,tenayatherapeutics.com,TNYA,http://www.linkedin.com/in/eric-hyllengren-6210074,from Apollo export
James,Bianco,President & Chief Executive Officer,TuHURA Biosciences,tuhurabio.com,HURA,http://www.linkedin.com/in/james-a-bianco-md-91686b5,from Apollo export
Dan,Dearborn,Executive VP of Finance & Chief Financial Officer,TuHURA Biosciences,tuhurabio.com,HURA,http://www.linkedin.com/in/dan-dearborn-6235805,from Apollo export
Deborah,Birx,Chief Executive Officer,Armata Pharmaceuticals,armatapharma.com,ARMP,,not_found
David,House,SVP Finance & Principal Financial Officer,Armata Pharmaceuticals,armatapharma.com,ARMP,http://www.linkedin.com/in/david-house-51377b27,from Apollo export
Rachel,Haurwitz,President & Chief Executive Officer,Caribou Biosciences,cariboubio.com,CRBU,http://www.linkedin.com/in/rachelhaurwitz,from Apollo export
Sriram,Ryali,Chief Financial Officer,Caribou Biosciences,cariboubio.com,CRBU,https://www.linkedin.com/in/sri-ryali/,high
Ivor,Elrifi,Chief Executive Officer,Tiziana Life Sciences,tizianalifesciences.com,TLSA,http://www.linkedin.com/in/ivor-elrifi-6407b93,from Apollo export
Keeren,Shah,Chief Financial Officer & Chief Operating Officer,Tiziana Life Sciences,tizianalifesciences.com,TLSA,https://www.linkedin.com/in/keeren-shah-74724a2/,high
Adam,Kalbermatten,President & Chief Executive Officer,KORU Medical Systems,korucare.com,KRMD,http://www.linkedin.com/in/adamkalbermatten,from Apollo export
Thomas,Adams,Chief Financial Officer,KORU Medical Systems,korucare.com,KRMD,http://www.linkedin.com/in/thomas-adams-28a6377,from Apollo export
Christopher,Miglino,Chief Executive Officer,Axe Compute,axecompute.com,AGPU,http://www.linkedin.com/in/miglino,from Apollo export
Jeremy,Yaukey-Witter,Chief Financial Officer,Axe Compute,axecompute.com,AGPU,http://www.linkedin.com/in/jeremyyaukey-witter,from Apollo export
Henry,Ji,"Executive Chairman, Chief Executive Officer & President",Semnur Pharmaceuticals,semnur.com,SMNR,,not_found
Stephen,Ma,"Chief Operating Officer (formerly SVP, CFO)",Semnur Pharmaceuticals,semnur.com,SMNR,,not_found
Yuval,Cohen,Chief Executive Officer,Corbus Pharmaceuticals,corbuspharma.com,CRBP,,not_found
Sean,Moran,Chief Financial Officer,Corbus Pharmaceuticals,corbuspharma.com,CRBP,http://www.linkedin.com/in/sean-moran-242a9280,from Apollo export
Jonathan,Javitt,Interim Chief Executive Officer,NRX Pharmaceuticals,nrxpharma.com,NRXP,http://www.linkedin.com/in/jonathanjavitt,from Apollo export
Michael,Abrams,Chief Financial Officer,NRX Pharmaceuticals,nrxpharma.com,NRXP,,not_found
Shalabh,Gupta,Chief Executive Officer,Unicycive Therapeutics,unicycive.com,UNCY,http://www.linkedin.com/in/shalabhgupta,from Apollo export
John,Townsend,Chief Financial Officer,Unicycive Therapeutics,unicycive.com,UNCY,http://www.linkedin.com/in/john-townsend-44b77321,from Apollo export
Christine,Deister,Chief Executive Officer,Harbor Diversified,harbordiversified.com,HRBR,,not_found
Gregg,Garvey,Chief Financial Officer,Harbor Diversified,harbordiversified.com,HRBR,,not_found
Yogi,Jashnani,Chief Executive Officer,AirSculpt Technologies,airsculpt.com,AIRS,http://www.linkedin.com/in/yjashnani,from Apollo export
Michael,Arthur,Chief Financial Officer,AirSculpt Technologies,airsculpt.com,AIRS,http://www.linkedin.com/in/michael-arthur-cfa,from Apollo export
David,Fischel,Chairman & Chief Executive Officer,Stereotaxis,stereotaxis.com,STXS,,not_found
Kimberly,Peery,Chief Financial Officer,Stereotaxis,stereotaxis.com,STXS,,not_found
Erik,Lundgren,Chief Executive Officer,Immunic,imux.com,IMUX,http://www.linkedin.com/in/erik-lundgren-mba-495b6124,from Apollo export
Maher,Masoud,President & Chief Executive Officer,MaxCyte,maxcyte.com,MXCT,http://www.linkedin.com/in/mahermasoud,from Apollo export
Parmeet,Ahuja,Chief Financial Officer,MaxCyte,maxcyte.com,MXCT,http://www.linkedin.com/in/parmeet-ahuja,from Apollo export
David,Mack,President & Chief Executive Officer,PMV Pharmaceuticals,pmvpharma.com,PMVP,,not_found
Michael,Carulli,Chief Financial Officer,PMV Pharmaceuticals,pmvpharma.com,PMVP,http://www.linkedin.com/in/michael-carulli-a29195,from Apollo export
Omid,Farokhzad,Chair & Chief Executive Officer,Seer,seer.bio,SEER,http://www.linkedin.com/in/omidfarokhzad,from Apollo export
David,Horn,"President, Chief Financial Officer & Treasurer (departing Oct 1, 2026)",Seer,seer.bio,SEER,,not_found
Charles,Endweiss,"Principal Financial Officer & Treasurer (effective Oct 1, 2026)",Seer,seer.bio,SEER,,not_found
Paul,Sekhri,President & Chief Executive Officer,vTv Therapeutics,vtvtherapeutics.com,VTVT,,not_found
Michael,Tung,EVP & Chief Financial Officer,vTv Therapeutics,vtvtherapeutics.com,VTVT,http://www.linkedin.com/in/michael-stephen-tung,from Apollo export
Evert,Schimmelpennink,President & Chief Executive Officer,LENZ Therapeutics,lenz-tx.com,LENZ,,not_found
Dan,Chevallard,Chief Financial Officer,LENZ Therapeutics,lenz-tx.com,LENZ,http://www.linkedin.com/in/dan-chevallard-0ab619b,from Apollo export
A.J.,Kazimi,Chairman & Chief Executive Officer,Cumberland Pharmaceuticals,cumberlandpharma.com,CPIX,,not_found
John,Hamm,Chief Financial Officer,Cumberland Pharmaceuticals,cumberlandpharma.com,CPIX,http://www.linkedin.com/in/john-hamm-cma-cfm-mba-72a296b,from Apollo export
Jacqueline,Shea,President & Chief Executive Officer,Inovio Pharmaceuticals,inovio.com,INO,,not_found
Peter,Kies,Chief Financial Officer,Inovio Pharmaceuticals,inovio.com,INO,http://www.linkedin.com/in/peter-kies-09b24a5,from Apollo export
Arun,Swaminathan,Chief Executive Officer,Coya Therapeutics,coyatherapeutics.com,COYA,http://www.linkedin.com/in/arun-swaminathan-a8571b3,from Apollo export
David,Snyder,Chief Financial Officer & Chief Operating Officer,Coya Therapeutics,coyatherapeutics.com,COYA,,not_found
Tien-Li,Lee,Chief Executive Officer,Aardvark Therapeutics,aardvarktherapeutics.com,AARD,,not_found
Nelson,Sun,Chief Financial Officer & Chief Operating Officer,Aardvark Therapeutics,aardvarktherapeutics.com,AARD,,not_found
Michael,Lee,Chairman & Chief Executive Officer,UMeWorld,umeworld.com,UMEW,,not_found
Winfield,Ding,Chief Financial Officer,UMeWorld,umeworld.com,UMEW,,not_found
Joshua,Pinto,President & Chief Executive Officer,Neumora Therapeutics,neumoratx.com,NMRA,http://www.linkedin.com/in/joshuapinto,from Apollo export
Michael,Milligan,Chief Financial Officer,Neumora Therapeutics,neumoratx.com,NMRA,http://www.linkedin.com/in/michael-milligan-b4284726,from Apollo export
Talat,Imran,Chief Executive Officer,Rani Therapeutics,ranitherapeutics.com,RANI,http://www.linkedin.com/in/talat,from Apollo export
Nicholas,Maestas,Chief Financial Officer,Rani Therapeutics,ranitherapeutics.com,RANI,,not_found
Thomas,Zindrick,"Chairman, Chief Executive Officer & President",Genelux,genelux.com,GNLX,,not_found
Matthew,Pulisic,Chief Financial Officer,Genelux,genelux.com,GNLX,,not_found
Joshua,Riggs,President & Chief Executive Officer,Insight Molecular Diagnostics,imdxinc.com,IMDX,http://www.linkedin.com/in/josh-riggs,from Apollo export
Andrea,James,Chief Financial Officer,Insight Molecular Diagnostics,imdxinc.com,IMDX,,not_found
Adam,Mendelsohn,Chief Executive Officer,Vivani Medical,vivani.com,VANI,,not_found
Anthony,Baldor,Chief Financial Officer,Vivani Medical,vivani.com,VANI,http://www.linkedin.com/in/anthonybaldor,from Apollo export
David,Lazar,Chief Executive Officer,Quantum Cyber,quantum-cyber.ai,QUCY,https://www.linkedin.com/in/david-lazar-4143a333/,medium
William,Caragol,Chief Financial Officer (consultant),Quantum Cyber,quantum-cyber.ai,QUCY,http://www.linkedin.com/in/william-caragol,from Apollo export
John,Friend,Chief Executive Officer,Kazia Therapeutics,kaziatherapeutics.com,KZIA,http://www.linkedin.com/in/john-friend-6747872,from Apollo export
James,Levine,Chief Financial Officer,Kazia Therapeutics,kaziatherapeutics.com,KZIA,,not_found
Joseph,Oliveto,President & Chief Executive Officer,Milestone Pharmaceuticals,milestonepharma.com,MIST,http://www.linkedin.com/in/joe-oliveto-67926b6,from Apollo export
Amit,Hasija,Chief Financial Officer & EVP Corporate Development,Milestone Pharmaceuticals,milestonepharma.com,MIST,,not_found
Steven,Lo,President & Chief Executive Officer,Vaxart,vaxart.com,VXRT,https://www.linkedin.com/in/losteve/,high
Jeroen,Grasman,Chief Financial Officer,Vaxart,vaxart.com,VXRT,http://www.linkedin.com/in/jeroen-grasman-2763b02,from Apollo export
Mark,Velleca,Chief Executive Officer,Black Diamond Therapeutics,blackdiamondtherapeutics.com,BDTX,http://www.linkedin.com/in/mvelleca,from Apollo export
Erika,Jones,Senior Vice President Finance & Principal Financial Officer,Black Diamond Therapeutics,blackdiamondtherapeutics.com,BDTX,http://www.linkedin.com/in/joneserika,from Apollo export
Dikla,Czaczkes Akselbrad,Chief Executive Officer,PolyPid,polypid.com,PYPD,,not_found
Jonny,Missulawin,Chief Financial Officer,PolyPid,polypid.com,PYPD,,not_found
Nicholas,Saccomano,President & Chief Executive Officer,OnKure Therapeutics,onkuretherapeutics.com,OKUR,http://www.linkedin.com/in/nick-saccomano-0916a01,from Apollo export
Jason,Leverone,Chief Financial Officer,OnKure Therapeutics,onkuretherapeutics.com,OKUR,,not_found
Charles,Goodwin,Chief Executive Officer,Apyx Medical,apyxmedical.com,APYX,,not_found
Matthew,Hill,Chief Financial Officer,Apyx Medical,apyxmedical.com,APYX,,not_found
Daniel,Reis-Faria,Chief Executive Officer,ZeroStack,zerostack.ai,ZSTK,https://www.linkedin.com/in/danielfaria/,high
Dany,Vaiman,Chief Financial Officer,ZeroStack,zerostack.ai,ZSTK,,not_found
Bruce,Steel,Chief Executive Officer,Equillium,equilliumbio.com,EQ,,not_found
Stephen,Connelly,President & Chief Scientific Officer,Equillium,equilliumbio.com,EQ,,not_found
Amit,Kumar,Chairman & Chief Executive Officer,Anixa Biosciences,anixa.com,ANIX,,not_found
Michael,Catelani,"President, Chief Operating Officer & Chief Financial Officer",Anixa Biosciences,anixa.com,ANIX,,not_found
Neil,Warma,Chief Executive Officer,ProMIS Neurosciences,promisneurosciences.com,PMN,,not_found
Daniel,Geffken,Chief Financial Officer,ProMIS Neurosciences,promisneurosciences.com,PMN,https://www.linkedin.com/in/lifescienceconsultants/,medium
Miles,Harrison,"President, Chief Executive Officer & Director",Conexeu Sciences,conexeu.com,CNXU,,not_found
Stephen,Inouye,"Chief Financial Officer, Corporate Secretary & Treasurer",Conexeu Sciences,conexeu.com,CNXU,,not_found
Joshua,Lev,Co-Chief Executive Officer,electroCore,electrocore.com,ECOR,,not_found
Mike,Fox,Co-Chief Executive Officer,electroCore,electrocore.com,ECOR,https://www.linkedin.com/in/foxmike/,high
Leonard,Mazur,Chairman & Chief Executive Officer,Citius Oncology,citiusonc.com,CTOR,https://www.linkedin.com/in/leonard-mazur-4a8222177/,medium
Jaime,Bartushak,Chief Financial Officer,Citius Oncology,citiusonc.com,CTOR,,not_found
Thomas,Hull,President & Chief Executive Officer,Kewaunee Scientific,kewaunee.com,KEQU,,not_found
Donald,Gardner,Executive Vice President Finance & Chief Financial Officer,Kewaunee Scientific,kewaunee.com,KEQU,,not_found
Hong,Li,Co-Chief Executive Officer,BGM Group,bgmgroupltd.com,BGM,,not_found
Yaxuan,Zhai,Chief Financial Officer,BGM Group,bgmgroupltd.com,BGM,,not_found
Michael,Hitchcock,Interim Chief Executive Officer,Biomea Fusion,biomeafusion.com,BMEA,,not_found
Franco,Valle,Chief Financial Officer,Biomea Fusion,biomeafusion.com,BMEA,,not_found
Amir,Heshmatpour,Chief Executive Officer,NeOnc Technologies,neonc.com,NTHI,,not_found
Keithly,Garnett,Chief Financial Officer,NeOnc Technologies,neonc.com,NTHI,,not_found
Mani,Mohindru,President & Chief Executive Officer,Cardiff Oncology,cardiffoncology.com,CRDF,,not_found
Joshua,Muntner,Chief Financial Officer,Cardiff Oncology,cardiffoncology.com,CRDF,https://www.linkedin.com/in/joshmuntner/,medium
Gareth,Sheridan,Chief Executive Officer,Nutriband,nutriband.com,NTRB,,not_found
Gerald,Goodman,Chief Financial Officer,Nutriband,nutriband.com,NTRB,,not_found
Brian,Carrico,President & Chief Executive Officer,Neuraxis,neuraxis.com,NRXS,,not_found
Tim,Henrichs,Chief Financial Officer,Neuraxis,neuraxis.com,NRXS,,not_found
Allan,Marshall,Chief Executive Officer,Upexi,upexi.com,UPXI,,not_found
Andrew,Norstrud,Chief Financial Officer,Upexi,upexi.com,UPXI,,not_found
Michael,Cavanaugh,Chief Executive Officer,Range Impact,rangeimpact.com,RNGE,http://www.linkedin.com/in/michael-cavanaugh-b53a0323,from Apollo export
Patricia,Missal,Chief Financial Officer,Range Impact,rangeimpact.com,RNGE,https://www.linkedin.com/in/patricia-missal-ba736a5/,medium
Lisa,Ricciardi,President & Chief Executive Officer,Cognition Therapeutics,cogrx.com,CGTX,,not_found
John,Doyle,Chief Financial Officer,Cognition Therapeutics,cogrx.com,CGTX,,not_found
Peter,Blume-Jensen,"Chairman, CEO & President",Acrivon Therapeutics,acrivon.com,ACRV,,not_found
Adam,Levy,Chief Financial Officer,Acrivon Therapeutics,acrivon.com,ACRV,,not_found
Harith,Rajagopalan,Co-Founder & Chief Executive Officer,Fractyl Health,fractyl.com,GUTS,,not_found
Lara,Smith Weber,Chief Financial Officer,Fractyl Health,fractyl.com,GUTS,,not_found
Stephen,Uden,Chief Executive Officer,Rallybio,rallybio.com,RLYB,,not_found
Jonathan,Lieber,Chief Financial Officer,Rallybio,rallybio.com,RLYB,,not_found
Olivier,te Boekhorst,President & Chief Executive Officer,ImmuCell,immucell.com,ICCC,,not_found
Timothy,Fiori,Chief Financial Officer,ImmuCell,immucell.com,ICCC,,not_found
Dayton,Judd,Chairman & Chief Executive Officer,FitLife Brands,fitlifebrands.com,FTLF,,not_found
Jakob,York,Chief Financial Officer,FitLife Brands,fitlifebrands.com,FTLF,,not_found
Maria,Sainz,President & Chief Executive Officer,Hyperfine,hyperfine.io,HYPR,,not_found
Brett,Hale,Chief Administrative Officer & Chief Financial Officer,Hyperfine,hyperfine.io,HYPR,,not_found
Scot,Cohen,Chief Executive Officer & Executive Chairman,Wrap Technologies,wrap.com,WRAP,,not_found
Scot,Cohen,Interim Chief Financial Officer (Principal Financial Officer),Wrap Technologies,wrap.com,WRAP,,not_found
Yuichi,Iwaki,Founder & Chief Executive Officer,MediciNova,medicinova.com,MNOV,,not_found
Jason,Kruger,Chief Financial Officer,MediciNova,medicinova.com,MNOV,,not_found
Glendon,French,President & Chief Executive Officer,Pulmonx,pulmonx.com,LUNG,,not_found
Derrick,Sung,Chief Operating Officer & Chief Financial Officer,Pulmonx,pulmonx.com,LUNG,,not_found
Nicholas,Curtis,Chief Executive Officer,LENSAR,lensar.com,LNSR,,not_found
Michael,Rossi,Interim Chief Financial Officer,LENSAR,lensar.com,LNSR,,not_found
Cokey,Nguyen,President & Chief Executive Officer,Atara Biotherapeutics,atarabio.com,ATRA,,not_found
Kevin,Sarney,Interim Chief Financial Officer,Atara Biotherapeutics,atarabio.com,ATRA,https://www.linkedin.com/in/kevin-g-sarney-mba-cpa-978b893/,medium
Jared,Kelly,Chief Executive Officer,Oncolytics Biotech,oncolyticsbiotech.com,ONCY,,not_found
Kirk,Look,Chief Financial Officer,Oncolytics Biotech,oncolyticsbiotech.com,ONCY,,not_found
Harel,Gadot,"CEO, President & Chairman",Microbot Medical,microbotmedical.com,MBOT,,not_found
Rachel,Vaknin,Chief Financial Officer,Microbot Medical,microbotmedical.com,MBOT,,not_found
Scott,Plesha,Chief Executive Officer,Pelthos Therapeutics,pelthos.com,PTHS,,not_found
John,Gay,Chief Financial Officer,Pelthos Therapeutics,pelthos.com,PTHS,,not_found
Erez,Aminov,Chairman & Chief Executive Officer,Telomir Pharmaceuticals,telomir.com,TELO,,not_found
Alan,Weichselbaum,Chief Financial Officer,Telomir Pharmaceuticals,telomir.com,TELO,,not_found
Pedro,Malha,"President, Chief Executive Officer",SkinHealth Systems,skinhealthsystems.com,SKIN,,not_found
Michael,Monahan,Chief Financial Officer,SkinHealth Systems,skinhealthsystems.com,SKIN,,not_found
Terrence,Moorehead,President & Chief Executive Officer,LifeVantage,lifevantage.com,LFVN,https://www.linkedin.com/in/tmoorehead/,medium
Carl,Aure,Chief Financial Officer,LifeVantage,lifevantage.com,LFVN,,not_found
Todd,Brady,President & Chief Executive Officer,Aldeyra Therapeutics,aldeyra.com,ALDX,,not_found
Michael,Alfieri,Principal Financial Officer (CFO),Aldeyra Therapeutics,aldeyra.com,ALDX,,not_found
Gene,Mack,President & Chief Executive Officer,Gain Therapeutics,gaintherapeutics.com,GANX,,not_found
Gene,Mack,Interim Chief Financial Officer,Gain Therapeutics,gaintherapeutics.com,GANX,,not_found
Jayson,Rieger,Chief Executive Officer & President,Verrica Pharmaceuticals,verrica.com,VRCA,,not_found
John,Kirby,Chief Financial Officer,Verrica Pharmaceuticals,verrica.com,VRCA,,not_found
Barry,Quart,Chief Executive Officer,Connect Biopharma,connectbiopharm.com,CNTB,,not_found
Steven,Chan,Chief Financial Officer,Connect Biopharma,connectbiopharm.com,CNTB,https://www.linkedin.com/in/steven-chan-381a643/,high
Larry,Heaton,Chief Executive Officer,Zomedica,zomedica.com,ZOMDF,,not_found
Scott,Jordan,Executive VP Finance & Chief Financial Officer,Zomedica,zomedica.com,ZOMDF,,not_found
Paul,Romness,"Founder, President, Chief Executive Officer",OS Therapies,ostherapies.com,OSTX,,not_found
Christopher,Acevedo,Chief Financial Officer,OS Therapies,ostherapies.com,OSTX,,not_found
Faheem,Hasnain,Chairman & Chief Executive Officer,Gossamer Bio,gossamerbio.com,GOSS,,not_found
Bryan,Giraudo,Chief Operating Officer & Chief Financial Officer,Gossamer Bio,gossamerbio.com,GOSS,,not_found
Martin,Brenner,Chief Executive Officer,iBio,ibioinc.com,IBIO,,not_found
Felipe,Duran,Chief Financial Officer,iBio,ibioinc.com,IBIO,,not_found
Shaun,Bagai,Chief Executive Officer,RenovoRx,renovorx.com,RNXT,,not_found
Mark,Voll,Chief Financial Officer,RenovoRx,renovorx.com,RNXT,,not_found
Lindsay,Rosenwald,"Chairman, President & Chief Executive Officer",Fortress Biotech,fortressbiotech.com,FBIO,,not_found
David,Jin,Chief Financial Officer,Fortress Biotech,fortressbiotech.com,FBIO,,not_found
Esther,Rajavelu,"President, Chief Executive Officer & Chief Financial Officer",Spero Therapeutics,sperotherapeutics.com,SPRO,,not_found
Jennifer,Callahan,Interim CEO & Chief Financial Officer,Cingulate,cingulate.com,CING,,not_found
Robert,Dempsey,Chief Executive Officer,OKYO Pharma,okyopharma.com,OKYO,,not_found
Keeren,Shah,Chief Financial Officer,OKYO Pharma,okyopharma.com,OKYO,https://www.linkedin.com/in/keeren-shah-74724a2/,high
Vlad,Vitoc,Chief Executive Officer & President,MAIA Biotechnology,maiabiotech.com,MAIA,https://www.linkedin.com/in/vlad-vitoc-md-mba-592201a/,high
Jeffrey,Himmelreich,Head of Finance & Principal Financial Officer,MAIA Biotechnology,maiabiotech.com,MAIA,https://www.linkedin.com/in/jeff-himmelreich/,high
Chris,Giordano,President & Chief Executive Officer,Tenax Therapeutics,tenax.com,TENX,https://www.linkedin.com/in/chris-giordano-348768/,high
Thomas,Staab,Chief Financial Officer,Tenax Therapeutics,tenax.com,TENX,https://www.linkedin.com/in/tom-staab-1b843413/,high
Brian,Windsor,President & Chief Executive Officer,Rein Therapeutics,reintx.com,RNTX,https://www.linkedin.com/in/windsorbrian/,high
Timothy,Cunningham,Interim Chief Financial Officer,Rein Therapeutics,reintx.com,RNTX,,not_found
Erez,Raphael,Chief Executive Officer,DarioHealth,dariohealth.com,DRIO,,not_found
Chen,Franco-Yehuda,Chief Financial Officer,DarioHealth,dariohealth.com,DRIO,https://www.linkedin.com/in/chen-franco-19048763/,high
Bernard,Coulie,President & Chief Executive Officer,Pliant Therapeutics,pliantrx.com,PLRX,https://www.linkedin.com/in/bernard-coulie-2054685/,high
Keith,Cummings,Chief Financial Officer,Pliant Therapeutics,pliantrx.com,PLRX,https://www.linkedin.com/in/keith-cummings-6402304/,high
Chen,Schor,President & Chief Executive Officer,Adicet Bio,adicetbio.com,ACET,https://www.linkedin.com/in/chen-schor-01b7a588/,high
Nick,Harvey,Chief Financial Officer,Adicet Bio,adicetbio.com,ACET,https://www.linkedin.com/in/nickharvey1/,high
Sushma,Shivaswamy,Interim CEO & Chief Scientific Officer,XBiotech,xbiotech.com,XBIT,,not_found
Angela,Hu,"Interim Chief Financial Officer (Director of Finance, Principal Financial Officer)",XBiotech,xbiotech.com,XBIT,https://www.linkedin.com/in/angela-hu-40842226a/,medium
Rob,Brainin,Chief Executive Officer,Champions Oncology,championsoncology.com,CSBR,,not_found
David,Miller,Chief Financial Officer,Champions Oncology,championsoncology.com,CSBR,https://www.linkedin.com/in/david-miller-1488b08/,high
Jennifer,Bath,Chief Executive Officer & President,MindWalk,mindwalk.ai,HYFT,https://www.linkedin.com/in/jennifer-bath-ph-d-8314174a/,high
Scott,Areglado,Chief Financial Officer,MindWalk,mindwalk.ai,HYFT,,not_found
Thomas,Davis,Chief Executive Officer,Viskase,viskase.com,VISK,https://www.linkedin.com/in/thomas-davis-9827715a/,high
Michael,Blecic,Chief Financial Officer,Viskase,viskase.com,VISK,https://www.linkedin.com/in/michael-blecic-2788304/,high
McAndrew,Rudisill,Executive Chairman & Chief Executive Officer,Forum Markets,forum-markets.com,FRMM,https://www.linkedin.com/in/mcandrew-rudisill-1b450414b/,high
John,Saunders,Chief Financial Officer,Forum Markets,forum-markets.com,FRMM,,not_found
Craig,Collard,Chief Executive Officer,Heron Therapeutics,herontx.com,HRTX,https://www.linkedin.com/in/craig-collard-a01a5711b/,high
Ira,Duarte,Executive Vice President & Chief Financial Officer,Heron Therapeutics,herontx.com,HRTX,https://www.linkedin.com/in/ira-duarte-1145a39/,high
Jennifer,Buell,President & Chief Executive Officer,MiNK Therapeutics,minktherapeutics.com,INKT,https://www.linkedin.com/in/jennifer-s-buell-7824837/,high
Melissa,Orilall,Chief Financial Officer,MiNK Therapeutics,minktherapeutics.com,INKT,https://www.linkedin.com/in/melissa-orilall-cpa-cga-a2722136/,medium
Sandy,Macrae,Chief Executive Officer,Sangamo Therapeutics,sangamo.com,SGMOQ,https://www.linkedin.com/in/sandymacrae/,high
Nikunj,Jain,Interim Chief Financial Officer,Sangamo Therapeutics,sangamo.com,SGMOQ,https://www.linkedin.com/in/nikunj-jain-464b189/,high
Andrew,Oxtoby,President & Chief Executive Officer,Kalaris Therapeutics,kalaristx.com,KLRS,https://www.linkedin.com/in/andrew-oxtoby-531a31129/,high
Liisa,Bayko,Chief Financial Officer,Kalaris Therapeutics,kalaristx.com,KLRS,https://www.linkedin.com/in/liisa-bayko-373914/,medium
Vincent,Angotti,Chief Executive Officer,Talphera,talphera.com,TLPH,https://www.linkedin.com/in/vince-angotti-b1a8416/,medium
Raffi,Asadorian,Chief Financial Officer,Talphera,talphera.com,TLPH,https://www.linkedin.com/in/raffi-asadorian-b347785/,high
David,Jorden,Chief Executive Officer & Chief Financial Officer,Nuo Therapeutics,nuot.com,AURX,https://www.linkedin.com/in/david-jorden-84740745/,medium
Geordan,Pursglove,"Chairman, President & Chief Executive Officer",Nomad Power Solutions,nomadpower.com,NMAD,,not_found
Peter,Stazzone,Chief Financial Officer,Nomad Power Solutions,nomadpower.com,NMAD,,not_found
Sumit,Aggarwal,President & Chief Executive Officer,Eloxx Pharmaceuticals,eloxxpharma.com,ELOX,https://www.linkedin.com/in/sumitagg/,medium
Daniel,Geffken,Interim Chief Financial Officer,Eloxx Pharmaceuticals,eloxxpharma.com,ELOX,https://www.linkedin.com/in/lifescienceconsultants/,medium
Denise,Scots-Knight,Chief Executive Officer,Mereo BioPharma,mereobiopharma.com,MREO,,not_found
Christine,Fox,Chief Financial Officer,Mereo BioPharma,mereobiopharma.com,MREO,,not_found
Michael,McGarrity,Chief Executive Officer,MDxHealth,mdxhealth.com,MDXH,https://www.linkedin.com/in/michael-mcgarrity-31586a22/,high
Ron,Kalfus,Interim Chief Financial Officer,MDxHealth,mdxhealth.com,MDXH,,not_found
Rene,Russo,President & Chief Executive Officer,Xilio Therapeutics,xiliotx.com,XLO,,not_found
Christopher,Frankenfield,Chief Financial Officer & Chief Operating Officer,Xilio Therapeutics,xiliotx.com,XLO,https://www.linkedin.com/in/cfrankenfield/,high
Rob,Etherington,President & Chief Executive Officer,Clene,clene.com,CLNN,https://www.linkedin.com/in/rob-etherington-431718/,high
Morgan,Brown,Chief Financial Officer,Clene,clene.com,CLNN,https://www.linkedin.com/in/morgan-brown-b551ba6/,medium
Hyunsu,Jung,Chief Executive Officer,Hyperion DeFi,hyperiondefi.com,HYPD,https://www.linkedin.com/in/hyunsu-hyperion/,high
David,Knox,Chief Financial Officer,Hyperion DeFi,hyperiondefi.com,HYPD,https://www.linkedin.com/in/daknox/,high
Adel,Abdullah,President & Chairman (Principal Executive & Financial Officer),Positron,positron.com,POSC,,not_found
Guus,Franke,Chief Executive Officer,Circle8 Group,circle8group.com,CIRC,,not_found
Kevin,Murphy,Chief Financial Officer,Circle8 Group,circle8group.com,CIRC,,not_found
Leslie,Trigg,"Chair, President & Chief Executive Officer",Outset Medical,outsetmedical.com,OM,https://www.linkedin.com/in/leslie-trigg/,high
Renee,Gaeta,Chief Financial Officer,Outset Medical,outsetmedical.com,OM,https://www.linkedin.com/in/renee-gaeta/,high
Zachary,Hornby,President & Chief Executive Officer,Boundless Bio,boundlessbio.com,BOLD,https://www.linkedin.com/in/zacharyhornby/,high
David,Hinkle,Senior Vice President & Principal Financial Officer,Boundless Bio,boundlessbio.com,BOLD,https://www.linkedin.com/in/david-hinkle-1058752/,medium
Maria,Maccecchini,"Founder, President, Chief Executive Officer & Acting Chief Financial Officer",Annovis Bio,annovisbio.com,ANVS,https://www.linkedin.com/in/maria-l-maccecchini/,high
David,Moss,Chief Executive Officer,INmune Bio,inmunebio.com,INMB,https://www.linkedin.com/in/david-moss-4b705460/,high
Cory,Ellspermann,Chief Financial Officer,INmune Bio,inmunebio.com,INMB,,not_found
Jason,Matuszewski,Chief Executive Officer,BioStem Technologies,biostemtechnologies.com,BSEM,https://www.linkedin.com/in/jason-matuszewski-034163b4/,high
Brandon,Poe,Chief Financial Officer,BioStem Technologies,biostemtechnologies.com,BSEM,http://www.linkedin.com/in/brandon-poe-13576a6,from Apollo export
Heather,Getz,Chief Executive Officer,TELA Bio,telabio.com,TELA,,not_found
Brent,Lucas,Chief Executive Officer,Envoy Medical,envoymedical.com,COCH,https://www.linkedin.com/in/brent-lucas-envoy/,high
Robert,Potashnick,Chief Accounting Officer & Vice President of Finance (principal financial officer),Envoy Medical,envoymedical.com,COCH,,not_found
Erez,Meltzer,Chief Executive Officer,Nano-X Imaging,nanox.vision,NNOX,https://www.linkedin.com/in/erez-meltzer-4616a911/,high
Guy,Nathanzon,Chief Financial Officer,Nano-X Imaging,nanox.vision,NNOX,https://www.linkedin.com/in/guy-nathanzon-2721401/,medium
Kevin,Hykes,President & Chief Executive Officer,CVRx,cvrx.com,CVRX,https://www.linkedin.com/in/kevinhykes/,high
Jared,Oasheim,Chief Financial Officer (successor John Landry starts after Q3 2026 10-Q),CVRx,cvrx.com,CVRX,https://www.linkedin.com/in/jared-o-7aa14315/,medium
Kristin,Yarema,Chief Executive Officer & Interim Principal Financial Officer,ImageneBio,imagenebio.com,IMA,https://www.linkedin.com/in/kristinyarema/,high
Vincent,Capone,Chief Executive Officer,Spectral AI,spectral-ai.com,MDAI,https://www.linkedin.com/in/vincent-s-capone/,high
David,McGuire,Chief Financial Officer,Spectral AI,spectral-ai.com,MDAI,https://www.linkedin.com/in/david-mcguire-cpa-a8238133/,medium
Sean,Browne,President & Chief Executive Officer,Xtant Medical,xtantmedical.com,XTNT,https://www.linkedin.com/in/sean-browne-b313904/,high
Scott,Neils,Chief Financial Officer,Xtant Medical,xtantmedical.com,XTNT,,not_found
