First Name,Last Name,Full Name,Company Name,City,State,Country,Full Location,Type,Email,Phone,LinkedIn Profile URL,Job Title,Tags,Net Worth,Assigned To,Marketing Prospect Score,Is Investor,Status,Email Confidence,Email Basis,Pattern,LinkedIn Confidence
Roderick,de Greef,Roderick de Greef,BioLife Solutions,,,,,individual,rdegreef@biolifesolutions.com,,http://www.linkedin.com/in/roderick-de-greef-7895872,Chairman & Chief Executive Officer,Public Health Tech company,,,,,pending,medium,medium evidence: twichterman@biolifesolutions.com,flast,from your export
Troy,Wichterman,Troy Wichterman,BioLife Solutions,,,,,individual,twichterman@biolifesolutions.com,,http://www.linkedin.com/in/troy-wichterman-70627913,Chief Financial Officer,Public Health Tech company,,,,,pending,medium,medium evidence: twichterman@biolifesolutions.com,flast,from your export
Dorian,LeBlanc,Dorian LeBlanc,LeMaitre Vascular,,,,,individual,dleblanc@lemaitre.com,,,Chief Financial Officer,Public Health Tech company,,,,,pending,low,low evidence: aggregator summary,flast,not_found
Sandra,Harris,Sandra Harris,Establishment Labs,,,,,individual,sharris@establishmentlabs.com,,http://www.linkedin.com/in/sandra-harris-1395118,Senior Vice President & Chief Financial Officer,Public Health Tech company,,,,,pending,low,low evidence: aggregator summary,flast,from your export
Brent,Sabatini,Brent Sabatini,Vir Biotechnology,,,,,individual,bsabatini@vir.bio,,http://www.linkedin.com/in/brent-sabatini-cpa-75b5458,"Interim Principal Financial Officer & SVP, Chief Accounting Officer",Public Health Tech company,,,,,pending,high,high evidence: aattridge@vir.bio; rlepke@vir.bio,flast,from your export
Steven,Pieper,Steven Pieper,Xeris Biopharma,,,,,individual,spieper@xerispharma.com,,http://www.linkedin.com/in/steven-pieper-606137,Chief Financial Officer,Public Health Tech company,,,,,pending,medium,medium evidence: awey@xerispharma.com,flast,from your export
Ian,Smith,Ian Smith,Stoke Therapeutics,,,,,individual,ismith@stoketherapeutics.com,,,Chief Executive Officer,Public Health Tech company,,,,,pending,medium,medium evidence: swillson@stoketherapeutics.com,flast,not_found
Tommy,Leggett,Tommy Leggett,Stoke Therapeutics,,,,,individual,tleggett@stoketherapeutics.com,,http://www.linkedin.com/in/tommy-leggett-a42210,Chief Financial Officer,Public Health Tech company,,,,,pending,medium,medium evidence: swillson@stoketherapeutics.com,flast,from your export
Bahija,Jallal,Bahija Jallal,Immunocore,,,,,individual,bahija.jallal@immunocore.com,,http://www.linkedin.com/in/bahija-jallal,Chief Executive Officer,Public Health Tech company,,,,,pending,low,low evidence: aggregator summary,first.last,from your export
Christopher,Murphy,Christopher Murphy,AnaptysBio,,,,,individual,cmurphy@anaptysbio.com,,https://www.linkedin.com/in/chris-murphy-610960a/,Chief Financial Officer,Public Health Tech company,,,,,pending,guess,no evidence found; default first-initial+last,flast,high
Doug,Pagan,Doug Pagan,Kailera Therapeutics,,,,,individual,doug.pagan@kailera.com,,http://www.linkedin.com/in/douglas-pagan-352a703,Chief Financial Officer,Public Health Tech company,,,,,pending,low,low evidence: aggregator summary,first.last,from your export
Zhengbin,Yao,Zhengbin Yao,ArriVent BioPharma,,,,,individual,yaoz@arrivent.com,,http://www.linkedin.com/in/zhengbin-bing-yao-4340b96,Chairman & Chief Executive Officer,Public Health Tech company,,,,,pending,low,low evidence: aggregator summary,lastf,from your export
Mark,Vignola,Mark Vignola,Korsana Biosciences,,,,,individual,mvignola@korsana.com,,http://www.linkedin.com/in/mark-vignola-aa463218,Chief Financial Officer,Public Health Tech company,,,,,pending,guess,no evidence found; default first-initial+last,flast,from your export
Stuart,Essig,Stuart Essig,Integra LifeSciences,,,,,individual,stuart.essig@integralife.com,,http://www.linkedin.com/in/stuart-essig-8459174,"Chairman, President & Chief Executive Officer",Public Health Tech company,,,,,pending,high,high evidence: laurene.isip@integralife.com; chris.ward@integralife.com,first.last,from your export
Sushil,Patel,Sushil Patel,Replimune,,,,,individual,spatel@replimune.com,,http://www.linkedin.com/in/sushil-patel1,Chief Executive Officer,Public Health Tech company,,,,,pending,guess,no evidence found; default first-initial+last,flast,from your export
Emily,Hill,Emily Hill,Replimune,,,,,individual,ehill@replimune.com,,http://www.linkedin.com/in/emily-hill-3b03876,Chief Financial Officer,Public Health Tech company,,,,,pending,guess,no evidence found; default first-initial+last,flast,from your export
Joseph,Miller,Joseph Miller,LB Pharmaceuticals,,,,,individual,jmiller@lbpharma.us,,,Chief Financial Officer,Public Health Tech company,,,,,pending,medium,medium evidence: erose@lbpharma.us,flast,not_found
Jenn,Larson,Jenn Larson,Bicara Therapeutics,,,,,individual,jenn.larson@bicara.com,,https://www.linkedin.com/in/jennifer-larson-6378268/,Chief Financial Officer,Public Health Tech company,,,,,pending,medium,medium evidence: tim.palmer@bicara.com,first.last,high
Deborah,Andrews,Deborah Andrews,STAAR Surgical,,,,,individual,dandrews@staar.com,,http://www.linkedin.com/in/deborah-andrews-5b484112,Executive Vice President & Chief Financial Officer,Public Health Tech company,,,,,pending,high,high evidence: cjohnson@staar.com; nliu@staar.com,flast,from your export
Jack,Zhang,Jack Zhang,Amphastar Pharmaceuticals,,,,,individual,jackz@amphastar.com,,,Chief Executive Officer & President,Public Health Tech company,,,,,pending,low,low evidence: aggregator summary,firstl,not_found
Lance,Berry,Lance Berry,Artivion,,,,,individual,lberry@artivion.com,,https://www.linkedin.com/in/lance-berry-3a644b45/,"Executive Vice President, Chief Operating Officer & Chief Financial Officer",Public Health Tech company,,,,,pending,guess,no evidence found; default first-initial+last,flast,medium
David,Campbell,David Campbell,Janux Therapeutics,,,,,individual,dcampbell@januxrx.com,,https://www.linkedin.com/in/david-campbell-40968a51/,"Founder, President & Chief Executive Officer",Public Health Tech company,,,,,pending,low,low evidence: aggregator summary,flast,high
Tighe,Reardon,Tighe Reardon,Janux Therapeutics,,,,,individual,treardon@januxrx.com,,,Acting Chief Financial Officer,Public Health Tech company,,,,,pending,low,low evidence: aggregator summary,flast,not_found
Jennifer,Fulk,Jennifer Fulk,Kura Oncology,,,,,individual,jfulk@kuraoncology.com,,,Chief Financial Officer,Public Health Tech company,,,,,pending,medium,medium evidence: gmann@kuraoncology.com,flast,not_found
Raul,Rodriguez,Raul Rodriguez,Rigel Pharmaceuticals,,,,,individual,rrodriguez@rigel.com,,http://www.linkedin.com/in/raulrrodriguez,President & Chief Executive Officer,Public Health Tech company,,,,,pending,low,low evidence: ir@rigel.com,flast,from your export
Michael,Lau,Michael Lau,Anbio Biotechnology,,,,,individual,mlau@anbio.com,,,Chief Executive Officer,Public Health Tech company,,,,,pending,guess,no evidence found; default first-initial+last,flast,not_found
Suki,Song,Suki Song,Anbio Biotechnology,,,,,individual,ssong@anbio.com,,,Chief Financial Officer,Public Health Tech company,,,,,pending,guess,no evidence found; default first-initial+last,flast,not_found
Andrew,Goldberg,Andrew Goldberg,Achieve Life Sciences,,,,,individual,agoldberg@achievelifesciences.com,,,Chief Executive Officer,Public Health Tech company,,,,,pending,guess,no evidence found; default first-initial+last,flast,not_found
Alexander,Cumbo,Alexander Cumbo,Solid Biosciences,,,,,individual,acumbo@solidbio.com,,https://www.linkedin.com/in/bocumbo/,President & Chief Executive Officer,Public Health Tech company,,,,,pending,guess,no evidence found; default first-initial+last,flast,high
Pratik,Shah,Pratik Shah,Design Therapeutics,,,,,individual,pshah@designtx.com,,http://www.linkedin.com/in/teaks9,Chairperson & Chief Executive Officer,Public Health Tech company,,,,,pending,guess,no evidence found; default first-initial+last,flast,from your export
Neal,Walker,Neal Walker,Aclaris Therapeutics,,,,,individual,nwalker@aclaristx.com,,http://www.linkedin.com/in/dr-neal-walker-b741b4,Chief Executive Officer,Public Health Tech company,,,,,pending,high,high evidence: kbalthaser@aclaristx.com; wroberts@aclaristx.com,flast,from your export
Brent,Moen,Brent Moen,Anteris Technologies,,,,,individual,bmoen@anteristech.com,,,Chief Financial Officer,Public Health Tech company,,,,,pending,guess,no evidence found; default first-initial+last,flast,not_found
Dan,Paterson,Dan Paterson,Verastem,,,,,individual,dpaterson@verastem.com,,http://www.linkedin.com/in/dan-paterson-094b641,President & Chief Executive Officer,Public Health Tech company,,,,,pending,guess,no evidence found; default first-initial+last,flast,from your export
Kathy,Dong,Kathy Dong,Electra Therapeutics,,,,,individual,kdong@electra-therapeutics.com,,http://www.linkedin.com/in/kathydong-biotechceo,President & Chief Executive Officer,Public Health Tech company,,,,,pending,low,low evidence: info@electra-therapeutics.com,flast,from your export
Ron,Bentsur,Ron Bentsur,Nuvectis Pharma,,,,,individual,rbentsur@nuvectis.com,,http://www.linkedin.com/in/ron-bentsur-1218a6239,Chairman & Chief Executive Officer,Public Health Tech company,,,,,pending,medium,medium evidence: rbentsur@nuvectis.com,flast,from your export
Tony,Gibney,Tony Gibney,Aura Biosciences,,,,,individual,tgibney@aurabiosciences.com,,http://www.linkedin.com/in/tony-gibney-0a806643,Chief Financial & Business Officer,Public Health Tech company,,,,,pending,medium,medium evidence: mburke@aurabiosciences.com,flast,from your export
Sarah,Romano,Sarah Romano,SS Innovations International,,,,,individual,sarah.romano@ssinnovations.org,,,Chief Financial Officer,Public Health Tech company,,,,,pending,low,low evidence: info@ssinnovations.org,first.last,not_found
Rick,Scalzo,Rick Scalzo,Crescent Biopharma,,,,,individual,rick.scalzo@crescentbiopharma.com,,http://www.linkedin.com/in/rickscalzo,Chief Financial Officer,Public Health Tech company,,,,,pending,medium,medium evidence: amy.reilly@crescentbiopharma.com,first.last,from your export
Vishwas,Setia,Vishwas Setia,MapLight Therapeutics,,,,,individual,vsetia@maplightrx.com,,http://www.linkedin.com/in/vishsetia,Chief Financial Officer,Public Health Tech company,,,,,pending,low,low evidence: investors@maplightrx.com,flast,from your export
Ronnie,Yaacov-Garbeli,Ronnie Yaacov-Garbeli,Entera Bio,,,,,individual,ronnie@enterabio.com,,,Chief Financial Officer,Public Health Tech company,,,,,pending,medium,medium evidence: miranda@enterabio.com,first,not_found
Amir,London,Amir London,Kamada,,,,,individual,amirl@kamada.com,,http://www.linkedin.com/in/amir-london-994aa92,Chief Executive Officer,Public Health Tech company,,,,,pending,low,low evidence: ir@kamada.com,firstl,from your export
Tran,Nguyen,Tran Nguyen,Prothena,,,,,individual,tran.nguyen@prothena.com,,http://www.linkedin.com/in/tran-n-3031a3,Chief Financial Officer,Public Health Tech company,,,,,pending,medium,medium evidence: ellen.rose@prothena.com,first.last,from your export
Jean-Pierre,Sommadossi,Jean-Pierre Sommadossi,Atea Pharmaceuticals,,,,,individual,sommadossi.jeanpierre@ateapharma.com,,,"Chairman, CEO & President",Public Health Tech company,,,,,pending,medium,medium evidence: barnes.jonae@ateapharma.com,last.first,not_found
Sam,Raha,Sam Raha,Myriad Genetics,,,,,individual,sam.raha@myriad.com,,http://www.linkedin.com/in/samraha,President & CEO,Public Health Tech company,,,,,pending,medium,medium evidence: matt.scalo@myriad.com,first.last,from your export
Kendra,Adams,Kendra Adams,C4 Therapeutics,,,,,individual,kadams@c4therapeutics.com,,http://www.linkedin.com/in/kendra-adams-3450691,Chief Financial Officer,Public Health Tech company,,,,,pending,medium,medium evidence: csolberg@c4therapeutics.com,flast,from your export
Gilmore,O'Neill,Gilmore O'Neill,Editas Medicine,,,,,individual,gilmore.oneill@editasmed.com,,https://www.linkedin.com/in/gilmoreoneill/,President & Chief Executive Officer,Public Health Tech company,,,,,pending,medium,medium evidence: cristi.barnett@editasmed.com,first.last,high
Craig,Parker,Craig Parker,Surrozen,,,,,individual,craig@surrozen.com,,http://www.linkedin.com/in/craig-parker-603a044,Chief Executive Officer & President,Public Health Tech company,,,,,pending,low,low evidence: investorinfo@surrozen.com,first,from your export
Thad,Huston,Thad Huston,Artiva Biotherapeutics,,,,,individual,thuston@artivabio.com,,http://www.linkedin.com/in/thad-huston-729a17ab,Chief Financial Officer,Public Health Tech company,,,,,pending,low,low evidence: ir@artivabio.com,flast,from your export
Junyi,Dai,Junyi Dai,Indaptus Therapeutics,,,,,individual,junyi@indaptusrx.com,,,Chief Executive Officer & Chairman,Public Health Tech company,,,,,pending,high,high evidence: nir@indaptusrx.com; michael@indaptusrx.com; maggie@indaptusrx.com,first,not_found
Yu,Ding,Yu Ding,Indaptus Therapeutics,,,,,individual,yu@indaptusrx.com,,,Chief Financial Officer,Public Health Tech company,,,,,pending,high,high evidence: nir@indaptusrx.com; michael@indaptusrx.com; maggie@indaptusrx.com,first,not_found
Kang-Huai,Wang,Kang-Huai Wang,CapsoVision,,,,,individual,kanghuai.wang@capsovision.com,,https://www.linkedin.com/in/johnny-wang-a5b781a/,President & Chief Executive Officer,Public Health Tech company,,,,,pending,low,low evidence: investors@capsovision.com,first.last,medium
Kevin,Lundquist,Kevin Lundquist,CapsoVision,,,,,individual,kevin.lundquist@capsovision.com,,http://www.linkedin.com/in/kml2244,Chief Financial Officer,Public Health Tech company,,,,,pending,low,low evidence: investors@capsovision.com,first.last,from your export
Erqi,Wang,Erqi Wang,Jin Medical International,,,,,individual,ewang@zhjmedical.com,,http://www.linkedin.com/in/erqi-wang-2a7094288,Chief Executive Officer,Public Health Tech company,,,,,pending,guess,no evidence found; default first-initial+last,flast,from your export
Ziqiang,Wang,Ziqiang Wang,Jin Medical International,,,,,individual,zwang@zhjmedical.com,,,Chief Financial Officer,Public Health Tech company,,,,,pending,guess,no evidence found; default first-initial+last,flast,not_found
Johan,Spoor,Johan Spoor,Perspective Therapeutics,,,,,individual,jspoor@perspectivetherapeutics.com,,,Chief Executive Officer,Public Health Tech company,,,,,pending,low,low evidence: ir@perspectivetherapeutics.com,flast,not_found
Mark,Hair,Mark Hair,Treace Medical Concepts,,,,,individual,mhair@treace.com,,https://www.linkedin.com/in/mark-hair-03a00534/,Chief Financial Officer,Public Health Tech company,,,,,pending,high,high evidence: mhair@treace.com; jddewey@treace.com,flast,high
Jacob,Lalezari,Jacob Lalezari,CytoDyn,,,,,individual,jlalezari@cytodyn.com,,https://www.linkedin.com/in/jay-lalezari-7100069/,Chief Executive Officer,Public Health Tech company,,,,,pending,low,low evidence: ir@cytodyn.com,flast,high
Robert,Hoffman,Robert Hoffman,CytoDyn,,,,,individual,rhoffman@cytodyn.com,,,Chief Financial Officer,Public Health Tech company,,,,,pending,low,low evidence: ir@cytodyn.com,flast,not_found
Gaurav,Shah,Gaurav Shah,Rocket Pharmaceuticals,,,,,individual,gshah@rocketpharma.com,,,Chief Executive Officer,Public Health Tech company,,,,,pending,medium,medium evidence: kgiordano@rocketpharma.com,flast,not_found
Aaron,Ondrey,Aaron Ondrey,Rocket Pharmaceuticals,,,,,individual,aondrey@rocketpharma.com,,https://www.linkedin.com/in/aaron-ondrey-ab8b893/,Chief Financial Officer,Public Health Tech company,,,,,pending,medium,medium evidence: kgiordano@rocketpharma.com,flast,high
Bahram,Valamehr,Bahram Valamehr,Fate Therapeutics,,,,,individual,bahram.valamehr@fatetherapeutics.com,,https://www.linkedin.com/in/bahram-bob-valamehr-415877a/,President & Chief Executive Officer,Public Health Tech company,,,,,pending,low,low evidence: IR@fatetherapeutics.com,first.last,high
Kamal,Adawi,Kamal Adawi,Fate Therapeutics,,,,,individual,kamal.adawi@fatetherapeutics.com,,https://www.linkedin.com/in/adawi/,Chief Financial Officer,Public Health Tech company,,,,,pending,low,low evidence: IR@fatetherapeutics.com,first.last,high
Michael,Egholm,Michael Egholm,Standard BioTools,,,,,individual,megholm@standardbio.com,,https://www.linkedin.com/in/michael-egholm-5283152/,President & Chief Executive Officer,Public Health Tech company,,,,,pending,guess,no evidence found; default first-initial+last,flast,medium
Alex,Kim,Alex Kim,Standard BioTools,,,,,individual,akim@standardbio.com,,https://www.linkedin.com/in/alex-kim-5033662/,Chief Financial Officer,Public Health Tech company,,,,,pending,guess,no evidence found; default first-initial+last,flast,high
Rand,Sutherland,Rand Sutherland,Upstream Bio,,,,,individual,rand.sutherland@upstreambio.com,,https://www.linkedin.com/in/rand-sutherland-27301914/,Chief Executive Officer,Public Health Tech company,,,,,pending,low,low evidence: ir@upstreambio.com,first.last,high
Mike,Gray,Mike Gray,Upstream Bio,,,,,individual,mike.gray@upstreambio.com,,https://www.linkedin.com/in/michael-gray-4078753/,Chief Financial Officer & Chief Operating Officer,Public Health Tech company,,,,,pending,low,low evidence: ir@upstreambio.com,first.last,high
Jay,Duker,Jay Duker,EyePoint,,,,,individual,j.duker@eyepointpharma.com,,https://www.linkedin.com/in/jay-s-duker-m-d-9b3ba52/,President & Chief Executive Officer,Public Health Tech company,,,,,pending,low,low evidence: aggregator summary,f.last,medium
George,Elston,George Elston,EyePoint,,,,,individual,g.elston@eyepointpharma.com,,https://www.linkedin.com/in/george-elston-7a24247/,"Executive Vice President, Chief Financial Officer",Public Health Tech company,,,,,pending,low,low evidence: aggregator summary,f.last,high
Adam,Craig,Adam Craig,X4 Pharmaceuticals,,,,,individual,adam.craig@x4pharma.com,,,Executive Chairman (no CEO; principal executive),Public Health Tech company,,,,,pending,low,low evidence: IR@x4pharma.com,first.last,not_found
David,Kirske,David Kirske,X4 Pharmaceuticals,,,,,individual,david.kirske@x4pharma.com,,https://www.linkedin.com/in/dkirske/,Chief Financial Officer,Public Health Tech company,,,,,pending,low,low evidence: IR@x4pharma.com,first.last,medium
Mark,Iwicki,Mark Iwicki,Inhibikase Therapeutics,,,,,individual,miwicki@inhibikase.com,,https://www.linkedin.com/in/mark-iwicki-58103970/,Chief Executive Officer,Public Health Tech company,,,,,pending,low,low evidence: info@inhibikase.com,flast,high
David,McIntyre,David McIntyre,Inhibikase Therapeutics,,,,,individual,dmcintyre@inhibikase.com,,,Chief Financial Officer,Public Health Tech company,,,,,pending,low,low evidence: info@inhibikase.com,flast,not_found
Nolan,Townsend,Nolan Townsend,Lexeo Therapeutics,,,,,individual,ntownsend@lexeotx.com,,,Chief Executive Officer,Public Health Tech company,,,,,pending,guess,no evidence found; default first-initial+last,flast,not_found
Louis,Tamayo,Louis Tamayo,Lexeo Therapeutics,,,,,individual,ltamayo@lexeotx.com,,https://www.linkedin.com/in/louis-tamayo/,Chief Financial Officer,Public Health Tech company,,,,,pending,guess,no evidence found; default first-initial+last,flast,high
Alex,Sapir,Alex Sapir,Fulcrum Therapeutics,,,,,individual,asapir@fulcrumtx.com,,https://www.linkedin.com/in/alex-sapir-5bba00/,President & Chief Executive Officer,Public Health Tech company,,,,,pending,low,low evidence: aggregator summary,flast,high
Alan,Musso,Alan Musso,Fulcrum Therapeutics,,,,,individual,amusso@fulcrumtx.com,,https://www.linkedin.com/in/alan-musso-84a14217/,Chief Financial Officer,Public Health Tech company,,,,,pending,low,low evidence: aggregator summary,flast,high
Snehal,Patel,Snehal Patel,Greenwich LifeSciences,,,,,individual,snehal.patel@greenwichlifesciences.com,,,Chief Executive Officer & Chief Financial Officer,Public Health Tech company,,,,,pending,low,low evidence: info@greenwichlifesciences.com,first.last,not_found
Richard,Kaiser,Richard Kaiser,BioForce Nanosciences,,,,,individual,rkaiser@bioforceeclipse.com,,,Interim Chief Executive Officer & Chief Financial Officer,Public Health Tech company,,,,,pending,guess,no evidence found; default first-initial+last,flast,not_found
Aaron,Berg,Aaron Berg,Amarin,,,,,individual,aaron.berg@amarincorp.com,,https://www.linkedin.com/in/aaron-berg-7b13033/,President & Chief Executive Officer,Public Health Tech company,,,,,pending,medium,medium evidence: jessica.beck@amarincorp.com,first.last,medium
Peter,Fishman,Peter Fishman,Amarin,,,,,individual,peter.fishman@amarincorp.com,,https://www.linkedin.com/in/peter-l-fishman/,Chief Financial Officer,Public Health Tech company,,,,,pending,medium,medium evidence: jessica.beck@amarincorp.com,first.last,high
Martin,Zügel,Martin Zügel,AC Immune,,,,,individual,martin.zugel@acimmune.com,,https://www.linkedin.com/in/martin-zuegel-6bb7643a/,Interim Chief Executive Officer,Public Health Tech company,,,,,pending,low,low evidence: ir@acimmune.com,first.last,high
Christopher,Roberts,Christopher Roberts,AC Immune,,,,,individual,christopher.roberts@acimmune.com,,,Chief Financial Officer,Public Health Tech company,,,,,pending,low,low evidence: ir@acimmune.com,first.last,not_found
Mary,Szela,Mary Szela,TriSalus Life Sciences,,,,,individual,mary.szela@trisaluslifesci.com,,https://www.linkedin.com/in/maryszela/,President & Chief Executive Officer,Public Health Tech company,,,,,pending,low,low evidence: investor.relations@trisaluslifesci.com,first.last,high
David,Patience,David Patience,TriSalus Life Sciences,,,,,individual,david.patience@trisaluslifesci.com,,https://www.linkedin.com/in/david-patience-6b108216/,Chief Financial Officer,Public Health Tech company,,,,,pending,low,low evidence: investor.relations@trisaluslifesci.com,first.last,high
Jane,Chung,Jane Chung,Sutro Biopharma,,,,,individual,jchung@sutrobio.com,,https://www.linkedin.com/in/jane-chung-b7242b17/,Chief Executive Officer,Public Health Tech company,,,,,pending,medium,medium evidence: ewhite@sutrobio.com,flast,high
Gregory,Chow,Gregory Chow,Sutro Biopharma,,,,,individual,gchow@sutrobio.com,,https://www.linkedin.com/in/greg-chow-045133/,Chief Financial Officer,Public Health Tech company,,,,,pending,medium,medium evidence: ewhite@sutrobio.com,flast,medium
Niels,Riedemann,Niels Riedemann,InflaRx,,,,,individual,niels.riedemann@inflarx.de,,https://de.linkedin.com/in/niels-riedemann-2a2178a3,Chief Executive Officer,Public Health Tech company,,,,,pending,low,low evidence: IR@inflarx.de,first.last,medium
Thomas,Taapken,Thomas Taapken,InflaRx,,,,,individual,thomas.taapken@inflarx.de,,,Chief Financial Officer,Public Health Tech company,,,,,pending,low,low evidence: IR@inflarx.de,first.last,not_found
Ben,Zeskind,Ben Zeskind,Immuneering,,,,,individual,bzeskind@immuneering.com,,https://www.linkedin.com/in/bzeskind/,Co-Founder & Chief Executive Officer,Public Health Tech company,,,,,pending,low,low evidence: ir@immuneering.com,flast,high
Andrew,Gengos,Andrew Gengos,Immuneering,,,,,individual,agengos@immuneering.com,,https://www.linkedin.com/in/andrew-gengos-b3832b6/,Chief Financial Officer,Public Health Tech company,,,,,pending,low,low evidence: ir@immuneering.com,flast,medium
Carrie,Eglinton Manner,Carrie Eglinton Manner,OraSure Technologies,,,,,individual,ceglintonmanner@orasure.com,,,President & Chief Executive Officer,Public Health Tech company,,,,,pending,low,low evidence: Media@OraSure.com,flast,not_found
Kenneth,McGrath,Kenneth McGrath,OraSure Technologies,,,,,individual,kmcgrath@orasure.com,,https://www.linkedin.com/in/ken-mcgrath-cfa-2a8a6919/,Chief Financial Officer,Public Health Tech company,,,,,pending,low,low evidence: Media@OraSure.com,flast,high
Kevin,Guest,Kevin Guest,USANA Health Sciences,,,,,individual,kevinguest@usana.com,,https://www.linkedin.com/in/kevin-guest-a41a203/,Chief Executive Officer,Public Health Tech company,,,,,pending,low,low evidence: customerservice@usana.com,firstlast,high
Douglas,Hekking,Douglas Hekking,USANA Health Sciences,,,,,individual,douglashekking@usana.com,,https://www.linkedin.com/in/g-douglas-hekking-0818953/,Chief Financial Officer,Public Health Tech company,,,,,pending,low,low evidence: customerservice@usana.com,firstlast,high
Steve,Griffin,Steve Griffin,Anika Therapeutics,,,,,individual,sgriffin@anika.com,,https://www.linkedin.com/in/steve-griffin-66655313/,Chief Executive Officer,Public Health Tech company,,,,,pending,low,low evidence: investorrelations@anika.com,flast,high
Steve,Griffin,Steve Griffin,Anika Therapeutics,,,,,individual,sgriffin@anika.com,,https://www.linkedin.com/in/steve-griffin-66655313/,Principal Financial Officer (CFO role vacant),Public Health Tech company,,,,,pending,low,low evidence: investorrelations@anika.com,flast,high
Julie,Eastland,Julie Eastland,Zentalis Pharmaceuticals,,,,,individual,jeastland@zentalis.com,,,"Chief Executive Officer, President",Public Health Tech company,,,,,pending,low,low evidence: info@zentalis.com,flast,not_found
Melissa,Epperly,Melissa Epperly,Zentalis Pharmaceuticals,,,,,individual,mepperly@zentalis.com,,https://www.linkedin.com/in/melissa-epperly-1053b3/,Chief Financial Officer,Public Health Tech company,,,,,pending,low,low evidence: info@zentalis.com,flast,medium
Nasrat,Hakim,Nasrat Hakim,Elite Pharmaceuticals,,,,,individual,nasrat@elitepharma.com,,https://www.linkedin.com/in/nasrat-hakim-2932616/,"Chairman, President & Chief Executive Officer",Public Health Tech company,,,,,pending,medium,medium evidence: Dianne@ElitePharma.com,first,high
Carter,Ward,Carter Ward,Elite Pharmaceuticals,,,,,individual,carter@elitepharma.com,,https://www.linkedin.com/in/carterjward/,Chief Financial Officer,Public Health Tech company,,,,,pending,medium,medium evidence: Dianne@ElitePharma.com,first,medium
Kevin,Lee,Kevin Lee,Bicycle Therapeutics,,,,,individual,kevin.lee@bicycletherapeutics.com,,,Chief Executive Officer,Public Health Tech company,,,,,pending,low,low evidence: info@bicycletherapeutics.com,first.last,not_found
Kory,Wentworth,Kory Wentworth,Entrada Therapeutics,,,,,individual,kory@entradatx.com,,http://www.linkedin.com/in/korywentworth,Chief Financial Officer & Treasurer,Public Health Tech company,,,,,pending,high,pattern seen in your other export,first,from your export
J.D.,Finley,J.D. Finley,Palisade Bio,,,,,individual,jd.finley@palisadebio.com,,https://www.linkedin.com/in/j-d-finley-3a131910/,Chief Executive Officer and Chief Financial Officer,Public Health Tech company,,,,,pending,low,low evidence: info@palisadebio.com,first.last,high
Mike,Cloonan,Mike Cloonan,Sionna Therapeutics,,,,,individual,mike.cloonan@sionnatx.com,,http://www.linkedin.com/in/michael-cloonan-74b0bb1,President & CEO,Public Health Tech company,,,,,pending,high,pattern seen in your other export,first.last,from your export
Tyler,Zeronda,Tyler Zeronda,Yarrow Bioscience,,,,,individual,tzeronda@yarrowbioscience.com,,http://www.linkedin.com/in/tyler-zeronda-cpa-41b2ab21,Chief Financial Officer,Public Health Tech company,,,,,pending,guess,no evidence found; default first-initial+last,flast,from your export
David-Alexandre,Gros,David-Alexandre Gros,Eledon Pharmaceuticals,,,,,individual,dgros@eledon.com,,http://www.linkedin.com/in/dagros,Chief Executive Officer,Public Health Tech company,,,,,pending,high,pattern seen in your other export,flast,from your export
Avraham,Gabay,Avraham Gabay,Oramed Pharmaceuticals,,,,,individual,avraham@oramed.com,,https://www.linkedin.com/in/gabay-avi/,Chief Financial Officer,Public Health Tech company,,,,,pending,high,high evidence: josh@oramed.com; estee@oramed.com,first,high
Shao-Lee,Lin,Shao-Lee Lin,Cue Biopharma,,,,,individual,slin@cuebio.com,,https://www.linkedin.com/in/shao-lee-lin-md-phd-4138101/,"President, CEO & Director",Public Health Tech company,,,,,pending,medium,medium evidence: mcampinell@cuebio.com,flast,medium
James,Ahlers,James Ahlers,Cue Biopharma,,,,,individual,jahlers@cuebio.com,,https://www.linkedin.com/in/james-ahlers-3010081a/,Chief Financial Officer,Public Health Tech company,,,,,pending,medium,medium evidence: mcampinell@cuebio.com,flast,medium
Pamela,Connealy,Pamela Connealy,Pyxis Oncology,,,,,individual,pconnealy@pyxisoncology.com,,http://www.linkedin.com/in/pamyanchik,Chief Financial Officer & Chief Operating Officer,Public Health Tech company,,,,,pending,high,pattern seen in your other export,flast,from your export
Raju,Willener,Raju Willener,Veraxa Biotech,,,,,individual,rwillener@veraxa.com,,,Chief Financial Officer,Public Health Tech company,,,,,pending,guess,no evidence found; default first-initial+last,flast,not_found
Ken,Mobeck,Ken Mobeck,EDAP TMS,,,,,individual,ken.mobeck@focalone.com,,https://www.linkedin.com/in/kenmobeck/,Chief Financial Officer,Public Health Tech company,,,,,pending,high,pattern seen in your other export,first.last,medium
Daniel,O'Connell,Daniel O'Connell,Acumen Pharmaceuticals,,,,,individual,doconnell@acumenpharm.com,,http://www.linkedin.com/in/daniel-o-connell-48b931,President & Chief Executive Officer,Public Health Tech company,,,,,pending,high,pattern seen in your other export,flast,from your export
Dennis,McGrath,Dennis McGrath,Lucid Diagnostics,,,,,individual,dmcgrath@luciddx.com,,http://www.linkedin.com/in/dennis-mcgrath-208189,Chief Financial Officer,Public Health Tech company,,,,,pending,guess,no evidence found; default first-initial+last,flast,from your export
Fu-Feng,Kuo,Fu-Feng Kuo,Jyong Biotech,,,,,individual,fkuo@jyongbio.com,,,Chief Executive Officer & Chairwoman,Public Health Tech company,,,,,pending,guess,no evidence found; default first-initial+last,flast,not_found
Wei,Zhang,Wei Zhang,Jyong Biotech,,,,,individual,wzhang@jyongbio.com,,,Chief Financial Officer,Public Health Tech company,,,,,pending,guess,no evidence found; default first-initial+last,flast,not_found
Kevin,Lundquist,Kevin Lundquist,Outlook Therapeutics,,,,,individual,kevinlundquist@outlooktherapeutics.com,,https://www.linkedin.com/in/kml2244/,Chief Financial Officer,Public Health Tech company,,,,,pending,high,pattern seen in your other export,firstlast,medium
Michael,Kazley,Michael Kazley,Stablecoin Development Corporation,,,,,individual,michael@stabledev.com,,http://www.linkedin.com/in/michael-kazley,Chairman & Chief Executive Officer,Public Health Tech company,,,,,pending,medium,medium evidence: tommy@stabledev.com,first,from your export
Kath,Gallagher,Kath Gallagher,Atrium Therapeutics,,,,,individual,kgallagher@atrium-tx.com,,https://www.linkedin.com/in/kathpgallagher/,President & Chief Executive Officer,Public Health Tech company,,,,,pending,guess,no evidence found; default first-initial+last,flast,high
Brendan,Winslow,Brendan Winslow,Atrium Therapeutics,,,,,individual,bwinslow@atrium-tx.com,,,Chief Financial Officer,Public Health Tech company,,,,,pending,guess,no evidence found; default first-initial+last,flast,not_found
Sriram,Ryali,Sriram Ryali,Caribou Biosciences,,,,,individual,ryali@cariboubio.com,,https://www.linkedin.com/in/sri-ryali/,Chief Financial Officer,Public Health Tech company,,,,,pending,high,pattern seen in your other export,last,high
Henry,Ji,Henry Ji,Semnur Pharmaceuticals,,,,,individual,hji@semnurpharma.com,,,"Executive Chairman, Chief Executive Officer & President",Public Health Tech company,,,,,pending,low,low evidence: info@semnurpharma.com,flast,not_found
Stephen,Ma,Stephen Ma,Semnur Pharmaceuticals,,,,,individual,sma@semnurpharma.com,,,"Chief Operating Officer (formerly SVP, CFO)",Public Health Tech company,,,,,pending,low,low evidence: info@semnurpharma.com,flast,not_found
Christine,Deister,Christine Deister,Harbor Diversified,,,,,individual,cdeister@harbordiversified.com,,,Chief Executive Officer,Public Health Tech company,,,,,pending,guess,no evidence found; default first-initial+last,flast,not_found
Gregg,Garvey,Gregg Garvey,Harbor Diversified,,,,,individual,ggarvey@harbordiversified.com,,,Chief Financial Officer,Public Health Tech company,,,,,pending,guess,no evidence found; default first-initial+last,flast,not_found
Michael,Carulli,Michael Carulli,PMV Pharmaceuticals,,,,,individual,mcarulli@pmvpharma.com,,http://www.linkedin.com/in/michael-carulli-a29195,Chief Financial Officer,Public Health Tech company,,,,,pending,low,low evidence: investors@pmvpharma.com,flast,from your export
Winfield,Ding,Winfield Ding,UMeWorld,,,,,individual,winfield.ding@umeworld.com,,,Chief Financial Officer,Public Health Tech company,,,,,pending,low,low evidence: investors@umeworld.com,first.last,not_found
David,Lazar,David Lazar,Quantum Cyber,,,,,individual,dlazar@quantum-cyber.ai,,https://www.linkedin.com/in/david-lazar-4143a333/,Chief Executive Officer,Public Health Tech company,,,,,pending,guess,no evidence found; default first-initial+last,flast,medium
John,Friend,John Friend,Kazia Therapeutics,,,,,individual,john.friend@kaziatherapeutics.com,,http://www.linkedin.com/in/john-friend-6747872,Chief Executive Officer,Public Health Tech company,,,,,pending,low,low evidence: info@kaziatherapeutics.com,first.last,from your export
Steven,Lo,Steven Lo,Vaxart,,,,,individual,slo@vaxart.com,,https://www.linkedin.com/in/losteve/,President & Chief Executive Officer,Public Health Tech company,,,,,pending,guess,no evidence found; default first-initial+last,flast,high
Jeroen,Grasman,Jeroen Grasman,Vaxart,,,,,individual,jgrasman@vaxart.com,,http://www.linkedin.com/in/jeroen-grasman-2763b02,Chief Financial Officer,Public Health Tech company,,,,,pending,guess,no evidence found; default first-initial+last,flast,from your export
Daniel,Reis-Faria,Daniel Reis-Faria,ZeroStack,,,,,individual,daniel.reisfaria@zerostack.ai,,https://www.linkedin.com/in/danielfaria/,Chief Executive Officer,Public Health Tech company,,,,,pending,low,low evidence: ir@zerostack.ai,first.last,high
Mike,Fox,Mike Fox,electroCore,,,,,individual,mfox@electrocore.com,,https://www.linkedin.com/in/foxmike/,Co-Chief Executive Officer,Public Health Tech company,,,,,pending,guess,no evidence found; default first-initial+last,flast,high
Leonard,Mazur,Leonard Mazur,Citius Oncology,,,,,individual,lmazur@citiusonc.com,,https://www.linkedin.com/in/leonard-mazur-4a8222177/,Chairman & Chief Executive Officer,Public Health Tech company,,,,,pending,guess,no evidence found; default first-initial+last,flast,medium
Hong,Li,Hong Li,BGM Group,,,,,individual,hli@qiliancorp.com,,,Co-Chief Executive Officer,Public Health Tech company,,,,,pending,guess,no evidence found; default first-initial+last,flast,not_found
Yaxuan,Zhai,Yaxuan Zhai,BGM Group,,,,,individual,yzhai@qiliancorp.com,,,Chief Financial Officer,Public Health Tech company,,,,,pending,guess,no evidence found; default first-initial+last,flast,not_found
Joshua,Muntner,Joshua Muntner,Cardiff Oncology,,,,,individual,jmuntner@cardiffoncology.com,,https://www.linkedin.com/in/joshmuntner/,Chief Financial Officer,Public Health Tech company,,,,,pending,medium,medium evidence: jlevine@cardiffoncology.com,flast,medium
Gerald,Goodman,Gerald Goodman,Nutriband,,,,,individual,gerald@nutriband.com,,,Chief Financial Officer,Public Health Tech company,,,,,pending,low,low evidence: info@nutriband.com,first,not_found
Michael,Cavanaugh,Michael Cavanaugh,Range Impact,,,,,individual,mcavanaugh@rangeimpact.com,,http://www.linkedin.com/in/michael-cavanaugh-b53a0323,Chief Executive Officer,Public Health Tech company,,,,,pending,guess,no evidence found; default first-initial+last,flast,from your export
Patricia,Missal,Patricia Missal,Range Impact,,,,,individual,pmissal@rangeimpact.com,,https://www.linkedin.com/in/patricia-missal-ba736a5/,Chief Financial Officer,Public Health Tech company,,,,,pending,guess,no evidence found; default first-initial+last,flast,medium
Michael,Rossi,Michael Rossi,LENSAR,,,,,individual,mrossi@lensar.com,,,Interim Chief Financial Officer,Public Health Tech company,,,,,pending,guess,no evidence found; default first-initial+last,flast,not_found
Kevin,Sarney,Kevin Sarney,Atara Biotherapeutics,,,,,individual,ksarney@atarabio.com,,https://www.linkedin.com/in/kevin-g-sarney-mba-cpa-978b893/,Interim Chief Financial Officer,Public Health Tech company,,,,,pending,medium,medium evidence: adaugherty@atarabio.com,flast,medium
Alan,Weichselbaum,Alan Weichselbaum,Telomir Pharmaceuticals,,,,,individual,aweichselbaum@telomirpharma.com,,,Chief Financial Officer,Public Health Tech company,,,,,pending,guess,no evidence found; default first-initial+last,flast,not_found
Terrence,Moorehead,Terrence Moorehead,LifeVantage,,,,,individual,tmoorehead@lifevantage.com,,https://www.linkedin.com/in/tmoorehead/,President & Chief Executive Officer,Public Health Tech company,,,,,pending,guess,no evidence found; default first-initial+last,flast,medium
Keeren,Shah,Keeren Shah,OKYO Pharma,,,,,individual,kshah@okyopharma.com,,https://www.linkedin.com/in/keeren-shah-74724a2/,Chief Financial Officer,Public Health Tech company,,,,,pending,medium,medium evidence: gjacob@okyopharma.com,flast,high
Vlad,Vitoc,Vlad Vitoc,MAIA Biotechnology,,,,,individual,vvitoc@maiabiotech.com,,https://www.linkedin.com/in/vlad-vitoc-md-mba-592201a/,Chief Executive Officer & President,Public Health Tech company,,,,,pending,low,low evidence: ir@maiabiotech.com,flast,high
Jeffrey,Himmelreich,Jeffrey Himmelreich,MAIA Biotechnology,,,,,individual,jhimmelreich@maiabiotech.com,,https://www.linkedin.com/in/jeff-himmelreich/,Head of Finance & Principal Financial Officer,Public Health Tech company,,,,,pending,low,low evidence: ir@maiabiotech.com,flast,high
Chris,Giordano,Chris Giordano,Tenax Therapeutics,,,,,individual,cgiordano@tenaxthera.com,,https://www.linkedin.com/in/chris-giordano-348768/,President & Chief Executive Officer,Public Health Tech company,,,,,pending,guess,no evidence found; default first-initial+last,flast,high
Thomas,Staab,Thomas Staab,Tenax Therapeutics,,,,,individual,tstaab@tenaxthera.com,,https://www.linkedin.com/in/tom-staab-1b843413/,Chief Financial Officer,Public Health Tech company,,,,,pending,guess,no evidence found; default first-initial+last,flast,high
Brian,Windsor,Brian Windsor,Rein Therapeutics,,,,,individual,bwindsor@reintx.com,,https://www.linkedin.com/in/windsorbrian/,President & Chief Executive Officer,Public Health Tech company,,,,,pending,low,low evidence: aggregator summary,flast,high
Timothy,Cunningham,Timothy Cunningham,Rein Therapeutics,,,,,individual,tcunningham@reintx.com,,,Interim Chief Financial Officer,Public Health Tech company,,,,,pending,low,low evidence: aggregator summary,flast,not_found
Erez,Raphael,Erez Raphael,DarioHealth,,,,,individual,erez.raphael@dariohealth.com,,,Chief Executive Officer,Public Health Tech company,,,,,pending,low,low evidence: aggregator summary,first.last,not_found
Chen,Franco-Yehuda,Chen Franco-Yehuda,DarioHealth,,,,,individual,chen.francoyehuda@dariohealth.com,,https://www.linkedin.com/in/chen-franco-19048763/,Chief Financial Officer,Public Health Tech company,,,,,pending,low,low evidence: aggregator summary,first.last,high
Bernard,Coulie,Bernard Coulie,Pliant Therapeutics,,,,,individual,bcoulie@pliantrx.com,,https://www.linkedin.com/in/bernard-coulie-2054685/,President & Chief Executive Officer,Public Health Tech company,,,,,pending,low,low evidence: ir@pliantrx.com,flast,high
Keith,Cummings,Keith Cummings,Pliant Therapeutics,,,,,individual,kcummings@pliantrx.com,,https://www.linkedin.com/in/keith-cummings-6402304/,Chief Financial Officer,Public Health Tech company,,,,,pending,low,low evidence: ir@pliantrx.com,flast,high
Chen,Schor,Chen Schor,Adicet Bio,,,,,individual,cschor@adicetbio.com,,https://www.linkedin.com/in/chen-schor-01b7a588/,President & Chief Executive Officer,Public Health Tech company,,,,,pending,low,low evidence: info@adicetbio.com,flast,high
Nick,Harvey,Nick Harvey,Adicet Bio,,,,,individual,nharvey@adicetbio.com,,https://www.linkedin.com/in/nickharvey1/,Chief Financial Officer,Public Health Tech company,,,,,pending,low,low evidence: info@adicetbio.com,flast,high
Sushma,Shivaswamy,Sushma Shivaswamy,XBiotech,,,,,individual,sshivaswamy@xbiotech.com,,,Interim CEO & Chief Scientific Officer,Public Health Tech company,,,,,pending,guess,no evidence found; default first-initial+last,flast,not_found
Angela,Hu,Angela Hu,XBiotech,,,,,individual,ahu@xbiotech.com,,https://www.linkedin.com/in/angela-hu-40842226a/,"Interim Chief Financial Officer (Director of Finance, Principal Financial Officer)",Public Health Tech company,,,,,pending,guess,no evidence found; default first-initial+last,flast,medium
Rob,Brainin,Rob Brainin,Champions Oncology,,,,,individual,rbrainin@championsoncology.com,,,Chief Executive Officer,Public Health Tech company,,,,,pending,medium,medium evidence: sforeman@championsoncology.com,flast,not_found
David,Miller,David Miller,Champions Oncology,,,,,individual,dmiller@championsoncology.com,,https://www.linkedin.com/in/david-miller-1488b08/,Chief Financial Officer,Public Health Tech company,,,,,pending,medium,medium evidence: sforeman@championsoncology.com,flast,high
Jennifer,Bath,Jennifer Bath,MindWalk,,,,,individual,jbath@mindwalkai.com,,https://www.linkedin.com/in/jennifer-bath-ph-d-8314174a/,Chief Executive Officer & President,Public Health Tech company,,,,,pending,guess,no evidence found; default first-initial+last,flast,high
Scott,Areglado,Scott Areglado,MindWalk,,,,,individual,sareglado@mindwalkai.com,,,Chief Financial Officer,Public Health Tech company,,,,,pending,guess,no evidence found; default first-initial+last,flast,not_found
Thomas,Davis,Thomas Davis,Viskase,,,,,individual,thomas.davis@viskase.com,,https://www.linkedin.com/in/thomas-davis-9827715a/,Chief Executive Officer,Public Health Tech company,,,,,pending,low,low evidence: aggregator summary,first.last,high
Michael,Blecic,Michael Blecic,Viskase,,,,,individual,michael.blecic@viskase.com,,https://www.linkedin.com/in/michael-blecic-2788304/,Chief Financial Officer,Public Health Tech company,,,,,pending,low,low evidence: aggregator summary,first.last,high
McAndrew,Rudisill,McAndrew Rudisill,Forum Markets,,,,,individual,mrudisill@forum-markets.com,,https://www.linkedin.com/in/mcandrew-rudisill-1b450414b/,Executive Chairman & Chief Executive Officer,Public Health Tech company,,,,,pending,guess,no evidence found; default first-initial+last,flast,high
John,Saunders,John Saunders,Forum Markets,,,,,individual,jsaunders@forum-markets.com,,,Chief Financial Officer,Public Health Tech company,,,,,pending,guess,no evidence found; default first-initial+last,flast,not_found
Craig,Collard,Craig Collard,Heron Therapeutics,,,,,individual,ccollard@herontx.com,,https://www.linkedin.com/in/craig-collard-a01a5711b/,Chief Executive Officer,Public Health Tech company,,,,,pending,medium,medium evidence: iduarte@herontx.com,flast,high
Ira,Duarte,Ira Duarte,Heron Therapeutics,,,,,individual,iduarte@herontx.com,,https://www.linkedin.com/in/ira-duarte-1145a39/,Executive Vice President & Chief Financial Officer,Public Health Tech company,,,,,pending,medium,medium evidence: iduarte@herontx.com,flast,high
Jennifer,Buell,Jennifer Buell,MiNK Therapeutics,,,,,individual,jbuell@minktherapeutics.com,,https://www.linkedin.com/in/jennifer-s-buell-7824837/,President & Chief Executive Officer,Public Health Tech company,,,,,pending,guess,no evidence found; default first-initial+last,flast,high
Melissa,Orilall,Melissa Orilall,MiNK Therapeutics,,,,,individual,morilall@minktherapeutics.com,,https://www.linkedin.com/in/melissa-orilall-cpa-cga-a2722136/,Chief Financial Officer,Public Health Tech company,,,,,pending,guess,no evidence found; default first-initial+last,flast,medium
Sandy,Macrae,Sandy Macrae,Sangamo Therapeutics,,,,,individual,smacrae@sangamo.com,,https://www.linkedin.com/in/sandymacrae/,Chief Executive Officer,Public Health Tech company,,,,,pending,guess,no evidence found; default first-initial+last,flast,high
Nikunj,Jain,Nikunj Jain,Sangamo Therapeutics,,,,,individual,njain@sangamo.com,,https://www.linkedin.com/in/nikunj-jain-464b189/,Interim Chief Financial Officer,Public Health Tech company,,,,,pending,guess,no evidence found; default first-initial+last,flast,high
Andrew,Oxtoby,Andrew Oxtoby,Kalaris Therapeutics,,,,,individual,aoxtoby@kalaristx.com,,https://www.linkedin.com/in/andrew-oxtoby-531a31129/,President & Chief Executive Officer,Public Health Tech company,,,,,pending,guess,no evidence found; default first-initial+last,flast,high
Liisa,Bayko,Liisa Bayko,Kalaris Therapeutics,,,,,individual,lbayko@kalaristx.com,,https://www.linkedin.com/in/liisa-bayko-373914/,Chief Financial Officer,Public Health Tech company,,,,,pending,guess,no evidence found; default first-initial+last,flast,medium
Vincent,Angotti,Vincent Angotti,Talphera,,,,,individual,vangotti@talphera.com,,https://www.linkedin.com/in/vince-angotti-b1a8416/,Chief Executive Officer,Public Health Tech company,,,,,pending,guess,no evidence found; default first-initial+last,flast,medium
Raffi,Asadorian,Raffi Asadorian,Talphera,,,,,individual,rasadorian@talphera.com,,https://www.linkedin.com/in/raffi-asadorian-b347785/,Chief Financial Officer,Public Health Tech company,,,,,pending,guess,no evidence found; default first-initial+last,flast,high
David,Jorden,David Jorden,Nuo Therapeutics,,,,,individual,djorden@nuot.com,,https://www.linkedin.com/in/david-jorden-84740745/,Chief Executive Officer & Chief Financial Officer,Public Health Tech company,,,,,pending,medium,medium evidence: djorden@nuot.com,flast,medium
Geordan,Pursglove,Geordan Pursglove,Nomad Power Solutions,,,,,individual,gpursglove@nomadpower.com,,,"Chairman, President & Chief Executive Officer",Public Health Tech company,,,,,pending,guess,no evidence found; default first-initial+last,flast,not_found
Peter,Stazzone,Peter Stazzone,Nomad Power Solutions,,,,,individual,pstazzone@nomadpower.com,,,Chief Financial Officer,Public Health Tech company,,,,,pending,guess,no evidence found; default first-initial+last,flast,not_found
Sumit,Aggarwal,Sumit Aggarwal,Eloxx Pharmaceuticals,,,,,individual,sumit.aggarwal@eloxxpharma.com,,https://www.linkedin.com/in/sumitagg/,President & Chief Executive Officer,Public Health Tech company,,,,,pending,low,low evidence: info@eloxxpharma.com,first.last,medium
Daniel,Geffken,Daniel Geffken,Eloxx Pharmaceuticals,,,,,individual,daniel.geffken@eloxxpharma.com,,https://www.linkedin.com/in/lifescienceconsultants/,Interim Chief Financial Officer,Public Health Tech company,,,,,pending,low,low evidence: info@eloxxpharma.com,first.last,medium
Denise,Scots-Knight,Denise Scots-Knight,Mereo BioPharma,,,,,individual,denise.scotsknight@mereobiopharma.com,,,Chief Executive Officer,Public Health Tech company,,,,,pending,low,low evidence: aggregator summary,first.last,not_found
Christine,Fox,Christine Fox,Mereo BioPharma,,,,,individual,christine.fox@mereobiopharma.com,,,Chief Financial Officer,Public Health Tech company,,,,,pending,low,low evidence: aggregator summary,first.last,not_found
Michael,McGarrity,Michael McGarrity,MDxHealth,,,,,individual,mmcgarrity@mdxhealth.com,,https://www.linkedin.com/in/michael-mcgarrity-31586a22/,Chief Executive Officer,Public Health Tech company,,,,,pending,guess,no evidence found; default first-initial+last,flast,high
Ron,Kalfus,Ron Kalfus,MDxHealth,,,,,individual,rkalfus@mdxhealth.com,,,Interim Chief Financial Officer,Public Health Tech company,,,,,pending,guess,no evidence found; default first-initial+last,flast,not_found
Rene,Russo,Rene Russo,Xilio Therapeutics,,,,,individual,rrusso@xiliotx.com,,,President & Chief Executive Officer,Public Health Tech company,,,,,pending,guess,no evidence found; default first-initial+last,flast,not_found
Christopher,Frankenfield,Christopher Frankenfield,Xilio Therapeutics,,,,,individual,cfrankenfield@xiliotx.com,,https://www.linkedin.com/in/cfrankenfield/,Chief Financial Officer & Chief Operating Officer,Public Health Tech company,,,,,pending,guess,no evidence found; default first-initial+last,flast,high
Rob,Etherington,Rob Etherington,Clene,,,,,individual,retherington@clene.com,,https://www.linkedin.com/in/rob-etherington-431718/,President & Chief Executive Officer,Public Health Tech company,,,,,pending,guess,no evidence found; default first-initial+last,flast,high
Morgan,Brown,Morgan Brown,Clene,,,,,individual,mbrown@clene.com,,https://www.linkedin.com/in/morgan-brown-b551ba6/,Chief Financial Officer,Public Health Tech company,,,,,pending,guess,no evidence found; default first-initial+last,flast,medium
Hyunsu,Jung,Hyunsu Jung,Hyperion DeFi,,,,,individual,hjung@hyperiondefi.com,,https://www.linkedin.com/in/hyunsu-hyperion/,Chief Executive Officer,Public Health Tech company,,,,,pending,medium,medium evidence: jassad@hyperiondefi.com,flast,high
David,Knox,David Knox,Hyperion DeFi,,,,,individual,dknox@hyperiondefi.com,,https://www.linkedin.com/in/daknox/,Chief Financial Officer,Public Health Tech company,,,,,pending,medium,medium evidence: jassad@hyperiondefi.com,flast,high
Adel,Abdullah,Adel Abdullah,Positron,,,,,individual,aabdullah@positron.com,,,President & Chairman (Principal Executive & Financial Officer),Public Health Tech company,,,,,pending,low,low evidence: sales@positron.com,flast,not_found
Guus,Franke,Guus Franke,Circle8 Group,,,,,individual,gfranke@circle8.com,,,Chief Executive Officer,Public Health Tech company,,,,,pending,guess,no evidence found; default first-initial+last,flast,not_found
Kevin,Murphy,Kevin Murphy,Circle8 Group,,,,,individual,kmurphy@circle8.com,,,Chief Financial Officer,Public Health Tech company,,,,,pending,guess,no evidence found; default first-initial+last,flast,not_found
Leslie,Trigg,Leslie Trigg,Outset Medical,,,,,individual,ltrigg@outsetmedical.com,,https://www.linkedin.com/in/leslie-trigg/,"Chair, President & Chief Executive Officer",Public Health Tech company,,,,,pending,guess,no evidence found; default first-initial+last,flast,high
Renee,Gaeta,Renee Gaeta,Outset Medical,,,,,individual,rgaeta@outsetmedical.com,,https://www.linkedin.com/in/renee-gaeta/,Chief Financial Officer,Public Health Tech company,,,,,pending,guess,no evidence found; default first-initial+last,flast,high
Zachary,Hornby,Zachary Hornby,Boundless Bio,,,,,individual,zhornby@boundlessbio.com,,https://www.linkedin.com/in/zacharyhornby/,President & Chief Executive Officer,Public Health Tech company,,,,,pending,guess,no evidence found; default first-initial+last,flast,high
David,Hinkle,David Hinkle,Boundless Bio,,,,,individual,dhinkle@boundlessbio.com,,https://www.linkedin.com/in/david-hinkle-1058752/,Senior Vice President & Principal Financial Officer,Public Health Tech company,,,,,pending,guess,no evidence found; default first-initial+last,flast,medium
Maria,Maccecchini,Maria Maccecchini,Annovis Bio,,,,,individual,maccecchini@annovisbio.com,,https://www.linkedin.com/in/maria-l-maccecchini/,"Founder, President, Chief Executive Officer & Acting Chief Financial Officer",Public Health Tech company,,,,,pending,medium,medium evidence: morin@annovisbio.com,last,high
David,Moss,David Moss,INmune Bio,,,,,individual,dmoss@inmunebio.com,,https://www.linkedin.com/in/david-moss-4b705460/,Chief Executive Officer,Public Health Tech company,,,,,pending,medium,medium evidence: dcarlson@inmunebio.com,flast,high
Cory,Ellspermann,Cory Ellspermann,INmune Bio,,,,,individual,cellspermann@inmunebio.com,,,Chief Financial Officer,Public Health Tech company,,,,,pending,medium,medium evidence: dcarlson@inmunebio.com,flast,not_found
Jason,Matuszewski,Jason Matuszewski,BioStem Technologies,,,,,individual,jmatuszewski@biostemtech.com,,https://www.linkedin.com/in/jason-matuszewski-034163b4/,Chief Executive Officer,Public Health Tech company,,,,,pending,guess,no evidence found; default first-initial+last,flast,high
Brent,Lucas,Brent Lucas,Envoy Medical,,,,,individual,blucas@envoymedical.com,,https://www.linkedin.com/in/brent-lucas-envoy/,Chief Executive Officer,Public Health Tech company,,,,,pending,guess,no evidence found; default first-initial+last,flast,high
Robert,Potashnick,Robert Potashnick,Envoy Medical,,,,,individual,rpotashnick@envoymedical.com,,,Chief Accounting Officer & Vice President of Finance (principal financial officer),Public Health Tech company,,,,,pending,guess,no evidence found; default first-initial+last,flast,not_found
Erez,Meltzer,Erez Meltzer,Nano-X Imaging,,,,,individual,emeltzer@nanox.vision,,https://www.linkedin.com/in/erez-meltzer-4616a911/,Chief Executive Officer,Public Health Tech company,,,,,pending,guess,no evidence found; default first-initial+last,flast,high
Guy,Nathanzon,Guy Nathanzon,Nano-X Imaging,,,,,individual,gnathanzon@nanox.vision,,https://www.linkedin.com/in/guy-nathanzon-2721401/,Chief Financial Officer,Public Health Tech company,,,,,pending,guess,no evidence found; default first-initial+last,flast,medium
Kevin,Hykes,Kevin Hykes,CVRx,,,,,individual,khykes@cvrx.com,,https://www.linkedin.com/in/kevinhykes/,President & Chief Executive Officer,Public Health Tech company,,,,,pending,medium,medium evidence: emeyers@cvrx.com,flast,high
Jared,Oasheim,Jared Oasheim,CVRx,,,,,individual,joasheim@cvrx.com,,https://www.linkedin.com/in/jared-o-7aa14315/,Chief Financial Officer (successor John Landry starts after Q3 2026 10-Q),Public Health Tech company,,,,,pending,medium,medium evidence: emeyers@cvrx.com,flast,medium
Kristin,Yarema,Kristin Yarema,ImageneBio,,,,,individual,kyarema@imagenebio.com,,https://www.linkedin.com/in/kristinyarema/,Chief Executive Officer & Interim Principal Financial Officer,Public Health Tech company,,,,,pending,low,low evidence: ir@imagenebio.com,flast,high
Vincent,Capone,Vincent Capone,Spectral AI,,,,,individual,vcapone@spectral-ai.com,,https://www.linkedin.com/in/vincent-s-capone/,Chief Executive Officer,Public Health Tech company,,,,,pending,guess,no evidence found; default first-initial+last,flast,high
David,McGuire,David McGuire,Spectral AI,,,,,individual,dmcguire@spectral-ai.com,,https://www.linkedin.com/in/david-mcguire-cpa-a8238133/,Chief Financial Officer,Public Health Tech company,,,,,pending,guess,no evidence found; default first-initial+last,flast,medium
Sean,Browne,Sean Browne,Xtant Medical,,,,,individual,sbrowne@xtantmedical.com,,https://www.linkedin.com/in/sean-browne-b313904/,President & Chief Executive Officer,Public Health Tech company,,,,,pending,low,low evidence: InvestorRelations@xtantmedical.com,flast,high
Scott,Neils,Scott Neils,Xtant Medical,,,,,individual,sneils@xtantmedical.com,,,Chief Financial Officer,Public Health Tech company,,,,,pending,low,low evidence: InvestorRelations@xtantmedical.com,flast,not_found
