First Name,Last Name,Full Name,Company Name,City,State,Country,Full Location,Type,Email,Phone,LinkedIn Profile URL,Job Title,Tags,Net Worth,Assigned To,Marketing Prospect Score,Is Investor,Status,Email Confidence,Email Basis,Pattern
Roderick,de Greef,Roderick de Greef,BioLife Solutions,,,,,individual,rdegreef@biolifesolutions.com,,http://www.linkedin.com/in/roderick-de-greef-7895872,Chairman & Chief Executive Officer,Public Health Tech company,,,,,pending,medium,medium evidence: twichterman@biolifesolutions.com,flast
Troy,Wichterman,Troy Wichterman,BioLife Solutions,,,,,individual,twichterman@biolifesolutions.com,,http://www.linkedin.com/in/troy-wichterman-70627913,Chief Financial Officer,Public Health Tech company,,,,,pending,medium,medium evidence: twichterman@biolifesolutions.com,flast
Dorian,LeBlanc,Dorian LeBlanc,LeMaitre Vascular,,,,,individual,dleblanc@lemaitre.com,,,Chief Financial Officer,Public Health Tech company,,,,,pending,low,low evidence: aggregator summary,flast
Sandra,Harris,Sandra Harris,Establishment Labs,,,,,individual,sharris@establishmentlabs.com,,http://www.linkedin.com/in/sandra-harris-1395118,Senior Vice President & Chief Financial Officer,Public Health Tech company,,,,,pending,low,low evidence: aggregator summary,flast
Brent,Sabatini,Brent Sabatini,Vir Biotechnology,,,,,individual,bsabatini@vir.bio,,http://www.linkedin.com/in/brent-sabatini-cpa-75b5458,"Interim Principal Financial Officer & SVP, Chief Accounting Officer",Public Health Tech company,,,,,pending,high,high evidence: aattridge@vir.bio; rlepke@vir.bio,flast
Steven,Pieper,Steven Pieper,Xeris Biopharma,,,,,individual,spieper@xerispharma.com,,http://www.linkedin.com/in/steven-pieper-606137,Chief Financial Officer,Public Health Tech company,,,,,pending,medium,medium evidence: awey@xerispharma.com,flast
Ian,Smith,Ian Smith,Stoke Therapeutics,,,,,individual,ismith@stoketherapeutics.com,,,Chief Executive Officer,Public Health Tech company,,,,,pending,medium,medium evidence: swillson@stoketherapeutics.com,flast
Tommy,Leggett,Tommy Leggett,Stoke Therapeutics,,,,,individual,tleggett@stoketherapeutics.com,,http://www.linkedin.com/in/tommy-leggett-a42210,Chief Financial Officer,Public Health Tech company,,,,,pending,medium,medium evidence: swillson@stoketherapeutics.com,flast
Bahija,Jallal,Bahija Jallal,Immunocore,,,,,individual,bahija.jallal@immunocore.com,,http://www.linkedin.com/in/bahija-jallal,Chief Executive Officer,Public Health Tech company,,,,,pending,low,low evidence: aggregator summary,first.last
Christopher,Murphy,Christopher Murphy,AnaptysBio,,,,,individual,cmurphy@anaptysbio.com,,,Chief Financial Officer,Public Health Tech company,,,,,pending,guess,no evidence found; default first-initial+last,flast
Doug,Pagan,Doug Pagan,Kailera Therapeutics,,,,,individual,doug.pagan@kailera.com,,http://www.linkedin.com/in/douglas-pagan-352a703,Chief Financial Officer,Public Health Tech company,,,,,pending,low,low evidence: aggregator summary,first.last
Zhengbin,Yao,Zhengbin Yao,ArriVent BioPharma,,,,,individual,yaoz@arrivent.com,,http://www.linkedin.com/in/zhengbin-bing-yao-4340b96,Chairman & Chief Executive Officer,Public Health Tech company,,,,,pending,low,low evidence: aggregator summary,lastf
Mark,Vignola,Mark Vignola,Korsana Biosciences,,,,,individual,mvignola@korsana.com,,http://www.linkedin.com/in/mark-vignola-aa463218,Chief Financial Officer,Public Health Tech company,,,,,pending,guess,no evidence found; default first-initial+last,flast
Stuart,Essig,Stuart Essig,Integra LifeSciences,,,,,individual,stuart.essig@integralife.com,,http://www.linkedin.com/in/stuart-essig-8459174,"Chairman, President & Chief Executive Officer",Public Health Tech company,,,,,pending,high,high evidence: laurene.isip@integralife.com; chris.ward@integralife.com,first.last
Sushil,Patel,Sushil Patel,Replimune,,,,,individual,spatel@replimune.com,,http://www.linkedin.com/in/sushil-patel1,Chief Executive Officer,Public Health Tech company,,,,,pending,guess,no evidence found; default first-initial+last,flast
Emily,Hill,Emily Hill,Replimune,,,,,individual,ehill@replimune.com,,http://www.linkedin.com/in/emily-hill-3b03876,Chief Financial Officer,Public Health Tech company,,,,,pending,guess,no evidence found; default first-initial+last,flast
Joseph,Miller,Joseph Miller,LB Pharmaceuticals,,,,,individual,jmiller@lbpharma.us,,,Chief Financial Officer,Public Health Tech company,,,,,pending,medium,medium evidence: erose@lbpharma.us,flast
Jenn,Larson,Jenn Larson,Bicara Therapeutics,,,,,individual,jenn.larson@bicara.com,,,Chief Financial Officer,Public Health Tech company,,,,,pending,medium,medium evidence: tim.palmer@bicara.com,first.last
Deborah,Andrews,Deborah Andrews,STAAR Surgical,,,,,individual,dandrews@staar.com,,http://www.linkedin.com/in/deborah-andrews-5b484112,Executive Vice President & Chief Financial Officer,Public Health Tech company,,,,,pending,high,high evidence: cjohnson@staar.com; nliu@staar.com,flast
Jack,Zhang,Jack Zhang,Amphastar Pharmaceuticals,,,,,individual,jackz@amphastar.com,,,Chief Executive Officer & President,Public Health Tech company,,,,,pending,low,low evidence: aggregator summary,firstl
Lance,Berry,Lance Berry,Artivion,,,,,individual,lberry@artivion.com,,,"Executive Vice President, Chief Operating Officer & Chief Financial Officer",Public Health Tech company,,,,,pending,guess,no evidence found; default first-initial+last,flast
David,Campbell,David Campbell,Janux Therapeutics,,,,,individual,dcampbell@januxrx.com,,,"Founder, President & Chief Executive Officer",Public Health Tech company,,,,,pending,low,low evidence: aggregator summary,flast
Tighe,Reardon,Tighe Reardon,Janux Therapeutics,,,,,individual,treardon@januxrx.com,,,Acting Chief Financial Officer,Public Health Tech company,,,,,pending,low,low evidence: aggregator summary,flast
Jennifer,Fulk,Jennifer Fulk,Kura Oncology,,,,,individual,jfulk@kuraoncology.com,,,Chief Financial Officer,Public Health Tech company,,,,,pending,medium,medium evidence: gmann@kuraoncology.com,flast
Raul,Rodriguez,Raul Rodriguez,Rigel Pharmaceuticals,,,,,individual,rrodriguez@rigel.com,,http://www.linkedin.com/in/raulrrodriguez,President & Chief Executive Officer,Public Health Tech company,,,,,pending,low,low evidence: ir@rigel.com,flast
Michael,Lau,Michael Lau,Anbio Biotechnology,,,,,individual,mlau@anbio.com,,,Chief Executive Officer,Public Health Tech company,,,,,pending,guess,no evidence found; default first-initial+last,flast
Suki,Song,Suki Song,Anbio Biotechnology,,,,,individual,ssong@anbio.com,,,Chief Financial Officer,Public Health Tech company,,,,,pending,guess,no evidence found; default first-initial+last,flast
Andrew,Goldberg,Andrew Goldberg,Achieve Life Sciences,,,,,individual,agoldberg@achievelifesciences.com,,,Chief Executive Officer,Public Health Tech company,,,,,pending,guess,no evidence found; default first-initial+last,flast
Alexander,Cumbo,Alexander Cumbo,Solid Biosciences,,,,,individual,acumbo@solidbio.com,,,President & Chief Executive Officer,Public Health Tech company,,,,,pending,guess,no evidence found; default first-initial+last,flast
Pratik,Shah,Pratik Shah,Design Therapeutics,,,,,individual,pshah@designtx.com,,http://www.linkedin.com/in/teaks9,Chairperson & Chief Executive Officer,Public Health Tech company,,,,,pending,guess,no evidence found; default first-initial+last,flast
Neal,Walker,Neal Walker,Aclaris Therapeutics,,,,,individual,nwalker@aclaristx.com,,http://www.linkedin.com/in/dr-neal-walker-b741b4,Chief Executive Officer,Public Health Tech company,,,,,pending,high,high evidence: kbalthaser@aclaristx.com; wroberts@aclaristx.com,flast
Brent,Moen,Brent Moen,Anteris Technologies,,,,,individual,bmoen@anteristech.com,,,Chief Financial Officer,Public Health Tech company,,,,,pending,guess,no evidence found; default first-initial+last,flast
Dan,Paterson,Dan Paterson,Verastem,,,,,individual,dpaterson@verastem.com,,http://www.linkedin.com/in/dan-paterson-094b641,President & Chief Executive Officer,Public Health Tech company,,,,,pending,guess,no evidence found; default first-initial+last,flast
Kathy,Dong,Kathy Dong,Electra Therapeutics,,,,,individual,kdong@electra-therapeutics.com,,http://www.linkedin.com/in/kathydong-biotechceo,President & Chief Executive Officer,Public Health Tech company,,,,,pending,low,low evidence: info@electra-therapeutics.com,flast
Ron,Bentsur,Ron Bentsur,Nuvectis Pharma,,,,,individual,rbentsur@nuvectis.com,,http://www.linkedin.com/in/ron-bentsur-1218a6239,Chairman & Chief Executive Officer,Public Health Tech company,,,,,pending,medium,medium evidence: rbentsur@nuvectis.com,flast
Tony,Gibney,Tony Gibney,Aura Biosciences,,,,,individual,tgibney@aurabiosciences.com,,http://www.linkedin.com/in/tony-gibney-0a806643,Chief Financial & Business Officer,Public Health Tech company,,,,,pending,medium,medium evidence: mburke@aurabiosciences.com,flast
Sarah,Romano,Sarah Romano,SS Innovations International,,,,,individual,sarah.romano@ssinnovations.org,,,Chief Financial Officer,Public Health Tech company,,,,,pending,low,low evidence: info@ssinnovations.org,first.last
Rick,Scalzo,Rick Scalzo,Crescent Biopharma,,,,,individual,rick.scalzo@crescentbiopharma.com,,http://www.linkedin.com/in/rickscalzo,Chief Financial Officer,Public Health Tech company,,,,,pending,medium,medium evidence: amy.reilly@crescentbiopharma.com,first.last
Vishwas,Setia,Vishwas Setia,MapLight Therapeutics,,,,,individual,vsetia@maplightrx.com,,http://www.linkedin.com/in/vishsetia,Chief Financial Officer,Public Health Tech company,,,,,pending,low,low evidence: investors@maplightrx.com,flast
Ronnie,Yaacov-Garbeli,Ronnie Yaacov-Garbeli,Entera Bio,,,,,individual,ronnie@enterabio.com,,,Chief Financial Officer,Public Health Tech company,,,,,pending,medium,medium evidence: miranda@enterabio.com,first
Amir,London,Amir London,Kamada,,,,,individual,amirl@kamada.com,,http://www.linkedin.com/in/amir-london-994aa92,Chief Executive Officer,Public Health Tech company,,,,,pending,low,low evidence: ir@kamada.com,firstl
Tran,Nguyen,Tran Nguyen,Prothena,,,,,individual,tran.nguyen@prothena.com,,http://www.linkedin.com/in/tran-n-3031a3,Chief Financial Officer,Public Health Tech company,,,,,pending,medium,medium evidence: ellen.rose@prothena.com,first.last
Jean-Pierre,Sommadossi,Jean-Pierre Sommadossi,Atea Pharmaceuticals,,,,,individual,sommadossi.jeanpierre@ateapharma.com,,,"Chairman, CEO & President",Public Health Tech company,,,,,pending,medium,medium evidence: barnes.jonae@ateapharma.com,last.first
Sam,Raha,Sam Raha,Myriad Genetics,,,,,individual,sam.raha@myriad.com,,http://www.linkedin.com/in/samraha,President & CEO,Public Health Tech company,,,,,pending,medium,medium evidence: matt.scalo@myriad.com,first.last
Kendra,Adams,Kendra Adams,C4 Therapeutics,,,,,individual,kadams@c4therapeutics.com,,http://www.linkedin.com/in/kendra-adams-3450691,Chief Financial Officer,Public Health Tech company,,,,,pending,medium,medium evidence: csolberg@c4therapeutics.com,flast
Gilmore,O'Neill,Gilmore O'Neill,Editas Medicine,,,,,individual,gilmore.oneill@editasmed.com,,,President & Chief Executive Officer,Public Health Tech company,,,,,pending,medium,medium evidence: cristi.barnett@editasmed.com,first.last
Craig,Parker,Craig Parker,Surrozen,,,,,individual,craig@surrozen.com,,http://www.linkedin.com/in/craig-parker-603a044,Chief Executive Officer & President,Public Health Tech company,,,,,pending,low,low evidence: investorinfo@surrozen.com,first
Thad,Huston,Thad Huston,Artiva Biotherapeutics,,,,,individual,thuston@artivabio.com,,http://www.linkedin.com/in/thad-huston-729a17ab,Chief Financial Officer,Public Health Tech company,,,,,pending,low,low evidence: ir@artivabio.com,flast
Junyi,Dai,Junyi Dai,Indaptus Therapeutics,,,,,individual,junyi@indaptusrx.com,,,Chief Executive Officer & Chairman,Public Health Tech company,,,,,pending,high,high evidence: nir@indaptusrx.com; michael@indaptusrx.com; maggie@indaptusrx.com,first
Yu,Ding,Yu Ding,Indaptus Therapeutics,,,,,individual,yu@indaptusrx.com,,,Chief Financial Officer,Public Health Tech company,,,,,pending,high,high evidence: nir@indaptusrx.com; michael@indaptusrx.com; maggie@indaptusrx.com,first
Kang-Huai,Wang,Kang-Huai Wang,CapsoVision,,,,,individual,kanghuai.wang@capsovision.com,,,President & Chief Executive Officer,Public Health Tech company,,,,,pending,low,low evidence: investors@capsovision.com,first.last
Kevin,Lundquist,Kevin Lundquist,CapsoVision,,,,,individual,kevin.lundquist@capsovision.com,,http://www.linkedin.com/in/kml2244,Chief Financial Officer,Public Health Tech company,,,,,pending,low,low evidence: investors@capsovision.com,first.last
Erqi,Wang,Erqi Wang,Jin Medical International,,,,,individual,ewang@zhjmedical.com,,http://www.linkedin.com/in/erqi-wang-2a7094288,Chief Executive Officer,Public Health Tech company,,,,,pending,guess,no evidence found; default first-initial+last,flast
Ziqiang,Wang,Ziqiang Wang,Jin Medical International,,,,,individual,zwang@zhjmedical.com,,,Chief Financial Officer,Public Health Tech company,,,,,pending,guess,no evidence found; default first-initial+last,flast
Johan,Spoor,Johan Spoor,Perspective Therapeutics,,,,,individual,jspoor@perspectivetherapeutics.com,,,Chief Executive Officer,Public Health Tech company,,,,,pending,low,low evidence: ir@perspectivetherapeutics.com,flast
Mark,Hair,Mark Hair,Treace Medical Concepts,,,,,individual,mhair@treace.com,,,Chief Financial Officer,Public Health Tech company,,,,,pending,high,high evidence: mhair@treace.com; jddewey@treace.com,flast
Jacob,Lalezari,Jacob Lalezari,CytoDyn,,,,,individual,jlalezari@cytodyn.com,,,Chief Executive Officer,Public Health Tech company,,,,,pending,low,low evidence: ir@cytodyn.com,flast
Robert,Hoffman,Robert Hoffman,CytoDyn,,,,,individual,rhoffman@cytodyn.com,,,Chief Financial Officer,Public Health Tech company,,,,,pending,low,low evidence: ir@cytodyn.com,flast
Gaurav,Shah,Gaurav Shah,Rocket Pharmaceuticals,,,,,individual,gshah@rocketpharma.com,,,Chief Executive Officer,Public Health Tech company,,,,,pending,medium,medium evidence: kgiordano@rocketpharma.com,flast
Aaron,Ondrey,Aaron Ondrey,Rocket Pharmaceuticals,,,,,individual,aondrey@rocketpharma.com,,,Chief Financial Officer,Public Health Tech company,,,,,pending,medium,medium evidence: kgiordano@rocketpharma.com,flast
Bahram,Valamehr,Bahram Valamehr,Fate Therapeutics,,,,,individual,bahram.valamehr@fatetherapeutics.com,,,President & Chief Executive Officer,Public Health Tech company,,,,,pending,low,low evidence: IR@fatetherapeutics.com,first.last
Kamal,Adawi,Kamal Adawi,Fate Therapeutics,,,,,individual,kamal.adawi@fatetherapeutics.com,,,Chief Financial Officer,Public Health Tech company,,,,,pending,low,low evidence: IR@fatetherapeutics.com,first.last
Michael,Egholm,Michael Egholm,Standard BioTools,,,,,individual,megholm@standardbio.com,,,President & Chief Executive Officer,Public Health Tech company,,,,,pending,guess,no evidence found; default first-initial+last,flast
Alex,Kim,Alex Kim,Standard BioTools,,,,,individual,akim@standardbio.com,,,Chief Financial Officer,Public Health Tech company,,,,,pending,guess,no evidence found; default first-initial+last,flast
Rand,Sutherland,Rand Sutherland,Upstream Bio,,,,,individual,rand.sutherland@upstreambio.com,,,Chief Executive Officer,Public Health Tech company,,,,,pending,low,low evidence: ir@upstreambio.com,first.last
Mike,Gray,Mike Gray,Upstream Bio,,,,,individual,mike.gray@upstreambio.com,,,Chief Financial Officer & Chief Operating Officer,Public Health Tech company,,,,,pending,low,low evidence: ir@upstreambio.com,first.last
Jay,Duker,Jay Duker,EyePoint,,,,,individual,j.duker@eyepointpharma.com,,,President & Chief Executive Officer,Public Health Tech company,,,,,pending,low,low evidence: aggregator summary,f.last
George,Elston,George Elston,EyePoint,,,,,individual,g.elston@eyepointpharma.com,,,"Executive Vice President, Chief Financial Officer",Public Health Tech company,,,,,pending,low,low evidence: aggregator summary,f.last
Adam,Craig,Adam Craig,X4 Pharmaceuticals,,,,,individual,adam.craig@x4pharma.com,,,Executive Chairman (no CEO; principal executive),Public Health Tech company,,,,,pending,low,low evidence: IR@x4pharma.com,first.last
David,Kirske,David Kirske,X4 Pharmaceuticals,,,,,individual,david.kirske@x4pharma.com,,,Chief Financial Officer,Public Health Tech company,,,,,pending,low,low evidence: IR@x4pharma.com,first.last
Mark,Iwicki,Mark Iwicki,Inhibikase Therapeutics,,,,,individual,miwicki@inhibikase.com,,,Chief Executive Officer,Public Health Tech company,,,,,pending,low,low evidence: info@inhibikase.com,flast
David,McIntyre,David McIntyre,Inhibikase Therapeutics,,,,,individual,dmcintyre@inhibikase.com,,,Chief Financial Officer,Public Health Tech company,,,,,pending,low,low evidence: info@inhibikase.com,flast
Nolan,Townsend,Nolan Townsend,Lexeo Therapeutics,,,,,individual,ntownsend@lexeotx.com,,,Chief Executive Officer,Public Health Tech company,,,,,pending,guess,no evidence found; default first-initial+last,flast
Louis,Tamayo,Louis Tamayo,Lexeo Therapeutics,,,,,individual,ltamayo@lexeotx.com,,,Chief Financial Officer,Public Health Tech company,,,,,pending,guess,no evidence found; default first-initial+last,flast
Alex,Sapir,Alex Sapir,Fulcrum Therapeutics,,,,,individual,asapir@fulcrumtx.com,,,President & Chief Executive Officer,Public Health Tech company,,,,,pending,low,low evidence: aggregator summary,flast
Alan,Musso,Alan Musso,Fulcrum Therapeutics,,,,,individual,amusso@fulcrumtx.com,,,Chief Financial Officer,Public Health Tech company,,,,,pending,low,low evidence: aggregator summary,flast
Snehal,Patel,Snehal Patel,Greenwich LifeSciences,,,,,individual,snehal.patel@greenwichlifesciences.com,,,Chief Executive Officer & Chief Financial Officer,Public Health Tech company,,,,,pending,low,low evidence: info@greenwichlifesciences.com,first.last
Richard,Kaiser,Richard Kaiser,BioForce Nanosciences,,,,,individual,rkaiser@bioforceeclipse.com,,,Interim Chief Executive Officer & Chief Financial Officer,Public Health Tech company,,,,,pending,guess,no evidence found; default first-initial+last,flast
Aaron,Berg,Aaron Berg,Amarin,,,,,individual,aaron.berg@amarincorp.com,,,President & Chief Executive Officer,Public Health Tech company,,,,,pending,medium,medium evidence: jessica.beck@amarincorp.com,first.last
Peter,Fishman,Peter Fishman,Amarin,,,,,individual,peter.fishman@amarincorp.com,,,Chief Financial Officer,Public Health Tech company,,,,,pending,medium,medium evidence: jessica.beck@amarincorp.com,first.last
Martin,Zügel,Martin Zügel,AC Immune,,,,,individual,martin.zugel@acimmune.com,,,Interim Chief Executive Officer,Public Health Tech company,,,,,pending,low,low evidence: ir@acimmune.com,first.last
Christopher,Roberts,Christopher Roberts,AC Immune,,,,,individual,christopher.roberts@acimmune.com,,,Chief Financial Officer,Public Health Tech company,,,,,pending,low,low evidence: ir@acimmune.com,first.last
Mary,Szela,Mary Szela,TriSalus Life Sciences,,,,,individual,mary.szela@trisaluslifesci.com,,,President & Chief Executive Officer,Public Health Tech company,,,,,pending,low,low evidence: investor.relations@trisaluslifesci.com,first.last
David,Patience,David Patience,TriSalus Life Sciences,,,,,individual,david.patience@trisaluslifesci.com,,,Chief Financial Officer,Public Health Tech company,,,,,pending,low,low evidence: investor.relations@trisaluslifesci.com,first.last
Jane,Chung,Jane Chung,Sutro Biopharma,,,,,individual,jchung@sutrobio.com,,,Chief Executive Officer,Public Health Tech company,,,,,pending,medium,medium evidence: ewhite@sutrobio.com,flast
Gregory,Chow,Gregory Chow,Sutro Biopharma,,,,,individual,gchow@sutrobio.com,,,Chief Financial Officer,Public Health Tech company,,,,,pending,medium,medium evidence: ewhite@sutrobio.com,flast
Niels,Riedemann,Niels Riedemann,InflaRx,,,,,individual,niels.riedemann@inflarx.de,,,Chief Executive Officer,Public Health Tech company,,,,,pending,low,low evidence: IR@inflarx.de,first.last
Thomas,Taapken,Thomas Taapken,InflaRx,,,,,individual,thomas.taapken@inflarx.de,,,Chief Financial Officer,Public Health Tech company,,,,,pending,low,low evidence: IR@inflarx.de,first.last
Ben,Zeskind,Ben Zeskind,Immuneering,,,,,individual,bzeskind@immuneering.com,,,Co-Founder & Chief Executive Officer,Public Health Tech company,,,,,pending,low,low evidence: ir@immuneering.com,flast
Andrew,Gengos,Andrew Gengos,Immuneering,,,,,individual,agengos@immuneering.com,,,Chief Financial Officer,Public Health Tech company,,,,,pending,low,low evidence: ir@immuneering.com,flast
Carrie,Eglinton Manner,Carrie Eglinton Manner,OraSure Technologies,,,,,individual,ceglintonmanner@orasure.com,,,President & Chief Executive Officer,Public Health Tech company,,,,,pending,low,low evidence: Media@OraSure.com,flast
Kenneth,McGrath,Kenneth McGrath,OraSure Technologies,,,,,individual,kmcgrath@orasure.com,,,Chief Financial Officer,Public Health Tech company,,,,,pending,low,low evidence: Media@OraSure.com,flast
Kevin,Guest,Kevin Guest,USANA Health Sciences,,,,,individual,kevinguest@usana.com,,,Chief Executive Officer,Public Health Tech company,,,,,pending,low,low evidence: customerservice@usana.com,firstlast
Douglas,Hekking,Douglas Hekking,USANA Health Sciences,,,,,individual,douglashekking@usana.com,,,Chief Financial Officer,Public Health Tech company,,,,,pending,low,low evidence: customerservice@usana.com,firstlast
Steve,Griffin,Steve Griffin,Anika Therapeutics,,,,,individual,sgriffin@anika.com,,,Chief Executive Officer,Public Health Tech company,,,,,pending,low,low evidence: investorrelations@anika.com,flast
Steve,Griffin,Steve Griffin,Anika Therapeutics,,,,,individual,sgriffin@anika.com,,,Principal Financial Officer (CFO role vacant),Public Health Tech company,,,,,pending,low,low evidence: investorrelations@anika.com,flast
Julie,Eastland,Julie Eastland,Zentalis Pharmaceuticals,,,,,individual,jeastland@zentalis.com,,,"Chief Executive Officer, President",Public Health Tech company,,,,,pending,low,low evidence: info@zentalis.com,flast
Melissa,Epperly,Melissa Epperly,Zentalis Pharmaceuticals,,,,,individual,mepperly@zentalis.com,,,Chief Financial Officer,Public Health Tech company,,,,,pending,low,low evidence: info@zentalis.com,flast
Nasrat,Hakim,Nasrat Hakim,Elite Pharmaceuticals,,,,,individual,nasrat@elitepharma.com,,,"Chairman, President & Chief Executive Officer",Public Health Tech company,,,,,pending,medium,medium evidence: Dianne@ElitePharma.com,first
Carter,Ward,Carter Ward,Elite Pharmaceuticals,,,,,individual,carter@elitepharma.com,,,Chief Financial Officer,Public Health Tech company,,,,,pending,medium,medium evidence: Dianne@ElitePharma.com,first
Kevin,Lee,Kevin Lee,Bicycle Therapeutics,,,,,individual,kevin.lee@bicycletherapeutics.com,,,Chief Executive Officer,Public Health Tech company,,,,,pending,low,low evidence: info@bicycletherapeutics.com,first.last
Kory,Wentworth,Kory Wentworth,Entrada Therapeutics,,,,,individual,kory@entradatx.com,,http://www.linkedin.com/in/korywentworth,Chief Financial Officer & Treasurer,Public Health Tech company,,,,,pending,high,pattern seen in your other export,first
J.D.,Finley,J.D. Finley,Palisade Bio,,,,,individual,jd.finley@palisadebio.com,,,Chief Executive Officer and Chief Financial Officer,Public Health Tech company,,,,,pending,low,low evidence: info@palisadebio.com,first.last
Mike,Cloonan,Mike Cloonan,Sionna Therapeutics,,,,,individual,mike.cloonan@sionnatx.com,,http://www.linkedin.com/in/michael-cloonan-74b0bb1,President & CEO,Public Health Tech company,,,,,pending,high,pattern seen in your other export,first.last
Tyler,Zeronda,Tyler Zeronda,Yarrow Bioscience,,,,,individual,tzeronda@yarrowbioscience.com,,http://www.linkedin.com/in/tyler-zeronda-cpa-41b2ab21,Chief Financial Officer,Public Health Tech company,,,,,pending,guess,no evidence found; default first-initial+last,flast
David-Alexandre,Gros,David-Alexandre Gros,Eledon Pharmaceuticals,,,,,individual,dgros@eledon.com,,http://www.linkedin.com/in/dagros,Chief Executive Officer,Public Health Tech company,,,,,pending,high,pattern seen in your other export,flast
Avraham,Gabay,Avraham Gabay,Oramed Pharmaceuticals,,,,,individual,avraham@oramed.com,,,Chief Financial Officer,Public Health Tech company,,,,,pending,high,high evidence: josh@oramed.com; estee@oramed.com,first
Shao-Lee,Lin,Shao-Lee Lin,Cue Biopharma,,,,,individual,slin@cuebio.com,,,"President, CEO & Director",Public Health Tech company,,,,,pending,medium,medium evidence: mcampinell@cuebio.com,flast
James,Ahlers,James Ahlers,Cue Biopharma,,,,,individual,jahlers@cuebio.com,,,Chief Financial Officer,Public Health Tech company,,,,,pending,medium,medium evidence: mcampinell@cuebio.com,flast
Pamela,Connealy,Pamela Connealy,Pyxis Oncology,,,,,individual,pconnealy@pyxisoncology.com,,http://www.linkedin.com/in/pamyanchik,Chief Financial Officer & Chief Operating Officer,Public Health Tech company,,,,,pending,high,pattern seen in your other export,flast
Raju,Willener,Raju Willener,Veraxa Biotech,,,,,individual,rwillener@veraxa.com,,,Chief Financial Officer,Public Health Tech company,,,,,pending,guess,no evidence found; default first-initial+last,flast
Ken,Mobeck,Ken Mobeck,EDAP TMS,,,,,individual,ken.mobeck@focalone.com,,,Chief Financial Officer,Public Health Tech company,,,,,pending,high,pattern seen in your other export,first.last
Daniel,O'Connell,Daniel O'Connell,Acumen Pharmaceuticals,,,,,individual,doconnell@acumenpharm.com,,http://www.linkedin.com/in/daniel-o-connell-48b931,President & Chief Executive Officer,Public Health Tech company,,,,,pending,high,pattern seen in your other export,flast
Dennis,McGrath,Dennis McGrath,Lucid Diagnostics,,,,,individual,dmcgrath@luciddx.com,,http://www.linkedin.com/in/dennis-mcgrath-208189,Chief Financial Officer,Public Health Tech company,,,,,pending,guess,no evidence found; default first-initial+last,flast
Fu-Feng,Kuo,Fu-Feng Kuo,Jyong Biotech,,,,,individual,fkuo@jyongbio.com,,,Chief Executive Officer & Chairwoman,Public Health Tech company,,,,,pending,guess,no evidence found; default first-initial+last,flast
Wei,Zhang,Wei Zhang,Jyong Biotech,,,,,individual,wzhang@jyongbio.com,,,Chief Financial Officer,Public Health Tech company,,,,,pending,guess,no evidence found; default first-initial+last,flast
Kevin,Lundquist,Kevin Lundquist,Outlook Therapeutics,,,,,individual,kevinlundquist@outlooktherapeutics.com,,,Chief Financial Officer,Public Health Tech company,,,,,pending,high,pattern seen in your other export,firstlast
Michael,Kazley,Michael Kazley,Stablecoin Development Corporation,,,,,individual,michael@stabledev.com,,http://www.linkedin.com/in/michael-kazley,Chairman & Chief Executive Officer,Public Health Tech company,,,,,pending,medium,medium evidence: tommy@stabledev.com,first
Kath,Gallagher,Kath Gallagher,Atrium Therapeutics,,,,,individual,kgallagher@atrium-tx.com,,,President & Chief Executive Officer,Public Health Tech company,,,,,pending,guess,no evidence found; default first-initial+last,flast
Brendan,Winslow,Brendan Winslow,Atrium Therapeutics,,,,,individual,bwinslow@atrium-tx.com,,,Chief Financial Officer,Public Health Tech company,,,,,pending,guess,no evidence found; default first-initial+last,flast
Sriram,Ryali,Sriram Ryali,Caribou Biosciences,,,,,individual,ryali@cariboubio.com,,,Chief Financial Officer,Public Health Tech company,,,,,pending,high,pattern seen in your other export,last
Henry,Ji,Henry Ji,Semnur Pharmaceuticals,,,,,individual,hji@semnurpharma.com,,,"Executive Chairman, Chief Executive Officer & President",Public Health Tech company,,,,,pending,low,low evidence: info@semnurpharma.com,flast
Stephen,Ma,Stephen Ma,Semnur Pharmaceuticals,,,,,individual,sma@semnurpharma.com,,,"Chief Operating Officer (formerly SVP, CFO)",Public Health Tech company,,,,,pending,low,low evidence: info@semnurpharma.com,flast
Christine,Deister,Christine Deister,Harbor Diversified,,,,,individual,cdeister@harbordiversified.com,,,Chief Executive Officer,Public Health Tech company,,,,,pending,guess,no evidence found; default first-initial+last,flast
Gregg,Garvey,Gregg Garvey,Harbor Diversified,,,,,individual,ggarvey@harbordiversified.com,,,Chief Financial Officer,Public Health Tech company,,,,,pending,guess,no evidence found; default first-initial+last,flast
Michael,Carulli,Michael Carulli,PMV Pharmaceuticals,,,,,individual,mcarulli@pmvpharma.com,,http://www.linkedin.com/in/michael-carulli-a29195,Chief Financial Officer,Public Health Tech company,,,,,pending,low,low evidence: investors@pmvpharma.com,flast
Winfield,Ding,Winfield Ding,UMeWorld,,,,,individual,winfield.ding@umeworld.com,,,Chief Financial Officer,Public Health Tech company,,,,,pending,low,low evidence: investors@umeworld.com,first.last
David,Lazar,David Lazar,Quantum Cyber,,,,,individual,dlazar@quantum-cyber.ai,,,Chief Executive Officer,Public Health Tech company,,,,,pending,guess,no evidence found; default first-initial+last,flast
John,Friend,John Friend,Kazia Therapeutics,,,,,individual,john.friend@kaziatherapeutics.com,,http://www.linkedin.com/in/john-friend-6747872,Chief Executive Officer,Public Health Tech company,,,,,pending,low,low evidence: info@kaziatherapeutics.com,first.last
Steven,Lo,Steven Lo,Vaxart,,,,,individual,slo@vaxart.com,,,President & Chief Executive Officer,Public Health Tech company,,,,,pending,guess,no evidence found; default first-initial+last,flast
Jeroen,Grasman,Jeroen Grasman,Vaxart,,,,,individual,jgrasman@vaxart.com,,http://www.linkedin.com/in/jeroen-grasman-2763b02,Chief Financial Officer,Public Health Tech company,,,,,pending,guess,no evidence found; default first-initial+last,flast
Daniel,Reis-Faria,Daniel Reis-Faria,ZeroStack,,,,,individual,daniel.reisfaria@zerostack.ai,,,Chief Executive Officer,Public Health Tech company,,,,,pending,low,low evidence: ir@zerostack.ai,first.last
Mike,Fox,Mike Fox,electroCore,,,,,individual,mfox@electrocore.com,,,Co-Chief Executive Officer,Public Health Tech company,,,,,pending,guess,no evidence found; default first-initial+last,flast
Leonard,Mazur,Leonard Mazur,Citius Oncology,,,,,individual,lmazur@citiusonc.com,,,Chairman & Chief Executive Officer,Public Health Tech company,,,,,pending,guess,no evidence found; default first-initial+last,flast
Hong,Li,Hong Li,BGM Group,,,,,individual,hli@qiliancorp.com,,,Co-Chief Executive Officer,Public Health Tech company,,,,,pending,guess,no evidence found; default first-initial+last,flast
Yaxuan,Zhai,Yaxuan Zhai,BGM Group,,,,,individual,yzhai@qiliancorp.com,,,Chief Financial Officer,Public Health Tech company,,,,,pending,guess,no evidence found; default first-initial+last,flast
Joshua,Muntner,Joshua Muntner,Cardiff Oncology,,,,,individual,jmuntner@cardiffoncology.com,,,Chief Financial Officer,Public Health Tech company,,,,,pending,medium,medium evidence: jlevine@cardiffoncology.com,flast
Gerald,Goodman,Gerald Goodman,Nutriband,,,,,individual,gerald@nutriband.com,,,Chief Financial Officer,Public Health Tech company,,,,,pending,low,low evidence: info@nutriband.com,first
Michael,Cavanaugh,Michael Cavanaugh,Range Impact,,,,,individual,mcavanaugh@rangeimpact.com,,http://www.linkedin.com/in/michael-cavanaugh-b53a0323,Chief Executive Officer,Public Health Tech company,,,,,pending,guess,no evidence found; default first-initial+last,flast
Patricia,Missal,Patricia Missal,Range Impact,,,,,individual,pmissal@rangeimpact.com,,,Chief Financial Officer,Public Health Tech company,,,,,pending,guess,no evidence found; default first-initial+last,flast
Michael,Rossi,Michael Rossi,LENSAR,,,,,individual,mrossi@lensar.com,,,Interim Chief Financial Officer,Public Health Tech company,,,,,pending,guess,no evidence found; default first-initial+last,flast
Kevin,Sarney,Kevin Sarney,Atara Biotherapeutics,,,,,individual,ksarney@atarabio.com,,,Interim Chief Financial Officer,Public Health Tech company,,,,,pending,medium,medium evidence: adaugherty@atarabio.com,flast
Alan,Weichselbaum,Alan Weichselbaum,Telomir Pharmaceuticals,,,,,individual,aweichselbaum@telomirpharma.com,,,Chief Financial Officer,Public Health Tech company,,,,,pending,guess,no evidence found; default first-initial+last,flast
Terrence,Moorehead,Terrence Moorehead,LifeVantage,,,,,individual,tmoorehead@lifevantage.com,,,President & Chief Executive Officer,Public Health Tech company,,,,,pending,guess,no evidence found; default first-initial+last,flast
Keeren,Shah,Keeren Shah,OKYO Pharma,,,,,individual,kshah@okyopharma.com,,,Chief Financial Officer,Public Health Tech company,,,,,pending,medium,medium evidence: gjacob@okyopharma.com,flast
Vlad,Vitoc,Vlad Vitoc,MAIA Biotechnology,,,,,individual,vvitoc@maiabiotech.com,,,Chief Executive Officer & President,Public Health Tech company,,,,,pending,low,low evidence: ir@maiabiotech.com,flast
Jeffrey,Himmelreich,Jeffrey Himmelreich,MAIA Biotechnology,,,,,individual,jhimmelreich@maiabiotech.com,,,Head of Finance & Principal Financial Officer,Public Health Tech company,,,,,pending,low,low evidence: ir@maiabiotech.com,flast
Chris,Giordano,Chris Giordano,Tenax Therapeutics,,,,,individual,cgiordano@tenaxthera.com,,,President & Chief Executive Officer,Public Health Tech company,,,,,pending,guess,no evidence found; default first-initial+last,flast
Thomas,Staab,Thomas Staab,Tenax Therapeutics,,,,,individual,tstaab@tenaxthera.com,,,Chief Financial Officer,Public Health Tech company,,,,,pending,guess,no evidence found; default first-initial+last,flast
Brian,Windsor,Brian Windsor,Rein Therapeutics,,,,,individual,bwindsor@reintx.com,,,President & Chief Executive Officer,Public Health Tech company,,,,,pending,low,low evidence: aggregator summary,flast
Timothy,Cunningham,Timothy Cunningham,Rein Therapeutics,,,,,individual,tcunningham@reintx.com,,,Interim Chief Financial Officer,Public Health Tech company,,,,,pending,low,low evidence: aggregator summary,flast
Erez,Raphael,Erez Raphael,DarioHealth,,,,,individual,erez.raphael@dariohealth.com,,,Chief Executive Officer,Public Health Tech company,,,,,pending,low,low evidence: aggregator summary,first.last
Chen,Franco-Yehuda,Chen Franco-Yehuda,DarioHealth,,,,,individual,chen.francoyehuda@dariohealth.com,,,Chief Financial Officer,Public Health Tech company,,,,,pending,low,low evidence: aggregator summary,first.last
Bernard,Coulie,Bernard Coulie,Pliant Therapeutics,,,,,individual,bcoulie@pliantrx.com,,,President & Chief Executive Officer,Public Health Tech company,,,,,pending,low,low evidence: ir@pliantrx.com,flast
Keith,Cummings,Keith Cummings,Pliant Therapeutics,,,,,individual,kcummings@pliantrx.com,,,Chief Financial Officer,Public Health Tech company,,,,,pending,low,low evidence: ir@pliantrx.com,flast
Chen,Schor,Chen Schor,Adicet Bio,,,,,individual,cschor@adicetbio.com,,,President & Chief Executive Officer,Public Health Tech company,,,,,pending,low,low evidence: info@adicetbio.com,flast
Nick,Harvey,Nick Harvey,Adicet Bio,,,,,individual,nharvey@adicetbio.com,,,Chief Financial Officer,Public Health Tech company,,,,,pending,low,low evidence: info@adicetbio.com,flast
Sushma,Shivaswamy,Sushma Shivaswamy,XBiotech,,,,,individual,sshivaswamy@xbiotech.com,,,Interim CEO & Chief Scientific Officer,Public Health Tech company,,,,,pending,guess,no evidence found; default first-initial+last,flast
Angela,Hu,Angela Hu,XBiotech,,,,,individual,ahu@xbiotech.com,,,"Interim Chief Financial Officer (Director of Finance, Principal Financial Officer)",Public Health Tech company,,,,,pending,guess,no evidence found; default first-initial+last,flast
Rob,Brainin,Rob Brainin,Champions Oncology,,,,,individual,rbrainin@championsoncology.com,,,Chief Executive Officer,Public Health Tech company,,,,,pending,medium,medium evidence: sforeman@championsoncology.com,flast
David,Miller,David Miller,Champions Oncology,,,,,individual,dmiller@championsoncology.com,,,Chief Financial Officer,Public Health Tech company,,,,,pending,medium,medium evidence: sforeman@championsoncology.com,flast
Jennifer,Bath,Jennifer Bath,MindWalk,,,,,individual,jbath@mindwalkai.com,,,Chief Executive Officer & President,Public Health Tech company,,,,,pending,guess,no evidence found; default first-initial+last,flast
Scott,Areglado,Scott Areglado,MindWalk,,,,,individual,sareglado@mindwalkai.com,,,Chief Financial Officer,Public Health Tech company,,,,,pending,guess,no evidence found; default first-initial+last,flast
Thomas,Davis,Thomas Davis,Viskase,,,,,individual,thomas.davis@viskase.com,,,Chief Executive Officer,Public Health Tech company,,,,,pending,low,low evidence: aggregator summary,first.last
Michael,Blecic,Michael Blecic,Viskase,,,,,individual,michael.blecic@viskase.com,,,Chief Financial Officer,Public Health Tech company,,,,,pending,low,low evidence: aggregator summary,first.last
McAndrew,Rudisill,McAndrew Rudisill,Forum Markets,,,,,individual,mrudisill@forum-markets.com,,,Executive Chairman & Chief Executive Officer,Public Health Tech company,,,,,pending,guess,no evidence found; default first-initial+last,flast
John,Saunders,John Saunders,Forum Markets,,,,,individual,jsaunders@forum-markets.com,,,Chief Financial Officer,Public Health Tech company,,,,,pending,guess,no evidence found; default first-initial+last,flast
Craig,Collard,Craig Collard,Heron Therapeutics,,,,,individual,ccollard@herontx.com,,,Chief Executive Officer,Public Health Tech company,,,,,pending,medium,medium evidence: iduarte@herontx.com,flast
Ira,Duarte,Ira Duarte,Heron Therapeutics,,,,,individual,iduarte@herontx.com,,,Executive Vice President & Chief Financial Officer,Public Health Tech company,,,,,pending,medium,medium evidence: iduarte@herontx.com,flast
Jennifer,Buell,Jennifer Buell,MiNK Therapeutics,,,,,individual,jbuell@minktherapeutics.com,,,President & Chief Executive Officer,Public Health Tech company,,,,,pending,guess,no evidence found; default first-initial+last,flast
Melissa,Orilall,Melissa Orilall,MiNK Therapeutics,,,,,individual,morilall@minktherapeutics.com,,,Chief Financial Officer,Public Health Tech company,,,,,pending,guess,no evidence found; default first-initial+last,flast
Sandy,Macrae,Sandy Macrae,Sangamo Therapeutics,,,,,individual,smacrae@sangamo.com,,,Chief Executive Officer,Public Health Tech company,,,,,pending,guess,no evidence found; default first-initial+last,flast
Nikunj,Jain,Nikunj Jain,Sangamo Therapeutics,,,,,individual,njain@sangamo.com,,,Interim Chief Financial Officer,Public Health Tech company,,,,,pending,guess,no evidence found; default first-initial+last,flast
Andrew,Oxtoby,Andrew Oxtoby,Kalaris Therapeutics,,,,,individual,aoxtoby@kalaristx.com,,,President & Chief Executive Officer,Public Health Tech company,,,,,pending,guess,no evidence found; default first-initial+last,flast
Liisa,Bayko,Liisa Bayko,Kalaris Therapeutics,,,,,individual,lbayko@kalaristx.com,,,Chief Financial Officer,Public Health Tech company,,,,,pending,guess,no evidence found; default first-initial+last,flast
Vincent,Angotti,Vincent Angotti,Talphera,,,,,individual,vangotti@talphera.com,,,Chief Executive Officer,Public Health Tech company,,,,,pending,guess,no evidence found; default first-initial+last,flast
Raffi,Asadorian,Raffi Asadorian,Talphera,,,,,individual,rasadorian@talphera.com,,,Chief Financial Officer,Public Health Tech company,,,,,pending,guess,no evidence found; default first-initial+last,flast
David,Jorden,David Jorden,Nuo Therapeutics,,,,,individual,djorden@nuot.com,,,Chief Executive Officer & Chief Financial Officer,Public Health Tech company,,,,,pending,medium,medium evidence: djorden@nuot.com,flast
Geordan,Pursglove,Geordan Pursglove,Nomad Power Solutions,,,,,individual,gpursglove@nomadpower.com,,,"Chairman, President & Chief Executive Officer",Public Health Tech company,,,,,pending,guess,no evidence found; default first-initial+last,flast
Peter,Stazzone,Peter Stazzone,Nomad Power Solutions,,,,,individual,pstazzone@nomadpower.com,,,Chief Financial Officer,Public Health Tech company,,,,,pending,guess,no evidence found; default first-initial+last,flast
Sumit,Aggarwal,Sumit Aggarwal,Eloxx Pharmaceuticals,,,,,individual,sumit.aggarwal@eloxxpharma.com,,,President & Chief Executive Officer,Public Health Tech company,,,,,pending,low,low evidence: info@eloxxpharma.com,first.last
Daniel,Geffken,Daniel Geffken,Eloxx Pharmaceuticals,,,,,individual,daniel.geffken@eloxxpharma.com,,,Interim Chief Financial Officer,Public Health Tech company,,,,,pending,low,low evidence: info@eloxxpharma.com,first.last
Denise,Scots-Knight,Denise Scots-Knight,Mereo BioPharma,,,,,individual,denise.scotsknight@mereobiopharma.com,,,Chief Executive Officer,Public Health Tech company,,,,,pending,low,low evidence: aggregator summary,first.last
Christine,Fox,Christine Fox,Mereo BioPharma,,,,,individual,christine.fox@mereobiopharma.com,,,Chief Financial Officer,Public Health Tech company,,,,,pending,low,low evidence: aggregator summary,first.last
Michael,McGarrity,Michael McGarrity,MDxHealth,,,,,individual,mmcgarrity@mdxhealth.com,,,Chief Executive Officer,Public Health Tech company,,,,,pending,guess,no evidence found; default first-initial+last,flast
Ron,Kalfus,Ron Kalfus,MDxHealth,,,,,individual,rkalfus@mdxhealth.com,,,Interim Chief Financial Officer,Public Health Tech company,,,,,pending,guess,no evidence found; default first-initial+last,flast
Rene,Russo,Rene Russo,Xilio Therapeutics,,,,,individual,rrusso@xiliotx.com,,,President & Chief Executive Officer,Public Health Tech company,,,,,pending,guess,no evidence found; default first-initial+last,flast
Christopher,Frankenfield,Christopher Frankenfield,Xilio Therapeutics,,,,,individual,cfrankenfield@xiliotx.com,,,Chief Financial Officer & Chief Operating Officer,Public Health Tech company,,,,,pending,guess,no evidence found; default first-initial+last,flast
Rob,Etherington,Rob Etherington,Clene,,,,,individual,retherington@clene.com,,,President & Chief Executive Officer,Public Health Tech company,,,,,pending,guess,no evidence found; default first-initial+last,flast
Morgan,Brown,Morgan Brown,Clene,,,,,individual,mbrown@clene.com,,,Chief Financial Officer,Public Health Tech company,,,,,pending,guess,no evidence found; default first-initial+last,flast
Hyunsu,Jung,Hyunsu Jung,Hyperion DeFi,,,,,individual,hjung@hyperiondefi.com,,,Chief Executive Officer,Public Health Tech company,,,,,pending,medium,medium evidence: jassad@hyperiondefi.com,flast
David,Knox,David Knox,Hyperion DeFi,,,,,individual,dknox@hyperiondefi.com,,,Chief Financial Officer,Public Health Tech company,,,,,pending,medium,medium evidence: jassad@hyperiondefi.com,flast
Adel,Abdullah,Adel Abdullah,Positron,,,,,individual,aabdullah@positron.com,,,President & Chairman (Principal Executive & Financial Officer),Public Health Tech company,,,,,pending,low,low evidence: sales@positron.com,flast
Guus,Franke,Guus Franke,Circle8 Group,,,,,individual,gfranke@circle8.com,,,Chief Executive Officer,Public Health Tech company,,,,,pending,guess,no evidence found; default first-initial+last,flast
Kevin,Murphy,Kevin Murphy,Circle8 Group,,,,,individual,kmurphy@circle8.com,,,Chief Financial Officer,Public Health Tech company,,,,,pending,guess,no evidence found; default first-initial+last,flast
Leslie,Trigg,Leslie Trigg,Outset Medical,,,,,individual,ltrigg@outsetmedical.com,,,"Chair, President & Chief Executive Officer",Public Health Tech company,,,,,pending,guess,no evidence found; default first-initial+last,flast
Renee,Gaeta,Renee Gaeta,Outset Medical,,,,,individual,rgaeta@outsetmedical.com,,,Chief Financial Officer,Public Health Tech company,,,,,pending,guess,no evidence found; default first-initial+last,flast
Zachary,Hornby,Zachary Hornby,Boundless Bio,,,,,individual,zhornby@boundlessbio.com,,,President & Chief Executive Officer,Public Health Tech company,,,,,pending,guess,no evidence found; default first-initial+last,flast
David,Hinkle,David Hinkle,Boundless Bio,,,,,individual,dhinkle@boundlessbio.com,,,Senior Vice President & Principal Financial Officer,Public Health Tech company,,,,,pending,guess,no evidence found; default first-initial+last,flast
Maria,Maccecchini,Maria Maccecchini,Annovis Bio,,,,,individual,maccecchini@annovisbio.com,,,"Founder, President, Chief Executive Officer & Acting Chief Financial Officer",Public Health Tech company,,,,,pending,medium,medium evidence: morin@annovisbio.com,last
David,Moss,David Moss,INmune Bio,,,,,individual,dmoss@inmunebio.com,,,Chief Executive Officer,Public Health Tech company,,,,,pending,medium,medium evidence: dcarlson@inmunebio.com,flast
Cory,Ellspermann,Cory Ellspermann,INmune Bio,,,,,individual,cellspermann@inmunebio.com,,,Chief Financial Officer,Public Health Tech company,,,,,pending,medium,medium evidence: dcarlson@inmunebio.com,flast
Jason,Matuszewski,Jason Matuszewski,BioStem Technologies,,,,,individual,jmatuszewski@biostemtech.com,,,Chief Executive Officer,Public Health Tech company,,,,,pending,guess,no evidence found; default first-initial+last,flast
Brent,Lucas,Brent Lucas,Envoy Medical,,,,,individual,blucas@envoymedical.com,,,Chief Executive Officer,Public Health Tech company,,,,,pending,guess,no evidence found; default first-initial+last,flast
Robert,Potashnick,Robert Potashnick,Envoy Medical,,,,,individual,rpotashnick@envoymedical.com,,,Chief Accounting Officer & Vice President of Finance (principal financial officer),Public Health Tech company,,,,,pending,guess,no evidence found; default first-initial+last,flast
Erez,Meltzer,Erez Meltzer,Nano-X Imaging,,,,,individual,emeltzer@nanox.vision,,,Chief Executive Officer,Public Health Tech company,,,,,pending,guess,no evidence found; default first-initial+last,flast
Guy,Nathanzon,Guy Nathanzon,Nano-X Imaging,,,,,individual,gnathanzon@nanox.vision,,,Chief Financial Officer,Public Health Tech company,,,,,pending,guess,no evidence found; default first-initial+last,flast
Kevin,Hykes,Kevin Hykes,CVRx,,,,,individual,khykes@cvrx.com,,,President & Chief Executive Officer,Public Health Tech company,,,,,pending,medium,medium evidence: emeyers@cvrx.com,flast
Jared,Oasheim,Jared Oasheim,CVRx,,,,,individual,joasheim@cvrx.com,,,Chief Financial Officer (successor John Landry starts after Q3 2026 10-Q),Public Health Tech company,,,,,pending,medium,medium evidence: emeyers@cvrx.com,flast
Kristin,Yarema,Kristin Yarema,ImageneBio,,,,,individual,kyarema@imagenebio.com,,,Chief Executive Officer & Interim Principal Financial Officer,Public Health Tech company,,,,,pending,low,low evidence: ir@imagenebio.com,flast
Vincent,Capone,Vincent Capone,Spectral AI,,,,,individual,vcapone@spectral-ai.com,,,Chief Executive Officer,Public Health Tech company,,,,,pending,guess,no evidence found; default first-initial+last,flast
David,McGuire,David McGuire,Spectral AI,,,,,individual,dmcguire@spectral-ai.com,,,Chief Financial Officer,Public Health Tech company,,,,,pending,guess,no evidence found; default first-initial+last,flast
Sean,Browne,Sean Browne,Xtant Medical,,,,,individual,sbrowne@xtantmedical.com,,,President & Chief Executive Officer,Public Health Tech company,,,,,pending,low,low evidence: InvestorRelations@xtantmedical.com,flast
Scott,Neils,Scott Neils,Xtant Medical,,,,,individual,sneils@xtantmedical.com,,,Chief Financial Officer,Public Health Tech company,,,,,pending,low,low evidence: InvestorRelations@xtantmedical.com,flast
