first_name,last_name,company,title
Nicholas,Maestas,Rani Therapeutics,Chief Financial Officer
Thomas,Zindrick,Genelux,"Chairman, Chief Executive Officer & President"
Matthew,Pulisic,Genelux,Chief Financial Officer
Andrea,James,Insight Molecular Diagnostics,Chief Financial Officer
Adam,Mendelsohn,Vivani Medical,Chief Executive Officer
James,Levine,Kazia Therapeutics,Chief Financial Officer
Amit,Hasija,Milestone Pharmaceuticals,Chief Financial Officer & EVP Corporate Development
Dikla,Czaczkes Akselbrad,PolyPid,Chief Executive Officer
Jonny,Missulawin,PolyPid,Chief Financial Officer
Jason,Leverone,OnKure Therapeutics,Chief Financial Officer
Charles,Goodwin,Apyx Medical,Chief Executive Officer
Matthew,Hill,Apyx Medical,Chief Financial Officer
Dany,Vaiman,ZeroStack,Chief Financial Officer
Bruce,Steel,Equillium,Chief Executive Officer
Stephen,Connelly,Equillium,President & Chief Scientific Officer
Amit,Kumar,Anixa Biosciences,Chairman & Chief Executive Officer
Michael,Catelani,Anixa Biosciences,"President, Chief Operating Officer & Chief Financial Officer"
Neil,Warma,ProMIS Neurosciences,Chief Executive Officer
Miles,Harrison,Conexeu Sciences,"President, Chief Executive Officer & Director"
Stephen,Inouye,Conexeu Sciences,"Chief Financial Officer, Corporate Secretary & Treasurer"
Joshua,Lev,electroCore,Co-Chief Executive Officer
Jaime,Bartushak,Citius Oncology,Chief Financial Officer
Thomas,Hull,Kewaunee Scientific,President & Chief Executive Officer
Donald,Gardner,Kewaunee Scientific,Executive Vice President Finance & Chief Financial Officer
Hong,Li,BGM Group,Co-Chief Executive Officer
Yaxuan,Zhai,BGM Group,Chief Financial Officer
