ticker,company,website_domain,people
UMEW,UMeWorld,umeworld.com,Winfield Ding
QUCY,Quantum Cyber,quantum-cyber.ai,David Lazar
KZIA,Kazia Therapeutics,kaziatherapeutics.com,John Friend
VXRT,Vaxart,vaxart.com,Steven Lo; Jeroen Grasman
ZSTK,ZeroStack,zerostack.ai,Daniel Reis-Faria
ECOR,electroCore,electrocore.com,Mike Fox
CTOR,Citius Oncology,citiusonc.com,Leonard Mazur
BGM,BGM Group,bgmgroupltd.com,Hong Li; Yaxuan Zhai
CRDF,Cardiff Oncology,cardiffoncology.com,Joshua Muntner
NTRB,Nutriband,nutriband.com,Gerald Goodman
RNGE,Range Impact,rangeimpact.com,Michael Cavanaugh; Patricia Missal
LNSR,LENSAR,lensar.com,Michael Rossi
ATRA,Atara Biotherapeutics,atarabio.com,Kevin Sarney
TELO,Telomir Pharmaceuticals,telomir.com,Alan Weichselbaum
LFVN,LifeVantage,lifevantage.com,Terrence Moorehead
OKYO,OKYO Pharma,okyopharma.com,Keeren Shah
MAIA,MAIA Biotechnology,maiabiotech.com,Vlad Vitoc; Jeffrey Himmelreich
TENX,Tenax Therapeutics,tenax.com,Chris Giordano; Thomas Staab
RNTX,Rein Therapeutics,reintx.com,Brian Windsor; Timothy Cunningham
DRIO,DarioHealth,dariohealth.com,Erez Raphael; Chen Franco-Yehuda
PLRX,Pliant Therapeutics,pliantrx.com,Bernard Coulie; Keith Cummings
ACET,Adicet Bio,adicetbio.com,Chen Schor; Nick Harvey
XBIT,XBiotech,xbiotech.com,Sushma Shivaswamy; Angela Hu
CSBR,Champions Oncology,championsoncology.com,Rob Brainin; David Miller
HYFT,MindWalk,mindwalk.ai,Jennifer Bath; Scott Areglado
VISK,Viskase,viskase.com,Thomas Davis; Michael Blecic
FRMM,Forum Markets,forum-markets.com,McAndrew Rudisill; John Saunders
HRTX,Heron Therapeutics,herontx.com,Craig Collard; Ira Duarte
