First Name,Last Name,Full Name,Company Name,City,State,Country,Full Location,Type,Email,Phone,LinkedIn Profile URL,Job Title,Tags,Net Worth,Assigned To,Marketing Prospect Score,Is Investor,Status
Roderick,de Greef,Roderick de Greef,BioLife Solutions,,,,,individual,,,http://www.linkedin.com/in/roderick-de-greef-7895872,Chairman & Chief Executive Officer,Public Health Tech company,,,,,pending
Troy,Wichterman,Troy Wichterman,BioLife Solutions,,,,,individual,,,http://www.linkedin.com/in/troy-wichterman-70627913,Chief Financial Officer,Public Health Tech company,,,,,pending
Dorian,LeBlanc,Dorian LeBlanc,LeMaitre Vascular,,,,,individual,,,,Chief Financial Officer,Public Health Tech company,,,,,pending
Sandra,Harris,Sandra Harris,Establishment Labs,,,,,individual,,,http://www.linkedin.com/in/sandra-harris-1395118,Senior Vice President & Chief Financial Officer,Public Health Tech company,,,,,pending
Brent,Sabatini,Brent Sabatini,Vir Biotechnology,,,,,individual,,,http://www.linkedin.com/in/brent-sabatini-cpa-75b5458,"Interim Principal Financial Officer & SVP, Chief Accounting Officer",Public Health Tech company,,,,,pending
Steven,Pieper,Steven Pieper,Xeris Biopharma,,,,,individual,,,http://www.linkedin.com/in/steven-pieper-606137,Chief Financial Officer,Public Health Tech company,,,,,pending
Ian,Smith,Ian Smith,Stoke Therapeutics,,,,,individual,,,,Chief Executive Officer,Public Health Tech company,,,,,pending
Tommy,Leggett,Tommy Leggett,Stoke Therapeutics,,,,,individual,,,http://www.linkedin.com/in/tommy-leggett-a42210,Chief Financial Officer,Public Health Tech company,,,,,pending
Bahija,Jallal,Bahija Jallal,Immunocore,,,,,individual,,,http://www.linkedin.com/in/bahija-jallal,Chief Executive Officer,Public Health Tech company,,,,,pending
Christopher,Murphy,Christopher Murphy,AnaptysBio,,,,,individual,,,,Chief Financial Officer,Public Health Tech company,,,,,pending
Doug,Pagan,Doug Pagan,Kailera Therapeutics,,,,,individual,,,http://www.linkedin.com/in/douglas-pagan-352a703,Chief Financial Officer,Public Health Tech company,,,,,pending
Zhengbin,Yao,Zhengbin Yao,ArriVent BioPharma,,,,,individual,,,http://www.linkedin.com/in/zhengbin-bing-yao-4340b96,Chairman & Chief Executive Officer,Public Health Tech company,,,,,pending
Mark,Vignola,Mark Vignola,Korsana Biosciences,,,,,individual,,,http://www.linkedin.com/in/mark-vignola-aa463218,Chief Financial Officer,Public Health Tech company,,,,,pending
Stuart,Essig,Stuart Essig,Integra LifeSciences,,,,,individual,,,http://www.linkedin.com/in/stuart-essig-8459174,"Chairman, President & Chief Executive Officer",Public Health Tech company,,,,,pending
Sushil,Patel,Sushil Patel,Replimune,,,,,individual,,,http://www.linkedin.com/in/sushil-patel1,Chief Executive Officer,Public Health Tech company,,,,,pending
Emily,Hill,Emily Hill,Replimune,,,,,individual,,,http://www.linkedin.com/in/emily-hill-3b03876,Chief Financial Officer,Public Health Tech company,,,,,pending
Joseph,Miller,Joseph Miller,LB Pharmaceuticals,,,,,individual,,,,Chief Financial Officer,Public Health Tech company,,,,,pending
Jenn,Larson,Jenn Larson,Bicara Therapeutics,,,,,individual,,,,Chief Financial Officer,Public Health Tech company,,,,,pending
Deborah,Andrews,Deborah Andrews,STAAR Surgical,,,,,individual,,,http://www.linkedin.com/in/deborah-andrews-5b484112,Executive Vice President & Chief Financial Officer,Public Health Tech company,,,,,pending
Jack,Zhang,Jack Zhang,Amphastar Pharmaceuticals,,,,,individual,,,,Chief Executive Officer & President,Public Health Tech company,,,,,pending
Lance,Berry,Lance Berry,Artivion,,,,,individual,,,,"Executive Vice President, Chief Operating Officer & Chief Financial Officer",Public Health Tech company,,,,,pending
David,Campbell,David Campbell,Janux Therapeutics,,,,,individual,,,,"Founder, President & Chief Executive Officer",Public Health Tech company,,,,,pending
Tighe,Reardon,Tighe Reardon,Janux Therapeutics,,,,,individual,,,,Acting Chief Financial Officer,Public Health Tech company,,,,,pending
Jennifer,Fulk,Jennifer Fulk,Kura Oncology,,,,,individual,,,,Chief Financial Officer,Public Health Tech company,,,,,pending
Raul,Rodriguez,Raul Rodriguez,Rigel Pharmaceuticals,,,,,individual,,,http://www.linkedin.com/in/raulrrodriguez,President & Chief Executive Officer,Public Health Tech company,,,,,pending
Michael,Lau,Michael Lau,Anbio Biotechnology,,,,,individual,,,,Chief Executive Officer,Public Health Tech company,,,,,pending
Suki,Song,Suki Song,Anbio Biotechnology,,,,,individual,,,,Chief Financial Officer,Public Health Tech company,,,,,pending
Andrew,Goldberg,Andrew Goldberg,Achieve Life Sciences,,,,,individual,,,,Chief Executive Officer,Public Health Tech company,,,,,pending
Alexander,Cumbo,Alexander Cumbo,Solid Biosciences,,,,,individual,,,,President & Chief Executive Officer,Public Health Tech company,,,,,pending
Pratik,Shah,Pratik Shah,Design Therapeutics,,,,,individual,,,http://www.linkedin.com/in/teaks9,Chairperson & Chief Executive Officer,Public Health Tech company,,,,,pending
Neal,Walker,Neal Walker,Aclaris Therapeutics,,,,,individual,,,http://www.linkedin.com/in/dr-neal-walker-b741b4,Chief Executive Officer,Public Health Tech company,,,,,pending
Brent,Moen,Brent Moen,Anteris Technologies,,,,,individual,,,,Chief Financial Officer,Public Health Tech company,,,,,pending
Dan,Paterson,Dan Paterson,Verastem,,,,,individual,,,http://www.linkedin.com/in/dan-paterson-094b641,President & Chief Executive Officer,Public Health Tech company,,,,,pending
Kathy,Dong,Kathy Dong,Electra Therapeutics,,,,,individual,,,http://www.linkedin.com/in/kathydong-biotechceo,President & Chief Executive Officer,Public Health Tech company,,,,,pending
Ron,Bentsur,Ron Bentsur,Nuvectis Pharma,,,,,individual,,,http://www.linkedin.com/in/ron-bentsur-1218a6239,Chairman & Chief Executive Officer,Public Health Tech company,,,,,pending
Tony,Gibney,Tony Gibney,Aura Biosciences,,,,,individual,,,http://www.linkedin.com/in/tony-gibney-0a806643,Chief Financial & Business Officer,Public Health Tech company,,,,,pending
Sarah,Romano,Sarah Romano,SS Innovations International,,,,,individual,,,,Chief Financial Officer,Public Health Tech company,,,,,pending
Rick,Scalzo,Rick Scalzo,Crescent Biopharma,,,,,individual,,,http://www.linkedin.com/in/rickscalzo,Chief Financial Officer,Public Health Tech company,,,,,pending
Vishwas,Setia,Vishwas Setia,MapLight Therapeutics,,,,,individual,,,http://www.linkedin.com/in/vishsetia,Chief Financial Officer,Public Health Tech company,,,,,pending
Ronnie,Yaacov-Garbeli,Ronnie Yaacov-Garbeli,Entera Bio,,,,,individual,,,,Chief Financial Officer,Public Health Tech company,,,,,pending
Amir,London,Amir London,Kamada,,,,,individual,,,http://www.linkedin.com/in/amir-london-994aa92,Chief Executive Officer,Public Health Tech company,,,,,pending
Tran,Nguyen,Tran Nguyen,Prothena,,,,,individual,,,http://www.linkedin.com/in/tran-n-3031a3,Chief Financial Officer,Public Health Tech company,,,,,pending
Jean-Pierre,Sommadossi,Jean-Pierre Sommadossi,Atea Pharmaceuticals,,,,,individual,,,,"Chairman, CEO & President",Public Health Tech company,,,,,pending
Sam,Raha,Sam Raha,Myriad Genetics,,,,,individual,,,http://www.linkedin.com/in/samraha,President & CEO,Public Health Tech company,,,,,pending
Kendra,Adams,Kendra Adams,C4 Therapeutics,,,,,individual,,,http://www.linkedin.com/in/kendra-adams-3450691,Chief Financial Officer,Public Health Tech company,,,,,pending
Gilmore,O'Neill,Gilmore O'Neill,Editas Medicine,,,,,individual,,,,President & Chief Executive Officer,Public Health Tech company,,,,,pending
Craig,Parker,Craig Parker,Surrozen,,,,,individual,,,http://www.linkedin.com/in/craig-parker-603a044,Chief Executive Officer & President,Public Health Tech company,,,,,pending
Thad,Huston,Thad Huston,Artiva Biotherapeutics,,,,,individual,,,http://www.linkedin.com/in/thad-huston-729a17ab,Chief Financial Officer,Public Health Tech company,,,,,pending
Junyi,Dai,Junyi Dai,Indaptus Therapeutics,,,,,individual,,,,Chief Executive Officer & Chairman,Public Health Tech company,,,,,pending
Yu,Ding,Yu Ding,Indaptus Therapeutics,,,,,individual,,,,Chief Financial Officer,Public Health Tech company,,,,,pending
Kang-Huai,Wang,Kang-Huai Wang,CapsoVision,,,,,individual,,,,President & Chief Executive Officer,Public Health Tech company,,,,,pending
Kevin,Lundquist,Kevin Lundquist,CapsoVision,,,,,individual,,,http://www.linkedin.com/in/kml2244,Chief Financial Officer,Public Health Tech company,,,,,pending
Erqi,Wang,Erqi Wang,Jin Medical International,,,,,individual,,,http://www.linkedin.com/in/erqi-wang-2a7094288,Chief Executive Officer,Public Health Tech company,,,,,pending
Ziqiang,Wang,Ziqiang Wang,Jin Medical International,,,,,individual,,,,Chief Financial Officer,Public Health Tech company,,,,,pending
Johan,Spoor,Johan Spoor,Perspective Therapeutics,,,,,individual,,,,Chief Executive Officer,Public Health Tech company,,,,,pending
Mark,Hair,Mark Hair,Treace Medical Concepts,,,,,individual,,,,Chief Financial Officer,Public Health Tech company,,,,,pending
Jacob,Lalezari,Jacob Lalezari,CytoDyn,,,,,individual,,,,Chief Executive Officer,Public Health Tech company,,,,,pending
Robert,Hoffman,Robert Hoffman,CytoDyn,,,,,individual,,,,Chief Financial Officer,Public Health Tech company,,,,,pending
Gaurav,Shah,Gaurav Shah,Rocket Pharmaceuticals,,,,,individual,,,,Chief Executive Officer,Public Health Tech company,,,,,pending
Aaron,Ondrey,Aaron Ondrey,Rocket Pharmaceuticals,,,,,individual,,,,Chief Financial Officer,Public Health Tech company,,,,,pending
Bahram,Valamehr,Bahram Valamehr,Fate Therapeutics,,,,,individual,,,,President & Chief Executive Officer,Public Health Tech company,,,,,pending
Kamal,Adawi,Kamal Adawi,Fate Therapeutics,,,,,individual,,,,Chief Financial Officer,Public Health Tech company,,,,,pending
Michael,Egholm,Michael Egholm,Standard BioTools,,,,,individual,,,,President & Chief Executive Officer,Public Health Tech company,,,,,pending
Alex,Kim,Alex Kim,Standard BioTools,,,,,individual,,,,Chief Financial Officer,Public Health Tech company,,,,,pending
Rand,Sutherland,Rand Sutherland,Upstream Bio,,,,,individual,,,,Chief Executive Officer,Public Health Tech company,,,,,pending
Mike,Gray,Mike Gray,Upstream Bio,,,,,individual,,,,Chief Financial Officer & Chief Operating Officer,Public Health Tech company,,,,,pending
Jay,Duker,Jay Duker,EyePoint,,,,,individual,,,,President & Chief Executive Officer,Public Health Tech company,,,,,pending
George,Elston,George Elston,EyePoint,,,,,individual,,,,"Executive Vice President, Chief Financial Officer",Public Health Tech company,,,,,pending
Adam,Craig,Adam Craig,X4 Pharmaceuticals,,,,,individual,,,,Executive Chairman (no CEO; principal executive),Public Health Tech company,,,,,pending
David,Kirske,David Kirske,X4 Pharmaceuticals,,,,,individual,,,,Chief Financial Officer,Public Health Tech company,,,,,pending
Mark,Iwicki,Mark Iwicki,Inhibikase Therapeutics,,,,,individual,,,,Chief Executive Officer,Public Health Tech company,,,,,pending
David,McIntyre,David McIntyre,Inhibikase Therapeutics,,,,,individual,,,,Chief Financial Officer,Public Health Tech company,,,,,pending
Nolan,Townsend,Nolan Townsend,Lexeo Therapeutics,,,,,individual,,,,Chief Executive Officer,Public Health Tech company,,,,,pending
Louis,Tamayo,Louis Tamayo,Lexeo Therapeutics,,,,,individual,,,,Chief Financial Officer,Public Health Tech company,,,,,pending
Alex,Sapir,Alex Sapir,Fulcrum Therapeutics,,,,,individual,,,,President & Chief Executive Officer,Public Health Tech company,,,,,pending
Alan,Musso,Alan Musso,Fulcrum Therapeutics,,,,,individual,,,,Chief Financial Officer,Public Health Tech company,,,,,pending
Snehal,Patel,Snehal Patel,Greenwich LifeSciences,,,,,individual,,,,Chief Executive Officer & Chief Financial Officer,Public Health Tech company,,,,,pending
Richard,Kaiser,Richard Kaiser,BioForce Nanosciences,,,,,individual,,,,Interim Chief Executive Officer & Chief Financial Officer,Public Health Tech company,,,,,pending
Aaron,Berg,Aaron Berg,Amarin,,,,,individual,,,,President & Chief Executive Officer,Public Health Tech company,,,,,pending
Peter,Fishman,Peter Fishman,Amarin,,,,,individual,,,,Chief Financial Officer,Public Health Tech company,,,,,pending
Martin,Zügel,Martin Zügel,AC Immune,,,,,individual,,,,Interim Chief Executive Officer,Public Health Tech company,,,,,pending
Christopher,Roberts,Christopher Roberts,AC Immune,,,,,individual,,,,Chief Financial Officer,Public Health Tech company,,,,,pending
Mary,Szela,Mary Szela,TriSalus Life Sciences,,,,,individual,,,,President & Chief Executive Officer,Public Health Tech company,,,,,pending
David,Patience,David Patience,TriSalus Life Sciences,,,,,individual,,,,Chief Financial Officer,Public Health Tech company,,,,,pending
Jane,Chung,Jane Chung,Sutro Biopharma,,,,,individual,,,,Chief Executive Officer,Public Health Tech company,,,,,pending
Gregory,Chow,Gregory Chow,Sutro Biopharma,,,,,individual,,,,Chief Financial Officer,Public Health Tech company,,,,,pending
Niels,Riedemann,Niels Riedemann,InflaRx,,,,,individual,,,,Chief Executive Officer,Public Health Tech company,,,,,pending
Thomas,Taapken,Thomas Taapken,InflaRx,,,,,individual,,,,Chief Financial Officer,Public Health Tech company,,,,,pending
Ben,Zeskind,Ben Zeskind,Immuneering,,,,,individual,,,,Co-Founder & Chief Executive Officer,Public Health Tech company,,,,,pending
Andrew,Gengos,Andrew Gengos,Immuneering,,,,,individual,,,,Chief Financial Officer,Public Health Tech company,,,,,pending
Carrie,Eglinton Manner,Carrie Eglinton Manner,OraSure Technologies,,,,,individual,,,,President & Chief Executive Officer,Public Health Tech company,,,,,pending
Kenneth,McGrath,Kenneth McGrath,OraSure Technologies,,,,,individual,,,,Chief Financial Officer,Public Health Tech company,,,,,pending
Kevin,Guest,Kevin Guest,USANA Health Sciences,,,,,individual,,,,Chief Executive Officer,Public Health Tech company,,,,,pending
Douglas,Hekking,Douglas Hekking,USANA Health Sciences,,,,,individual,,,,Chief Financial Officer,Public Health Tech company,,,,,pending
Steve,Griffin,Steve Griffin,Anika Therapeutics,,,,,individual,,,,Chief Executive Officer,Public Health Tech company,,,,,pending
Steve,Griffin,Steve Griffin,Anika Therapeutics,,,,,individual,,,,Principal Financial Officer (CFO role vacant),Public Health Tech company,,,,,pending
Julie,Eastland,Julie Eastland,Zentalis Pharmaceuticals,,,,,individual,,,,"Chief Executive Officer, President",Public Health Tech company,,,,,pending
Melissa,Epperly,Melissa Epperly,Zentalis Pharmaceuticals,,,,,individual,,,,Chief Financial Officer,Public Health Tech company,,,,,pending
Nasrat,Hakim,Nasrat Hakim,Elite Pharmaceuticals,,,,,individual,,,,"Chairman, President & Chief Executive Officer",Public Health Tech company,,,,,pending
Carter,Ward,Carter Ward,Elite Pharmaceuticals,,,,,individual,,,,Chief Financial Officer,Public Health Tech company,,,,,pending
Kevin,Lee,Kevin Lee,Bicycle Therapeutics,,,,,individual,,,,Chief Executive Officer,Public Health Tech company,,,,,pending
Kory,Wentworth,Kory Wentworth,Entrada Therapeutics,,,,,individual,,,http://www.linkedin.com/in/korywentworth,Chief Financial Officer & Treasurer,Public Health Tech company,,,,,pending
J.D.,Finley,J.D. Finley,Palisade Bio,,,,,individual,,,,Chief Executive Officer and Chief Financial Officer,Public Health Tech company,,,,,pending
Mike,Cloonan,Mike Cloonan,Sionna Therapeutics,,,,,individual,,,http://www.linkedin.com/in/michael-cloonan-74b0bb1,President & CEO,Public Health Tech company,,,,,pending
Tyler,Zeronda,Tyler Zeronda,Yarrow Bioscience,,,,,individual,,,http://www.linkedin.com/in/tyler-zeronda-cpa-41b2ab21,Chief Financial Officer,Public Health Tech company,,,,,pending
David-Alexandre,Gros,David-Alexandre Gros,Eledon Pharmaceuticals,,,,,individual,,,http://www.linkedin.com/in/dagros,Chief Executive Officer,Public Health Tech company,,,,,pending
Avraham,Gabay,Avraham Gabay,Oramed Pharmaceuticals,,,,,individual,,,,Chief Financial Officer,Public Health Tech company,,,,,pending
Shao-Lee,Lin,Shao-Lee Lin,Cue Biopharma,,,,,individual,,,,"President, CEO & Director",Public Health Tech company,,,,,pending
James,Ahlers,James Ahlers,Cue Biopharma,,,,,individual,,,,Chief Financial Officer,Public Health Tech company,,,,,pending
Pamela,Connealy,Pamela Connealy,Pyxis Oncology,,,,,individual,,,http://www.linkedin.com/in/pamyanchik,Chief Financial Officer & Chief Operating Officer,Public Health Tech company,,,,,pending
Raju,Willener,Raju Willener,Veraxa Biotech,,,,,individual,,,,Chief Financial Officer,Public Health Tech company,,,,,pending
Ken,Mobeck,Ken Mobeck,EDAP TMS,,,,,individual,,,,Chief Financial Officer,Public Health Tech company,,,,,pending
Daniel,O'Connell,Daniel O'Connell,Acumen Pharmaceuticals,,,,,individual,,,http://www.linkedin.com/in/daniel-o-connell-48b931,President & Chief Executive Officer,Public Health Tech company,,,,,pending
Dennis,McGrath,Dennis McGrath,Lucid Diagnostics,,,,,individual,,,http://www.linkedin.com/in/dennis-mcgrath-208189,Chief Financial Officer,Public Health Tech company,,,,,pending
Fu-Feng,Kuo,Fu-Feng Kuo,Jyong Biotech,,,,,individual,,,,Chief Executive Officer & Chairwoman,Public Health Tech company,,,,,pending
Wei,Zhang,Wei Zhang,Jyong Biotech,,,,,individual,,,,Chief Financial Officer,Public Health Tech company,,,,,pending
Kevin,Lundquist,Kevin Lundquist,Outlook Therapeutics,,,,,individual,,,,Chief Financial Officer,Public Health Tech company,,,,,pending
Michael,Kazley,Michael Kazley,Stablecoin Development Corporation,,,,,individual,,,http://www.linkedin.com/in/michael-kazley,Chairman & Chief Executive Officer,Public Health Tech company,,,,,pending
Kath,Gallagher,Kath Gallagher,Atrium Therapeutics,,,,,individual,,,,President & Chief Executive Officer,Public Health Tech company,,,,,pending
Brendan,Winslow,Brendan Winslow,Atrium Therapeutics,,,,,individual,,,,Chief Financial Officer,Public Health Tech company,,,,,pending
Sriram,Ryali,Sriram Ryali,Caribou Biosciences,,,,,individual,,,,Chief Financial Officer,Public Health Tech company,,,,,pending
Henry,Ji,Henry Ji,Semnur Pharmaceuticals,,,,,individual,,,,"Executive Chairman, Chief Executive Officer & President",Public Health Tech company,,,,,pending
Stephen,Ma,Stephen Ma,Semnur Pharmaceuticals,,,,,individual,,,,"Chief Operating Officer (formerly SVP, CFO)",Public Health Tech company,,,,,pending
Christine,Deister,Christine Deister,Harbor Diversified,,,,,individual,,,,Chief Executive Officer,Public Health Tech company,,,,,pending
Gregg,Garvey,Gregg Garvey,Harbor Diversified,,,,,individual,,,,Chief Financial Officer,Public Health Tech company,,,,,pending
Michael,Carulli,Michael Carulli,PMV Pharmaceuticals,,,,,individual,,,http://www.linkedin.com/in/michael-carulli-a29195,Chief Financial Officer,Public Health Tech company,,,,,pending
Winfield,Ding,Winfield Ding,UMeWorld,,,,,individual,,,,Chief Financial Officer,Public Health Tech company,,,,,pending
David,Lazar,David Lazar,Quantum Cyber,,,,,individual,,,,Chief Executive Officer,Public Health Tech company,,,,,pending
John,Friend,John Friend,Kazia Therapeutics,,,,,individual,,,http://www.linkedin.com/in/john-friend-6747872,Chief Executive Officer,Public Health Tech company,,,,,pending
Steven,Lo,Steven Lo,Vaxart,,,,,individual,,,,President & Chief Executive Officer,Public Health Tech company,,,,,pending
Jeroen,Grasman,Jeroen Grasman,Vaxart,,,,,individual,,,http://www.linkedin.com/in/jeroen-grasman-2763b02,Chief Financial Officer,Public Health Tech company,,,,,pending
Daniel,Reis-Faria,Daniel Reis-Faria,ZeroStack,,,,,individual,,,,Chief Executive Officer,Public Health Tech company,,,,,pending
Mike,Fox,Mike Fox,electroCore,,,,,individual,,,,Co-Chief Executive Officer,Public Health Tech company,,,,,pending
Leonard,Mazur,Leonard Mazur,Citius Oncology,,,,,individual,,,,Chairman & Chief Executive Officer,Public Health Tech company,,,,,pending
Hong,Li,Hong Li,BGM Group,,,,,individual,,,,Co-Chief Executive Officer,Public Health Tech company,,,,,pending
Yaxuan,Zhai,Yaxuan Zhai,BGM Group,,,,,individual,,,,Chief Financial Officer,Public Health Tech company,,,,,pending
Joshua,Muntner,Joshua Muntner,Cardiff Oncology,,,,,individual,,,,Chief Financial Officer,Public Health Tech company,,,,,pending
Gerald,Goodman,Gerald Goodman,Nutriband,,,,,individual,,,,Chief Financial Officer,Public Health Tech company,,,,,pending
Michael,Cavanaugh,Michael Cavanaugh,Range Impact,,,,,individual,,,http://www.linkedin.com/in/michael-cavanaugh-b53a0323,Chief Executive Officer,Public Health Tech company,,,,,pending
Patricia,Missal,Patricia Missal,Range Impact,,,,,individual,,,,Chief Financial Officer,Public Health Tech company,,,,,pending
Michael,Rossi,Michael Rossi,LENSAR,,,,,individual,,,,Interim Chief Financial Officer,Public Health Tech company,,,,,pending
Kevin,Sarney,Kevin Sarney,Atara Biotherapeutics,,,,,individual,,,,Interim Chief Financial Officer,Public Health Tech company,,,,,pending
Alan,Weichselbaum,Alan Weichselbaum,Telomir Pharmaceuticals,,,,,individual,,,,Chief Financial Officer,Public Health Tech company,,,,,pending
Terrence,Moorehead,Terrence Moorehead,LifeVantage,,,,,individual,,,,President & Chief Executive Officer,Public Health Tech company,,,,,pending
Keeren,Shah,Keeren Shah,OKYO Pharma,,,,,individual,,,,Chief Financial Officer,Public Health Tech company,,,,,pending
Vlad,Vitoc,Vlad Vitoc,MAIA Biotechnology,,,,,individual,,,,Chief Executive Officer & President,Public Health Tech company,,,,,pending
Jeffrey,Himmelreich,Jeffrey Himmelreich,MAIA Biotechnology,,,,,individual,,,,Head of Finance & Principal Financial Officer,Public Health Tech company,,,,,pending
Chris,Giordano,Chris Giordano,Tenax Therapeutics,,,,,individual,,,,President & Chief Executive Officer,Public Health Tech company,,,,,pending
Thomas,Staab,Thomas Staab,Tenax Therapeutics,,,,,individual,,,,Chief Financial Officer,Public Health Tech company,,,,,pending
Brian,Windsor,Brian Windsor,Rein Therapeutics,,,,,individual,,,,President & Chief Executive Officer,Public Health Tech company,,,,,pending
Timothy,Cunningham,Timothy Cunningham,Rein Therapeutics,,,,,individual,,,,Interim Chief Financial Officer,Public Health Tech company,,,,,pending
Erez,Raphael,Erez Raphael,DarioHealth,,,,,individual,,,,Chief Executive Officer,Public Health Tech company,,,,,pending
Chen,Franco-Yehuda,Chen Franco-Yehuda,DarioHealth,,,,,individual,,,,Chief Financial Officer,Public Health Tech company,,,,,pending
Bernard,Coulie,Bernard Coulie,Pliant Therapeutics,,,,,individual,,,,President & Chief Executive Officer,Public Health Tech company,,,,,pending
Keith,Cummings,Keith Cummings,Pliant Therapeutics,,,,,individual,,,,Chief Financial Officer,Public Health Tech company,,,,,pending
Chen,Schor,Chen Schor,Adicet Bio,,,,,individual,,,,President & Chief Executive Officer,Public Health Tech company,,,,,pending
Nick,Harvey,Nick Harvey,Adicet Bio,,,,,individual,,,,Chief Financial Officer,Public Health Tech company,,,,,pending
Sushma,Shivaswamy,Sushma Shivaswamy,XBiotech,,,,,individual,,,,Interim CEO & Chief Scientific Officer,Public Health Tech company,,,,,pending
Angela,Hu,Angela Hu,XBiotech,,,,,individual,,,,"Interim Chief Financial Officer (Director of Finance, Principal Financial Officer)",Public Health Tech company,,,,,pending
Rob,Brainin,Rob Brainin,Champions Oncology,,,,,individual,,,,Chief Executive Officer,Public Health Tech company,,,,,pending
David,Miller,David Miller,Champions Oncology,,,,,individual,,,,Chief Financial Officer,Public Health Tech company,,,,,pending
Jennifer,Bath,Jennifer Bath,MindWalk,,,,,individual,,,,Chief Executive Officer & President,Public Health Tech company,,,,,pending
Scott,Areglado,Scott Areglado,MindWalk,,,,,individual,,,,Chief Financial Officer,Public Health Tech company,,,,,pending
Thomas,Davis,Thomas Davis,Viskase,,,,,individual,,,,Chief Executive Officer,Public Health Tech company,,,,,pending
Michael,Blecic,Michael Blecic,Viskase,,,,,individual,,,,Chief Financial Officer,Public Health Tech company,,,,,pending
McAndrew,Rudisill,McAndrew Rudisill,Forum Markets,,,,,individual,,,,Executive Chairman & Chief Executive Officer,Public Health Tech company,,,,,pending
John,Saunders,John Saunders,Forum Markets,,,,,individual,,,,Chief Financial Officer,Public Health Tech company,,,,,pending
Craig,Collard,Craig Collard,Heron Therapeutics,,,,,individual,,,,Chief Executive Officer,Public Health Tech company,,,,,pending
Ira,Duarte,Ira Duarte,Heron Therapeutics,,,,,individual,,,,Executive Vice President & Chief Financial Officer,Public Health Tech company,,,,,pending
Jennifer,Buell,Jennifer Buell,MiNK Therapeutics,,,,,individual,,,,President & Chief Executive Officer,Public Health Tech company,,,,,pending
Melissa,Orilall,Melissa Orilall,MiNK Therapeutics,,,,,individual,,,,Chief Financial Officer,Public Health Tech company,,,,,pending
Sandy,Macrae,Sandy Macrae,Sangamo Therapeutics,,,,,individual,,,,Chief Executive Officer,Public Health Tech company,,,,,pending
Nikunj,Jain,Nikunj Jain,Sangamo Therapeutics,,,,,individual,,,,Interim Chief Financial Officer,Public Health Tech company,,,,,pending
Andrew,Oxtoby,Andrew Oxtoby,Kalaris Therapeutics,,,,,individual,,,,President & Chief Executive Officer,Public Health Tech company,,,,,pending
Liisa,Bayko,Liisa Bayko,Kalaris Therapeutics,,,,,individual,,,,Chief Financial Officer,Public Health Tech company,,,,,pending
Vincent,Angotti,Vincent Angotti,Talphera,,,,,individual,,,,Chief Executive Officer,Public Health Tech company,,,,,pending
Raffi,Asadorian,Raffi Asadorian,Talphera,,,,,individual,,,,Chief Financial Officer,Public Health Tech company,,,,,pending
David,Jorden,David Jorden,Nuo Therapeutics,,,,,individual,,,,Chief Executive Officer & Chief Financial Officer,Public Health Tech company,,,,,pending
Geordan,Pursglove,Geordan Pursglove,Nomad Power Solutions,,,,,individual,,,,"Chairman, President & Chief Executive Officer",Public Health Tech company,,,,,pending
Peter,Stazzone,Peter Stazzone,Nomad Power Solutions,,,,,individual,,,,Chief Financial Officer,Public Health Tech company,,,,,pending
Sumit,Aggarwal,Sumit Aggarwal,Eloxx Pharmaceuticals,,,,,individual,,,,President & Chief Executive Officer,Public Health Tech company,,,,,pending
Daniel,Geffken,Daniel Geffken,Eloxx Pharmaceuticals,,,,,individual,,,,Interim Chief Financial Officer,Public Health Tech company,,,,,pending
Denise,Scots-Knight,Denise Scots-Knight,Mereo BioPharma,,,,,individual,,,,Chief Executive Officer,Public Health Tech company,,,,,pending
Christine,Fox,Christine Fox,Mereo BioPharma,,,,,individual,,,,Chief Financial Officer,Public Health Tech company,,,,,pending
Michael,McGarrity,Michael McGarrity,MDxHealth,,,,,individual,,,,Chief Executive Officer,Public Health Tech company,,,,,pending
Ron,Kalfus,Ron Kalfus,MDxHealth,,,,,individual,,,,Interim Chief Financial Officer,Public Health Tech company,,,,,pending
Rene,Russo,Rene Russo,Xilio Therapeutics,,,,,individual,,,,President & Chief Executive Officer,Public Health Tech company,,,,,pending
Christopher,Frankenfield,Christopher Frankenfield,Xilio Therapeutics,,,,,individual,,,,Chief Financial Officer & Chief Operating Officer,Public Health Tech company,,,,,pending
Rob,Etherington,Rob Etherington,Clene,,,,,individual,,,,President & Chief Executive Officer,Public Health Tech company,,,,,pending
Morgan,Brown,Morgan Brown,Clene,,,,,individual,,,,Chief Financial Officer,Public Health Tech company,,,,,pending
Hyunsu,Jung,Hyunsu Jung,Hyperion DeFi,,,,,individual,,,,Chief Executive Officer,Public Health Tech company,,,,,pending
David,Knox,David Knox,Hyperion DeFi,,,,,individual,,,,Chief Financial Officer,Public Health Tech company,,,,,pending
Adel,Abdullah,Adel Abdullah,Positron,,,,,individual,,,,President & Chairman (Principal Executive & Financial Officer),Public Health Tech company,,,,,pending
Guus,Franke,Guus Franke,Circle8 Group,,,,,individual,,,,Chief Executive Officer,Public Health Tech company,,,,,pending
Kevin,Murphy,Kevin Murphy,Circle8 Group,,,,,individual,,,,Chief Financial Officer,Public Health Tech company,,,,,pending
Leslie,Trigg,Leslie Trigg,Outset Medical,,,,,individual,,,,"Chair, President & Chief Executive Officer",Public Health Tech company,,,,,pending
Renee,Gaeta,Renee Gaeta,Outset Medical,,,,,individual,,,,Chief Financial Officer,Public Health Tech company,,,,,pending
Zachary,Hornby,Zachary Hornby,Boundless Bio,,,,,individual,,,,President & Chief Executive Officer,Public Health Tech company,,,,,pending
David,Hinkle,David Hinkle,Boundless Bio,,,,,individual,,,,Senior Vice President & Principal Financial Officer,Public Health Tech company,,,,,pending
Maria,Maccecchini,Maria Maccecchini,Annovis Bio,,,,,individual,,,,"Founder, President, Chief Executive Officer & Acting Chief Financial Officer",Public Health Tech company,,,,,pending
David,Moss,David Moss,INmune Bio,,,,,individual,,,,Chief Executive Officer,Public Health Tech company,,,,,pending
Cory,Ellspermann,Cory Ellspermann,INmune Bio,,,,,individual,,,,Chief Financial Officer,Public Health Tech company,,,,,pending
Jason,Matuszewski,Jason Matuszewski,BioStem Technologies,,,,,individual,,,,Chief Executive Officer,Public Health Tech company,,,,,pending
Brent,Lucas,Brent Lucas,Envoy Medical,,,,,individual,,,,Chief Executive Officer,Public Health Tech company,,,,,pending
Robert,Potashnick,Robert Potashnick,Envoy Medical,,,,,individual,,,,Chief Accounting Officer & Vice President of Finance (principal financial officer),Public Health Tech company,,,,,pending
Erez,Meltzer,Erez Meltzer,Nano-X Imaging,,,,,individual,,,,Chief Executive Officer,Public Health Tech company,,,,,pending
Guy,Nathanzon,Guy Nathanzon,Nano-X Imaging,,,,,individual,,,,Chief Financial Officer,Public Health Tech company,,,,,pending
Kevin,Hykes,Kevin Hykes,CVRx,,,,,individual,,,,President & Chief Executive Officer,Public Health Tech company,,,,,pending
Jared,Oasheim,Jared Oasheim,CVRx,,,,,individual,,,,Chief Financial Officer (successor John Landry starts after Q3 2026 10-Q),Public Health Tech company,,,,,pending
Kristin,Yarema,Kristin Yarema,ImageneBio,,,,,individual,,,,Chief Executive Officer & Interim Principal Financial Officer,Public Health Tech company,,,,,pending
Vincent,Capone,Vincent Capone,Spectral AI,,,,,individual,,,,Chief Executive Officer,Public Health Tech company,,,,,pending
David,McGuire,David McGuire,Spectral AI,,,,,individual,,,,Chief Financial Officer,Public Health Tech company,,,,,pending
Sean,Browne,Sean Browne,Xtant Medical,,,,,individual,,,,President & Chief Executive Officer,Public Health Tech company,,,,,pending
Scott,Neils,Scott Neils,Xtant Medical,,,,,individual,,,,Chief Financial Officer,Public Health Tech company,,,,,pending