First Name,Last Name,Full Name,Company Name,City,State,Country,Full Location,Type,Email,Phone,LinkedIn Profile URL,Job Title,Tags,Net Worth,Assigned To,Marketing Prospect Score,Is Investor,Status,ticker,domain,known_pattern
Roderick,de Greef,Roderick de Greef,BioLife Solutions,,,,,individual,,,http://www.linkedin.com/in/roderick-de-greef-7895872,Chairman & Chief Executive Officer,Public Health Tech company,,,,,pending,BLFS,biolifesolutions.com,
Troy,Wichterman,Troy Wichterman,BioLife Solutions,,,,,individual,,,http://www.linkedin.com/in/troy-wichterman-70627913,Chief Financial Officer,Public Health Tech company,,,,,pending,BLFS,biolifesolutions.com,
Dorian,LeBlanc,Dorian LeBlanc,LeMaitre Vascular,,,,,individual,,,,Chief Financial Officer,Public Health Tech company,,,,,pending,LMAT,lemaitre.com,
Sandra,Harris,Sandra Harris,Establishment Labs,,,,,individual,,,http://www.linkedin.com/in/sandra-harris-1395118,Senior Vice President & Chief Financial Officer,Public Health Tech company,,,,,pending,ESTA,establishmentlabs.com,
Brent,Sabatini,Brent Sabatini,Vir Biotechnology,,,,,individual,,,http://www.linkedin.com/in/brent-sabatini-cpa-75b5458,"Interim Principal Financial Officer & SVP, Chief Accounting Officer",Public Health Tech company,,,,,pending,VIR,vir.bio,
Steven,Pieper,Steven Pieper,Xeris Biopharma,,,,,individual,,,http://www.linkedin.com/in/steven-pieper-606137,Chief Financial Officer,Public Health Tech company,,,,,pending,XERS,xerispharma.com,
Ian,Smith,Ian Smith,Stoke Therapeutics,,,,,individual,,,,Chief Executive Officer,Public Health Tech company,,,,,pending,STOK,stoketherapeutics.com,
Tommy,Leggett,Tommy Leggett,Stoke Therapeutics,,,,,individual,,,http://www.linkedin.com/in/tommy-leggett-a42210,Chief Financial Officer,Public Health Tech company,,,,,pending,STOK,stoketherapeutics.com,
Bahija,Jallal,Bahija Jallal,Immunocore,,,,,individual,,,http://www.linkedin.com/in/bahija-jallal,Chief Executive Officer,Public Health Tech company,,,,,pending,IMCR,immunocore.com,
Christopher,Murphy,Christopher Murphy,AnaptysBio,,,,,individual,,,,Chief Financial Officer,Public Health Tech company,,,,,pending,ANAB,anaptysbio.com,
Doug,Pagan,Doug Pagan,Kailera Therapeutics,,,,,individual,,,http://www.linkedin.com/in/douglas-pagan-352a703,Chief Financial Officer,Public Health Tech company,,,,,pending,KLRA,kailera.com,
Zhengbin,Yao,Zhengbin Yao,ArriVent BioPharma,,,,,individual,,,http://www.linkedin.com/in/zhengbin-bing-yao-4340b96,Chairman & Chief Executive Officer,Public Health Tech company,,,,,pending,AVBP,arrivent.com,
Mark,Vignola,Mark Vignola,Korsana Biosciences,,,,,individual,,,http://www.linkedin.com/in/mark-vignola-aa463218,Chief Financial Officer,Public Health Tech company,,,,,pending,KRSA,korsana.com,
Stuart,Essig,Stuart Essig,Integra LifeSciences,,,,,individual,,,http://www.linkedin.com/in/stuart-essig-8459174,"Chairman, President & Chief Executive Officer",Public Health Tech company,,,,,pending,IART,integralife.com,
Sushil,Patel,Sushil Patel,Replimune,,,,,individual,,,http://www.linkedin.com/in/sushil-patel1,Chief Executive Officer,Public Health Tech company,,,,,pending,REPL,replimune.com,
Emily,Hill,Emily Hill,Replimune,,,,,individual,,,http://www.linkedin.com/in/emily-hill-3b03876,Chief Financial Officer,Public Health Tech company,,,,,pending,REPL,replimune.com,
Joseph,Miller,Joseph Miller,LB Pharmaceuticals,,,,,individual,,,,Chief Financial Officer,Public Health Tech company,,,,,pending,LBRX,lbpharma.us,
Jenn,Larson,Jenn Larson,Bicara Therapeutics,,,,,individual,,,,Chief Financial Officer,Public Health Tech company,,,,,pending,BCAX,bicara.com,
Deborah,Andrews,Deborah Andrews,STAAR Surgical,,,,,individual,,,http://www.linkedin.com/in/deborah-andrews-5b484112,Executive Vice President & Chief Financial Officer,Public Health Tech company,,,,,pending,STAA,staar.com,
Jack,Zhang,Jack Zhang,Amphastar Pharmaceuticals,,,,,individual,,,,Chief Executive Officer & President,Public Health Tech company,,,,,pending,AMPH,amphastar.com,
Lance,Berry,Lance Berry,Artivion,,,,,individual,,,,"Executive Vice President, Chief Operating Officer & Chief Financial Officer",Public Health Tech company,,,,,pending,AORT,artivion.com,
David,Campbell,David Campbell,Janux Therapeutics,,,,,individual,,,,"Founder, President & Chief Executive Officer",Public Health Tech company,,,,,pending,JANX,janux.com,
Tighe,Reardon,Tighe Reardon,Janux Therapeutics,,,,,individual,,,,Acting Chief Financial Officer,Public Health Tech company,,,,,pending,JANX,janux.com,
Jennifer,Fulk,Jennifer Fulk,Kura Oncology,,,,,individual,,,,Chief Financial Officer,Public Health Tech company,,,,,pending,KURA,kuraoncology.com,
Raul,Rodriguez,Raul Rodriguez,Rigel Pharmaceuticals,,,,,individual,,,http://www.linkedin.com/in/raulrrodriguez,President & Chief Executive Officer,Public Health Tech company,,,,,pending,RIGL,rigel.com,
Michael,Lau,Michael Lau,Anbio Biotechnology,,,,,individual,,,,Chief Executive Officer,Public Health Tech company,,,,,pending,NNNN,anbio.com,
Suki,Song,Suki Song,Anbio Biotechnology,,,,,individual,,,,Chief Financial Officer,Public Health Tech company,,,,,pending,NNNN,anbio.com,
Andrew,Goldberg,Andrew Goldberg,Achieve Life Sciences,,,,,individual,,,,Chief Executive Officer,Public Health Tech company,,,,,pending,ACHV,achievelifesciences.com,
Alexander,Cumbo,Alexander Cumbo,Solid Biosciences,,,,,individual,,,,President & Chief Executive Officer,Public Health Tech company,,,,,pending,SLDB,solidbio.com,
Pratik,Shah,Pratik Shah,Design Therapeutics,,,,,individual,,,http://www.linkedin.com/in/teaks9,Chairperson & Chief Executive Officer,Public Health Tech company,,,,,pending,DSGN,designtx.com,
Neal,Walker,Neal Walker,Aclaris Therapeutics,,,,,individual,,,http://www.linkedin.com/in/dr-neal-walker-b741b4,Chief Executive Officer,Public Health Tech company,,,,,pending,ACRS,aclaris.com,
Brent,Moen,Brent Moen,Anteris Technologies,,,,,individual,,,,Chief Financial Officer,Public Health Tech company,,,,,pending,AVR,anteristech.com,
Dan,Paterson,Dan Paterson,Verastem,,,,,individual,,,http://www.linkedin.com/in/dan-paterson-094b641,President & Chief Executive Officer,Public Health Tech company,,,,,pending,VSTM,verastem.com,
Kathy,Dong,Kathy Dong,Electra Therapeutics,,,,,individual,,,http://www.linkedin.com/in/kathydong-biotechceo,President & Chief Executive Officer,Public Health Tech company,,,,,pending,ETRA,electra-therapeutics.com,
Ron,Bentsur,Ron Bentsur,Nuvectis Pharma,,,,,individual,,,http://www.linkedin.com/in/ron-bentsur-1218a6239,Chairman & Chief Executive Officer,Public Health Tech company,,,,,pending,NVCT,nuvectis.com,
Tony,Gibney,Tony Gibney,Aura Biosciences,,,,,individual,,,http://www.linkedin.com/in/tony-gibney-0a806643,Chief Financial & Business Officer,Public Health Tech company,,,,,pending,AURA,aurabiosciences.com,
Sarah,Romano,Sarah Romano,SS Innovations International,,,,,individual,,,,Chief Financial Officer,Public Health Tech company,,,,,pending,SSII,ssinnovations.com,
Rick,Scalzo,Rick Scalzo,Crescent Biopharma,,,,,individual,,,http://www.linkedin.com/in/rickscalzo,Chief Financial Officer,Public Health Tech company,,,,,pending,CBIO,crescentbiopharma.com,
Vishwas,Setia,Vishwas Setia,MapLight Therapeutics,,,,,individual,,,http://www.linkedin.com/in/vishsetia,Chief Financial Officer,Public Health Tech company,,,,,pending,MPLT,maplightrx.com,
Ronnie,Yaacov-Garbeli,Ronnie Yaacov-Garbeli,Entera Bio,,,,,individual,,,,Chief Financial Officer,Public Health Tech company,,,,,pending,ENTX,enterabio.com,
Amir,London,Amir London,Kamada,,,,,individual,,,http://www.linkedin.com/in/amir-london-994aa92,Chief Executive Officer,Public Health Tech company,,,,,pending,KMDA,kamada.com,
Tran,Nguyen,Tran Nguyen,Prothena,,,,,individual,,,http://www.linkedin.com/in/tran-n-3031a3,Chief Financial Officer,Public Health Tech company,,,,,pending,PRTA,prothena.com,
Jean-Pierre,Sommadossi,Jean-Pierre Sommadossi,Atea Pharmaceuticals,,,,,individual,,,,"Chairman, CEO & President",Public Health Tech company,,,,,pending,AVIR,ateapharma.com,
Sam,Raha,Sam Raha,Myriad Genetics,,,,,individual,,,http://www.linkedin.com/in/samraha,President & CEO,Public Health Tech company,,,,,pending,MYGN,myriad.com,
Kendra,Adams,Kendra Adams,C4 Therapeutics,,,,,individual,,,http://www.linkedin.com/in/kendra-adams-3450691,Chief Financial Officer,Public Health Tech company,,,,,pending,CCCC,c4therapeutics.com,
Gilmore,O'Neill,Gilmore O'Neill,Editas Medicine,,,,,individual,,,,President & Chief Executive Officer,Public Health Tech company,,,,,pending,EDIT,editasmedicine.com,
Craig,Parker,Craig Parker,Surrozen,,,,,individual,,,http://www.linkedin.com/in/craig-parker-603a044,Chief Executive Officer & President,Public Health Tech company,,,,,pending,SRZN,surrozen.com,
Thad,Huston,Thad Huston,Artiva Biotherapeutics,,,,,individual,,,http://www.linkedin.com/in/thad-huston-729a17ab,Chief Financial Officer,Public Health Tech company,,,,,pending,ARTV,artivabio.com,
Junyi,Dai,Junyi Dai,Indaptus Therapeutics,,,,,individual,,,,Chief Executive Officer & Chairman,Public Health Tech company,,,,,pending,INDP,indaptusrx.com,
Yu,Ding,Yu Ding,Indaptus Therapeutics,,,,,individual,,,,Chief Financial Officer,Public Health Tech company,,,,,pending,INDP,indaptusrx.com,
Kang-Huai,Wang,Kang-Huai Wang,CapsoVision,,,,,individual,,,,President & Chief Executive Officer,Public Health Tech company,,,,,pending,CV,capsovision.com,
Kevin,Lundquist,Kevin Lundquist,CapsoVision,,,,,individual,,,http://www.linkedin.com/in/kml2244,Chief Financial Officer,Public Health Tech company,,,,,pending,CV,capsovision.com,
Erqi,Wang,Erqi Wang,Jin Medical International,,,,,individual,,,http://www.linkedin.com/in/erqi-wang-2a7094288,Chief Executive Officer,Public Health Tech company,,,,,pending,ZJYL,zhjmedical.com,
Ziqiang,Wang,Ziqiang Wang,Jin Medical International,,,,,individual,,,,Chief Financial Officer,Public Health Tech company,,,,,pending,ZJYL,zhjmedical.com,
Johan,Spoor,Johan Spoor,Perspective Therapeutics,,,,,individual,,,,Chief Executive Officer,Public Health Tech company,,,,,pending,CATX,perspectivetherapeutics.com,
Mark,Hair,Mark Hair,Treace Medical Concepts,,,,,individual,,,,Chief Financial Officer,Public Health Tech company,,,,,pending,TMCI,treace.com,
Jacob,Lalezari,Jacob Lalezari,CytoDyn,,,,,individual,,,,Chief Executive Officer,Public Health Tech company,,,,,pending,CYDY,cytodyn.com,
Robert,Hoffman,Robert Hoffman,CytoDyn,,,,,individual,,,,Chief Financial Officer,Public Health Tech company,,,,,pending,CYDY,cytodyn.com,
Gaurav,Shah,Gaurav Shah,Rocket Pharmaceuticals,,,,,individual,,,,Chief Executive Officer,Public Health Tech company,,,,,pending,RCKT,rocketpharma.com,
Aaron,Ondrey,Aaron Ondrey,Rocket Pharmaceuticals,,,,,individual,,,,Chief Financial Officer,Public Health Tech company,,,,,pending,RCKT,rocketpharma.com,
Bahram,Valamehr,Bahram Valamehr,Fate Therapeutics,,,,,individual,,,,President & Chief Executive Officer,Public Health Tech company,,,,,pending,FATE,fatetherapeutics.com,
Kamal,Adawi,Kamal Adawi,Fate Therapeutics,,,,,individual,,,,Chief Financial Officer,Public Health Tech company,,,,,pending,FATE,fatetherapeutics.com,
Michael,Egholm,Michael Egholm,Standard BioTools,,,,,individual,,,,President & Chief Executive Officer,Public Health Tech company,,,,,pending,LAB,standardbio.com,
Alex,Kim,Alex Kim,Standard BioTools,,,,,individual,,,,Chief Financial Officer,Public Health Tech company,,,,,pending,LAB,standardbio.com,
Rand,Sutherland,Rand Sutherland,Upstream Bio,,,,,individual,,,,Chief Executive Officer,Public Health Tech company,,,,,pending,UPB,upstreambio.com,
Mike,Gray,Mike Gray,Upstream Bio,,,,,individual,,,,Chief Financial Officer & Chief Operating Officer,Public Health Tech company,,,,,pending,UPB,upstreambio.com,
Jay,Duker,Jay Duker,EyePoint,,,,,individual,,,,President & Chief Executive Officer,Public Health Tech company,,,,,pending,EYPT,eyepoint.com,
George,Elston,George Elston,EyePoint,,,,,individual,,,,"Executive Vice President, Chief Financial Officer",Public Health Tech company,,,,,pending,EYPT,eyepoint.com,
Adam,Craig,Adam Craig,X4 Pharmaceuticals,,,,,individual,,,,Executive Chairman (no CEO; principal executive),Public Health Tech company,,,,,pending,XFOR,x4pharma.com,
David,Kirske,David Kirske,X4 Pharmaceuticals,,,,,individual,,,,Chief Financial Officer,Public Health Tech company,,,,,pending,XFOR,x4pharma.com,
Mark,Iwicki,Mark Iwicki,Inhibikase Therapeutics,,,,,individual,,,,Chief Executive Officer,Public Health Tech company,,,,,pending,IKT,inhibikase.com,
David,McIntyre,David McIntyre,Inhibikase Therapeutics,,,,,individual,,,,Chief Financial Officer,Public Health Tech company,,,,,pending,IKT,inhibikase.com,
Nolan,Townsend,Nolan Townsend,Lexeo Therapeutics,,,,,individual,,,,Chief Executive Officer,Public Health Tech company,,,,,pending,LXEO,lexeotx.com,
Louis,Tamayo,Louis Tamayo,Lexeo Therapeutics,,,,,individual,,,,Chief Financial Officer,Public Health Tech company,,,,,pending,LXEO,lexeotx.com,
Alex,Sapir,Alex Sapir,Fulcrum Therapeutics,,,,,individual,,,,President & Chief Executive Officer,Public Health Tech company,,,,,pending,FULC,fulcrumtx.com,
Alan,Musso,Alan Musso,Fulcrum Therapeutics,,,,,individual,,,,Chief Financial Officer,Public Health Tech company,,,,,pending,FULC,fulcrumtx.com,
Snehal,Patel,Snehal Patel,Greenwich LifeSciences,,,,,individual,,,,Chief Executive Officer & Chief Financial Officer,Public Health Tech company,,,,,pending,GLSI,greenwichlifesciences.com,
Richard,Kaiser,Richard Kaiser,BioForce Nanosciences,,,,,individual,,,,Interim Chief Executive Officer & Chief Financial Officer,Public Health Tech company,,,,,pending,BFNH,bioforceeclipse.com,
Aaron,Berg,Aaron Berg,Amarin,,,,,individual,,,,President & Chief Executive Officer,Public Health Tech company,,,,,pending,AMRN,amarincorp.com,
Peter,Fishman,Peter Fishman,Amarin,,,,,individual,,,,Chief Financial Officer,Public Health Tech company,,,,,pending,AMRN,amarincorp.com,
Martin,Zügel,Martin Zügel,AC Immune,,,,,individual,,,,Interim Chief Executive Officer,Public Health Tech company,,,,,pending,ACIU,acimmune.com,
Christopher,Roberts,Christopher Roberts,AC Immune,,,,,individual,,,,Chief Financial Officer,Public Health Tech company,,,,,pending,ACIU,acimmune.com,
Mary,Szela,Mary Szela,TriSalus Life Sciences,,,,,individual,,,,President & Chief Executive Officer,Public Health Tech company,,,,,pending,TLSI,trisaluslifesci.com,
David,Patience,David Patience,TriSalus Life Sciences,,,,,individual,,,,Chief Financial Officer,Public Health Tech company,,,,,pending,TLSI,trisaluslifesci.com,
Jane,Chung,Jane Chung,Sutro Biopharma,,,,,individual,,,,Chief Executive Officer,Public Health Tech company,,,,,pending,STRO,sutrobio.com,
Gregory,Chow,Gregory Chow,Sutro Biopharma,,,,,individual,,,,Chief Financial Officer,Public Health Tech company,,,,,pending,STRO,sutrobio.com,
Niels,Riedemann,Niels Riedemann,InflaRx,,,,,individual,,,,Chief Executive Officer,Public Health Tech company,,,,,pending,IFRX,inflarx.com,
Thomas,Taapken,Thomas Taapken,InflaRx,,,,,individual,,,,Chief Financial Officer,Public Health Tech company,,,,,pending,IFRX,inflarx.com,
Ben,Zeskind,Ben Zeskind,Immuneering,,,,,individual,,,,Co-Founder & Chief Executive Officer,Public Health Tech company,,,,,pending,IMRX,immuneering.com,
Andrew,Gengos,Andrew Gengos,Immuneering,,,,,individual,,,,Chief Financial Officer,Public Health Tech company,,,,,pending,IMRX,immuneering.com,
Carrie,Eglinton Manner,Carrie Eglinton Manner,OraSure Technologies,,,,,individual,,,,President & Chief Executive Officer,Public Health Tech company,,,,,pending,OSUR,orasure.com,
Kenneth,McGrath,Kenneth McGrath,OraSure Technologies,,,,,individual,,,,Chief Financial Officer,Public Health Tech company,,,,,pending,OSUR,orasure.com,
Kevin,Guest,Kevin Guest,USANA Health Sciences,,,,,individual,,,,Chief Executive Officer,Public Health Tech company,,,,,pending,USNA,usana.com,
Douglas,Hekking,Douglas Hekking,USANA Health Sciences,,,,,individual,,,,Chief Financial Officer,Public Health Tech company,,,,,pending,USNA,usana.com,
Steve,Griffin,Steve Griffin,Anika Therapeutics,,,,,individual,,,,Chief Executive Officer,Public Health Tech company,,,,,pending,ANIK,anika.com,
Steve,Griffin,Steve Griffin,Anika Therapeutics,,,,,individual,,,,Principal Financial Officer (CFO role vacant),Public Health Tech company,,,,,pending,ANIK,anika.com,
Julie,Eastland,Julie Eastland,Zentalis Pharmaceuticals,,,,,individual,,,,"Chief Executive Officer, President",Public Health Tech company,,,,,pending,ZNTL,zentalis.com,
Melissa,Epperly,Melissa Epperly,Zentalis Pharmaceuticals,,,,,individual,,,,Chief Financial Officer,Public Health Tech company,,,,,pending,ZNTL,zentalis.com,
Nasrat,Hakim,Nasrat Hakim,Elite Pharmaceuticals,,,,,individual,,,,"Chairman, President & Chief Executive Officer",Public Health Tech company,,,,,pending,ELTP,elitepharma.com,
Carter,Ward,Carter Ward,Elite Pharmaceuticals,,,,,individual,,,,Chief Financial Officer,Public Health Tech company,,,,,pending,ELTP,elitepharma.com,
Kevin,Lee,Kevin Lee,Bicycle Therapeutics,,,,,individual,,,,Chief Executive Officer,Public Health Tech company,,,,,pending,BCYC,bicycletherapeutics.com,
Kory,Wentworth,Kory Wentworth,Entrada Therapeutics,,,,,individual,,,http://www.linkedin.com/in/korywentworth,Chief Financial Officer & Treasurer,Public Health Tech company,,,,,pending,TRDA,entradatx.com,first
J.D.,Finley,J.D. Finley,Palisade Bio,,,,,individual,,,,Chief Executive Officer and Chief Financial Officer,Public Health Tech company,,,,,pending,PALI,palisadebio.com,
Mike,Cloonan,Mike Cloonan,Sionna Therapeutics,,,,,individual,,,http://www.linkedin.com/in/michael-cloonan-74b0bb1,President & CEO,Public Health Tech company,,,,,pending,SION,sionnatx.com,firstlast
Tyler,Zeronda,Tyler Zeronda,Yarrow Bioscience,,,,,individual,,,http://www.linkedin.com/in/tyler-zeronda-cpa-41b2ab21,Chief Financial Officer,Public Health Tech company,,,,,pending,YARW,yarrowbioscience.com,
David-Alexandre,Gros,David-Alexandre Gros,Eledon Pharmaceuticals,,,,,individual,,,http://www.linkedin.com/in/dagros,Chief Executive Officer,Public Health Tech company,,,,,pending,ELDN,eledon.com,flast
Avraham,Gabay,Avraham Gabay,Oramed Pharmaceuticals,,,,,individual,,,,Chief Financial Officer,Public Health Tech company,,,,,pending,ORMP,oramed.com,
Shao-Lee,Lin,Shao-Lee Lin,Cue Biopharma,,,,,individual,,,,"President, CEO & Director",Public Health Tech company,,,,,pending,CUE,cuebiopharma.com,
James,Ahlers,James Ahlers,Cue Biopharma,,,,,individual,,,,Chief Financial Officer,Public Health Tech company,,,,,pending,CUE,cuebiopharma.com,
Pamela,Connealy,Pamela Connealy,Pyxis Oncology,,,,,individual,,,http://www.linkedin.com/in/pamyanchik,Chief Financial Officer & Chief Operating Officer,Public Health Tech company,,,,,pending,PYXS,pyxisoncology.com,flast
Raju,Willener,Raju Willener,Veraxa Biotech,,,,,individual,,,,Chief Financial Officer,Public Health Tech company,,,,,pending,VRXA,veraxa.com,
Ken,Mobeck,Ken Mobeck,EDAP TMS,,,,,individual,,,,Chief Financial Officer,Public Health Tech company,,,,,pending,FOCL,focalone.com,firstlast
Daniel,O'Connell,Daniel O'Connell,Acumen Pharmaceuticals,,,,,individual,,,http://www.linkedin.com/in/daniel-o-connell-48b931,President & Chief Executive Officer,Public Health Tech company,,,,,pending,ABOS,acumenpharm.com,flast
Dennis,McGrath,Dennis McGrath,Lucid Diagnostics,,,,,individual,,,http://www.linkedin.com/in/dennis-mcgrath-208189,Chief Financial Officer,Public Health Tech company,,,,,pending,LUCD,luciddx.com,
Fu-Feng,Kuo,Fu-Feng Kuo,Jyong Biotech,,,,,individual,,,,Chief Executive Officer & Chairwoman,Public Health Tech company,,,,,pending,MENS,jyongbio.com,
Wei,Zhang,Wei Zhang,Jyong Biotech,,,,,individual,,,,Chief Financial Officer,Public Health Tech company,,,,,pending,MENS,jyongbio.com,
Kevin,Lundquist,Kevin Lundquist,Outlook Therapeutics,,,,,individual,,,,Chief Financial Officer,Public Health Tech company,,,,,pending,OTLK,outlooktherapeutics.com,firstlast
Michael,Kazley,Michael Kazley,Stablecoin Development Corporation,,,,,individual,,,http://www.linkedin.com/in/michael-kazley,Chairman & Chief Executive Officer,Public Health Tech company,,,,,pending,SDEV,stabledev.com,
Kath,Gallagher,Kath Gallagher,Atrium Therapeutics,,,,,individual,,,,President & Chief Executive Officer,Public Health Tech company,,,,,pending,RNA,atriumtherapeutics.com,
Brendan,Winslow,Brendan Winslow,Atrium Therapeutics,,,,,individual,,,,Chief Financial Officer,Public Health Tech company,,,,,pending,RNA,atriumtherapeutics.com,
Sriram,Ryali,Sriram Ryali,Caribou Biosciences,,,,,individual,,,,Chief Financial Officer,Public Health Tech company,,,,,pending,CRBU,cariboubio.com,last
Henry,Ji,Henry Ji,Semnur Pharmaceuticals,,,,,individual,,,,"Executive Chairman, Chief Executive Officer & President",Public Health Tech company,,,,,pending,SMNR,semnur.com,
Stephen,Ma,Stephen Ma,Semnur Pharmaceuticals,,,,,individual,,,,"Chief Operating Officer (formerly SVP, CFO)",Public Health Tech company,,,,,pending,SMNR,semnur.com,
Christine,Deister,Christine Deister,Harbor Diversified,,,,,individual,,,,Chief Executive Officer,Public Health Tech company,,,,,pending,HRBR,harbordiversified.com,
Gregg,Garvey,Gregg Garvey,Harbor Diversified,,,,,individual,,,,Chief Financial Officer,Public Health Tech company,,,,,pending,HRBR,harbordiversified.com,
Michael,Carulli,Michael Carulli,PMV Pharmaceuticals,,,,,individual,,,http://www.linkedin.com/in/michael-carulli-a29195,Chief Financial Officer,Public Health Tech company,,,,,pending,PMVP,pmvpharma.com,
Winfield,Ding,Winfield Ding,UMeWorld,,,,,individual,,,,Chief Financial Officer,Public Health Tech company,,,,,pending,UMEW,umeworld.com,
David,Lazar,David Lazar,Quantum Cyber,,,,,individual,,,,Chief Executive Officer,Public Health Tech company,,,,,pending,QUCY,quantum-cyber.ai,
John,Friend,John Friend,Kazia Therapeutics,,,,,individual,,,http://www.linkedin.com/in/john-friend-6747872,Chief Executive Officer,Public Health Tech company,,,,,pending,KZIA,kaziatherapeutics.com,
Steven,Lo,Steven Lo,Vaxart,,,,,individual,,,,President & Chief Executive Officer,Public Health Tech company,,,,,pending,VXRT,vaxart.com,
Jeroen,Grasman,Jeroen Grasman,Vaxart,,,,,individual,,,http://www.linkedin.com/in/jeroen-grasman-2763b02,Chief Financial Officer,Public Health Tech company,,,,,pending,VXRT,vaxart.com,
Daniel,Reis-Faria,Daniel Reis-Faria,ZeroStack,,,,,individual,,,,Chief Executive Officer,Public Health Tech company,,,,,pending,ZSTK,zerostack.ai,
Mike,Fox,Mike Fox,electroCore,,,,,individual,,,,Co-Chief Executive Officer,Public Health Tech company,,,,,pending,ECOR,electrocore.com,
Leonard,Mazur,Leonard Mazur,Citius Oncology,,,,,individual,,,,Chairman & Chief Executive Officer,Public Health Tech company,,,,,pending,CTOR,citiusonc.com,
Hong,Li,Hong Li,BGM Group,,,,,individual,,,,Co-Chief Executive Officer,Public Health Tech company,,,,,pending,BGM,bgmgroupltd.com,
Yaxuan,Zhai,Yaxuan Zhai,BGM Group,,,,,individual,,,,Chief Financial Officer,Public Health Tech company,,,,,pending,BGM,bgmgroupltd.com,
Joshua,Muntner,Joshua Muntner,Cardiff Oncology,,,,,individual,,,,Chief Financial Officer,Public Health Tech company,,,,,pending,CRDF,cardiffoncology.com,
Gerald,Goodman,Gerald Goodman,Nutriband,,,,,individual,,,,Chief Financial Officer,Public Health Tech company,,,,,pending,NTRB,nutriband.com,
Michael,Cavanaugh,Michael Cavanaugh,Range Impact,,,,,individual,,,http://www.linkedin.com/in/michael-cavanaugh-b53a0323,Chief Executive Officer,Public Health Tech company,,,,,pending,RNGE,rangeimpact.com,
Patricia,Missal,Patricia Missal,Range Impact,,,,,individual,,,,Chief Financial Officer,Public Health Tech company,,,,,pending,RNGE,rangeimpact.com,
Michael,Rossi,Michael Rossi,LENSAR,,,,,individual,,,,Interim Chief Financial Officer,Public Health Tech company,,,,,pending,LNSR,lensar.com,
Kevin,Sarney,Kevin Sarney,Atara Biotherapeutics,,,,,individual,,,,Interim Chief Financial Officer,Public Health Tech company,,,,,pending,ATRA,atarabio.com,
Alan,Weichselbaum,Alan Weichselbaum,Telomir Pharmaceuticals,,,,,individual,,,,Chief Financial Officer,Public Health Tech company,,,,,pending,TELO,telomir.com,
Terrence,Moorehead,Terrence Moorehead,LifeVantage,,,,,individual,,,,President & Chief Executive Officer,Public Health Tech company,,,,,pending,LFVN,lifevantage.com,
Keeren,Shah,Keeren Shah,OKYO Pharma,,,,,individual,,,,Chief Financial Officer,Public Health Tech company,,,,,pending,OKYO,okyopharma.com,
Vlad,Vitoc,Vlad Vitoc,MAIA Biotechnology,,,,,individual,,,,Chief Executive Officer & President,Public Health Tech company,,,,,pending,MAIA,maiabiotech.com,
Jeffrey,Himmelreich,Jeffrey Himmelreich,MAIA Biotechnology,,,,,individual,,,,Head of Finance & Principal Financial Officer,Public Health Tech company,,,,,pending,MAIA,maiabiotech.com,
Chris,Giordano,Chris Giordano,Tenax Therapeutics,,,,,individual,,,,President & Chief Executive Officer,Public Health Tech company,,,,,pending,TENX,tenax.com,
Thomas,Staab,Thomas Staab,Tenax Therapeutics,,,,,individual,,,,Chief Financial Officer,Public Health Tech company,,,,,pending,TENX,tenax.com,
Brian,Windsor,Brian Windsor,Rein Therapeutics,,,,,individual,,,,President & Chief Executive Officer,Public Health Tech company,,,,,pending,RNTX,reintx.com,
Timothy,Cunningham,Timothy Cunningham,Rein Therapeutics,,,,,individual,,,,Interim Chief Financial Officer,Public Health Tech company,,,,,pending,RNTX,reintx.com,
Erez,Raphael,Erez Raphael,DarioHealth,,,,,individual,,,,Chief Executive Officer,Public Health Tech company,,,,,pending,DRIO,dariohealth.com,
Chen,Franco-Yehuda,Chen Franco-Yehuda,DarioHealth,,,,,individual,,,,Chief Financial Officer,Public Health Tech company,,,,,pending,DRIO,dariohealth.com,
Bernard,Coulie,Bernard Coulie,Pliant Therapeutics,,,,,individual,,,,President & Chief Executive Officer,Public Health Tech company,,,,,pending,PLRX,pliantrx.com,
Keith,Cummings,Keith Cummings,Pliant Therapeutics,,,,,individual,,,,Chief Financial Officer,Public Health Tech company,,,,,pending,PLRX,pliantrx.com,
Chen,Schor,Chen Schor,Adicet Bio,,,,,individual,,,,President & Chief Executive Officer,Public Health Tech company,,,,,pending,ACET,adicetbio.com,
Nick,Harvey,Nick Harvey,Adicet Bio,,,,,individual,,,,Chief Financial Officer,Public Health Tech company,,,,,pending,ACET,adicetbio.com,
Sushma,Shivaswamy,Sushma Shivaswamy,XBiotech,,,,,individual,,,,Interim CEO & Chief Scientific Officer,Public Health Tech company,,,,,pending,XBIT,xbiotech.com,
Angela,Hu,Angela Hu,XBiotech,,,,,individual,,,,"Interim Chief Financial Officer (Director of Finance, Principal Financial Officer)",Public Health Tech company,,,,,pending,XBIT,xbiotech.com,
Rob,Brainin,Rob Brainin,Champions Oncology,,,,,individual,,,,Chief Executive Officer,Public Health Tech company,,,,,pending,CSBR,championsoncology.com,
David,Miller,David Miller,Champions Oncology,,,,,individual,,,,Chief Financial Officer,Public Health Tech company,,,,,pending,CSBR,championsoncology.com,
Jennifer,Bath,Jennifer Bath,MindWalk,,,,,individual,,,,Chief Executive Officer & President,Public Health Tech company,,,,,pending,HYFT,mindwalk.ai,
Scott,Areglado,Scott Areglado,MindWalk,,,,,individual,,,,Chief Financial Officer,Public Health Tech company,,,,,pending,HYFT,mindwalk.ai,
Thomas,Davis,Thomas Davis,Viskase,,,,,individual,,,,Chief Executive Officer,Public Health Tech company,,,,,pending,VISK,viskase.com,
Michael,Blecic,Michael Blecic,Viskase,,,,,individual,,,,Chief Financial Officer,Public Health Tech company,,,,,pending,VISK,viskase.com,
McAndrew,Rudisill,McAndrew Rudisill,Forum Markets,,,,,individual,,,,Executive Chairman & Chief Executive Officer,Public Health Tech company,,,,,pending,FRMM,forum-markets.com,
John,Saunders,John Saunders,Forum Markets,,,,,individual,,,,Chief Financial Officer,Public Health Tech company,,,,,pending,FRMM,forum-markets.com,
Craig,Collard,Craig Collard,Heron Therapeutics,,,,,individual,,,,Chief Executive Officer,Public Health Tech company,,,,,pending,HRTX,herontx.com,
Ira,Duarte,Ira Duarte,Heron Therapeutics,,,,,individual,,,,Executive Vice President & Chief Financial Officer,Public Health Tech company,,,,,pending,HRTX,herontx.com,
Jennifer,Buell,Jennifer Buell,MiNK Therapeutics,,,,,individual,,,,President & Chief Executive Officer,Public Health Tech company,,,,,pending,INKT,minktherapeutics.com,
Melissa,Orilall,Melissa Orilall,MiNK Therapeutics,,,,,individual,,,,Chief Financial Officer,Public Health Tech company,,,,,pending,INKT,minktherapeutics.com,
Sandy,Macrae,Sandy Macrae,Sangamo Therapeutics,,,,,individual,,,,Chief Executive Officer,Public Health Tech company,,,,,pending,SGMOQ,sangamo.com,
Nikunj,Jain,Nikunj Jain,Sangamo Therapeutics,,,,,individual,,,,Interim Chief Financial Officer,Public Health Tech company,,,,,pending,SGMOQ,sangamo.com,
Andrew,Oxtoby,Andrew Oxtoby,Kalaris Therapeutics,,,,,individual,,,,President & Chief Executive Officer,Public Health Tech company,,,,,pending,KLRS,kalaristx.com,
Liisa,Bayko,Liisa Bayko,Kalaris Therapeutics,,,,,individual,,,,Chief Financial Officer,Public Health Tech company,,,,,pending,KLRS,kalaristx.com,
Vincent,Angotti,Vincent Angotti,Talphera,,,,,individual,,,,Chief Executive Officer,Public Health Tech company,,,,,pending,TLPH,talphera.com,
Raffi,Asadorian,Raffi Asadorian,Talphera,,,,,individual,,,,Chief Financial Officer,Public Health Tech company,,,,,pending,TLPH,talphera.com,
David,Jorden,David Jorden,Nuo Therapeutics,,,,,individual,,,,Chief Executive Officer & Chief Financial Officer,Public Health Tech company,,,,,pending,AURX,nuot.com,
Geordan,Pursglove,Geordan Pursglove,Nomad Power Solutions,,,,,individual,,,,"Chairman, President & Chief Executive Officer",Public Health Tech company,,,,,pending,NMAD,nomadpower.com,
Peter,Stazzone,Peter Stazzone,Nomad Power Solutions,,,,,individual,,,,Chief Financial Officer,Public Health Tech company,,,,,pending,NMAD,nomadpower.com,
Sumit,Aggarwal,Sumit Aggarwal,Eloxx Pharmaceuticals,,,,,individual,,,,President & Chief Executive Officer,Public Health Tech company,,,,,pending,ELOX,eloxxpharma.com,
Daniel,Geffken,Daniel Geffken,Eloxx Pharmaceuticals,,,,,individual,,,,Interim Chief Financial Officer,Public Health Tech company,,,,,pending,ELOX,eloxxpharma.com,
Denise,Scots-Knight,Denise Scots-Knight,Mereo BioPharma,,,,,individual,,,,Chief Executive Officer,Public Health Tech company,,,,,pending,MREO,mereobiopharma.com,
Christine,Fox,Christine Fox,Mereo BioPharma,,,,,individual,,,,Chief Financial Officer,Public Health Tech company,,,,,pending,MREO,mereobiopharma.com,
Michael,McGarrity,Michael McGarrity,MDxHealth,,,,,individual,,,,Chief Executive Officer,Public Health Tech company,,,,,pending,MDXH,mdxhealth.com,
Ron,Kalfus,Ron Kalfus,MDxHealth,,,,,individual,,,,Interim Chief Financial Officer,Public Health Tech company,,,,,pending,MDXH,mdxhealth.com,
Rene,Russo,Rene Russo,Xilio Therapeutics,,,,,individual,,,,President & Chief Executive Officer,Public Health Tech company,,,,,pending,XLO,xiliotx.com,
Christopher,Frankenfield,Christopher Frankenfield,Xilio Therapeutics,,,,,individual,,,,Chief Financial Officer & Chief Operating Officer,Public Health Tech company,,,,,pending,XLO,xiliotx.com,
Rob,Etherington,Rob Etherington,Clene,,,,,individual,,,,President & Chief Executive Officer,Public Health Tech company,,,,,pending,CLNN,clene.com,
Morgan,Brown,Morgan Brown,Clene,,,,,individual,,,,Chief Financial Officer,Public Health Tech company,,,,,pending,CLNN,clene.com,
Hyunsu,Jung,Hyunsu Jung,Hyperion DeFi,,,,,individual,,,,Chief Executive Officer,Public Health Tech company,,,,,pending,HYPD,hyperiondefi.com,
David,Knox,David Knox,Hyperion DeFi,,,,,individual,,,,Chief Financial Officer,Public Health Tech company,,,,,pending,HYPD,hyperiondefi.com,
Adel,Abdullah,Adel Abdullah,Positron,,,,,individual,,,,President & Chairman (Principal Executive & Financial Officer),Public Health Tech company,,,,,pending,POSC,positron.com,
Guus,Franke,Guus Franke,Circle8 Group,,,,,individual,,,,Chief Executive Officer,Public Health Tech company,,,,,pending,CIRC,circle8group.com,
Kevin,Murphy,Kevin Murphy,Circle8 Group,,,,,individual,,,,Chief Financial Officer,Public Health Tech company,,,,,pending,CIRC,circle8group.com,
Leslie,Trigg,Leslie Trigg,Outset Medical,,,,,individual,,,,"Chair, President & Chief Executive Officer",Public Health Tech company,,,,,pending,OM,outsetmedical.com,
Renee,Gaeta,Renee Gaeta,Outset Medical,,,,,individual,,,,Chief Financial Officer,Public Health Tech company,,,,,pending,OM,outsetmedical.com,
Zachary,Hornby,Zachary Hornby,Boundless Bio,,,,,individual,,,,President & Chief Executive Officer,Public Health Tech company,,,,,pending,BOLD,boundlessbio.com,
David,Hinkle,David Hinkle,Boundless Bio,,,,,individual,,,,Senior Vice President & Principal Financial Officer,Public Health Tech company,,,,,pending,BOLD,boundlessbio.com,
Maria,Maccecchini,Maria Maccecchini,Annovis Bio,,,,,individual,,,,"Founder, President, Chief Executive Officer & Acting Chief Financial Officer",Public Health Tech company,,,,,pending,ANVS,annovisbio.com,
David,Moss,David Moss,INmune Bio,,,,,individual,,,,Chief Executive Officer,Public Health Tech company,,,,,pending,INMB,inmunebio.com,
Cory,Ellspermann,Cory Ellspermann,INmune Bio,,,,,individual,,,,Chief Financial Officer,Public Health Tech company,,,,,pending,INMB,inmunebio.com,
Jason,Matuszewski,Jason Matuszewski,BioStem Technologies,,,,,individual,,,,Chief Executive Officer,Public Health Tech company,,,,,pending,BSEM,biostemtechnologies.com,
Brent,Lucas,Brent Lucas,Envoy Medical,,,,,individual,,,,Chief Executive Officer,Public Health Tech company,,,,,pending,COCH,envoymedical.com,
Robert,Potashnick,Robert Potashnick,Envoy Medical,,,,,individual,,,,Chief Accounting Officer & Vice President of Finance (principal financial officer),Public Health Tech company,,,,,pending,COCH,envoymedical.com,
Erez,Meltzer,Erez Meltzer,Nano-X Imaging,,,,,individual,,,,Chief Executive Officer,Public Health Tech company,,,,,pending,NNOX,nanox.vision,
Guy,Nathanzon,Guy Nathanzon,Nano-X Imaging,,,,,individual,,,,Chief Financial Officer,Public Health Tech company,,,,,pending,NNOX,nanox.vision,
Kevin,Hykes,Kevin Hykes,CVRx,,,,,individual,,,,President & Chief Executive Officer,Public Health Tech company,,,,,pending,CVRX,cvrx.com,
Jared,Oasheim,Jared Oasheim,CVRx,,,,,individual,,,,Chief Financial Officer (successor John Landry starts after Q3 2026 10-Q),Public Health Tech company,,,,,pending,CVRX,cvrx.com,
Kristin,Yarema,Kristin Yarema,ImageneBio,,,,,individual,,,,Chief Executive Officer & Interim Principal Financial Officer,Public Health Tech company,,,,,pending,IMA,imagenebio.com,
Vincent,Capone,Vincent Capone,Spectral AI,,,,,individual,,,,Chief Executive Officer,Public Health Tech company,,,,,pending,MDAI,spectral-ai.com,
David,McGuire,David McGuire,Spectral AI,,,,,individual,,,,Chief Financial Officer,Public Health Tech company,,,,,pending,MDAI,spectral-ai.com,
Sean,Browne,Sean Browne,Xtant Medical,,,,,individual,,,,President & Chief Executive Officer,Public Health Tech company,,,,,pending,XTNT,xtantmedical.com,
Scott,Neils,Scott Neils,Xtant Medical,,,,,individual,,,,Chief Financial Officer,Public Health Tech company,,,,,pending,XTNT,xtantmedical.com,
