ticker,company_name
EMBC,Embecta Corp.
SMTI,Sanara MedTech Inc.
ZJYL,JIN MEDICAL INTERNATIONAL LTD.
PRLD,Prelude Therapeutics Incorporated
BBOT,"BridgeBio Oncology Therapeutics, Inc."
MOBI,"Mobia Medical, Inc."
IPSC,"Century Therapeutics, Inc."
CATX,"Perspective Therapeutics, Inc."
EVMN,"Evommune, Inc."
VNDA,Vanda Pharmaceuticals Inc.
ABEO,Abeona Therapeutics Inc.
SABS,"SAB Biotherapeutics, Inc."
TMCI,"Treace Medical Concepts, Inc."
CYDY,CytoDyn Inc.
RCKT,"Rocket Pharmaceuticals, Inc."
FATE,"Fate Therapeutics, Inc."
LAB,Standard BioTools Inc.
UPB,"Upstream Bio, Inc."
EYPT,"EyePoint, Inc."
XFOR,"X4 Pharmaceuticals, Inc."
IKT,"Inhibikase Therapeutics, Inc."
LXEO,"Lexeo Therapeutics, Inc."
FULC,"Fulcrum Therapeutics, Inc."
GLSI,"Greenwich LifeSciences, Inc."
BFNH,"BioForce Nanosciences Holdings, Inc."
